exerciseStableKey,exerciseName,sourceStableKey,relationCount,primaryCount,secondaryCount,stabilizerCount,sourceProfileSha256,reconciliationAction,status
band_lift,밴드 리프트,band_lift,5,5,0,0,5665e7dc896fd3f1f25e0014e6979bbf8ea10b4c99399015cd8ca5944d154bed,PRESERVE_UNCHANGED,PASS
band_pallof_press,밴드 팔로프 프레스,ex_99728d25,3,3,0,0,2b4693da752d4e2711fdbef92264e189a22f55f9cb6bbcc8da5fac8335a00218,INHERIT_UNCHANGED,PASS
band_woodchop,밴드 우드찹,band_woodchop,5,5,0,0,a1affd1b8ec17ae5544e6ed2fbf145ca4f3a448e251ccab996c4f31c4e95d25f,PRESERVE_UNCHANGED,PASS
barbell_back_squat,스쿼트,barbell_back_squat,4,4,0,0,5ede766ca5f6809176da15fc2867ed98394589a71a36f49c22969eb37dba0cac,PRESERVE_UNCHANGED,PASS
barbell_bench_press,벤치프레스,barbell_bench_press,4,3,1,0,49ea5a6993423e575a5a3ebed7b20a390ead35d032263f601233bfe026785ce3,PRESERVE_UNCHANGED,PASS
barbell_deadlift,데드리프트,barbell_deadlift,5,5,0,0,a4c1a731220e31f854a705b4dfe3fd07aa731c26682fbc78965aab96f8c6490d,PRESERVE_UNCHANGED,PASS
barbell_reverse_curl,바벨 리버스 컬,ex_dd2f732e,4,3,1,0,4c224533dcbd203a6faeab691223d9e832eefa913cbc96153fe4efa1195163b5,INHERIT_UNCHANGED,PASS
barbell_reverse_wrist_curl,바벨 리버스 리스트 컬,ex_8e18b02a,3,2,1,0,047ded708cc7a0019e140d03cfb7ded20931f27ec1c54c1139b53a50cbc60b72,INHERIT_UNCHANGED,PASS
barbell_romanian_deadlift,루마니안 바벨 데드리프트,barbell_romanian_deadlift,5,2,3,0,4c8ecc91c361031f1e85f50ba83cb12d030cd31ab294669d38e12a6362aeeb9f,PRESERVE_UNCHANGED,PASS
cable_hip_adduction,케이블 힙 어덕션,ex_eaea872c,3,3,0,0,4d97bf6412a99db394b4d573c9cdb9b7bd9d7e6904f80828d8fa33300468d042,INHERIT_UNCHANGED,PASS
cable_lift,케이블 리프트,cable_lift,5,5,0,0,02f997f4b2fb839be0ade667097babc0c22e963a68347c00234f669b3769942e,PRESERVE_UNCHANGED,PASS
cable_overhead_triceps_extension,케이블 오버헤드 트라이셉스 익스텐션,ex_a9e8859c,3,3,0,0,f39a91cd3e3a436d6f20bb563464237a2027941bc60389e20525c11be02a4bf9,INHERIT_UNCHANGED,PASS
cable_pallof_press,케이블 팔로프 프레스,ex_99728d25,3,3,0,0,2b4693da752d4e2711fdbef92264e189a22f55f9cb6bbcc8da5fac8335a00218,INHERIT_UNCHANGED,PASS
cable_rear_delt_fly,케이블 리어델트 플라이,ex_7176cbee,4,4,0,0,1197b18ff1c500855a630de7b67332a0115af7a4b80638d1d32420cd79a69c1d,INHERIT_UNCHANGED,PASS
cable_woodchop,케이블 우드찹,cable_woodchop,5,5,0,0,409f2ade820aa95d6be7e030c344a92444d79f8043093812de78fb496fafe1b5,PRESERVE_UNCHANGED,PASS
chest_supported_row_machine,체스트 서포티드 로우 머신,ex_8e51640a,5,4,1,0,2293e64ba1d2c4741b634ef7b5896abd5f4be48245bc8af85b65214cc3559b45,INHERIT_UNCHANGED,PASS
dumbbell_chest_supported_row,덤벨 체스트 서포티드 로우,ex_8e51640a,5,4,1,0,2293e64ba1d2c4741b634ef7b5896abd5f4be48245bc8af85b65214cc3559b45,INHERIT_UNCHANGED,PASS
dumbbell_farmer_carry,덤벨 파머스 캐리,ex_a1fc4533,2,2,0,0,62bb88ee7e8b7a2d977dbac693f081935419d3ebefe0322ceb467eeeb4c630ae,INHERIT_UNCHANGED,PASS
dumbbell_goblet_squat,덤벨 고블릿 스쿼트,ex_ac7df636,1,1,0,0,35c29113e35314eb7d0b5690c2cc1fc50039a829d2b4ad22817ca1a544c9b7ed,INHERIT_UNCHANGED,PASS
dumbbell_lying_triceps_extension,덤벨 라잉 트라이셉스 익스텐션,ex_d20b7487,4,3,1,0,a57ba1eee8be0efff81b4b406cdef22e6d2228f34158f0530b067f58a4cf7a29,INHERIT_UNCHANGED,PASS
dumbbell_overhead_triceps_extension,덤벨 오버헤드 트라이셉스 익스텐션,ex_a9e8859c,3,3,0,0,f39a91cd3e3a436d6f20bb563464237a2027941bc60389e20525c11be02a4bf9,INHERIT_UNCHANGED,PASS
dumbbell_preacher_curl,덤벨 프리처 컬,ex_e994008a,3,2,1,0,1b2e84cf09a413b851e4076c5055f1372ecd5e10319df8974d3808006d6e5038,INHERIT_UNCHANGED,PASS
dumbbell_rear_delt_fly,덤벨 리어델트 플라이,ex_7176cbee,4,4,0,0,1197b18ff1c500855a630de7b67332a0115af7a4b80638d1d32420cd79a69c1d,INHERIT_UNCHANGED,PASS
dumbbell_reverse_wrist_curl,덤벨 리버스 리스트 컬,ex_8e18b02a,3,2,1,0,047ded708cc7a0019e140d03cfb7ded20931f27ec1c54c1139b53a50cbc60b72,INHERIT_UNCHANGED,PASS
dumbbell_romanian_deadlift,루마니안 덤벨 데드리프트,dumbbell_romanian_deadlift,5,2,3,0,773d0afce4d477db7fb228584d129d9a5cc10238616ef4d8e357816128bb6ba6,PRESERVE_UNCHANGED,PASS
dumbbell_single_leg_rdl,덤벨 원레그 루마니안 데드리프트,single_leg_rdl,4,2,2,0,5a737bff87fcefcf0acd7ee47e9854ed58682320194b50d7a6ec404b2bcc2bc8,INHERIT_UNCHANGED,PASS
dumbbell_spider_curl,덤벨 스파이더 컬,ex_516f4456,4,3,1,0,db6471bf0ebc1f2c6f981f5920ca0cd6f207a64ba637570fcae2a06293e360ea,INHERIT_UNCHANGED,PASS
dumbbell_woodchop,덤벨 우드찹,dumbbell_woodchop,5,5,0,0,99d0dca2f8ebc7b32a84268b3a6b63fed4aea72f5b6ec87828a739335254b648,PRESERVE_UNCHANGED,PASS
ex_1052e9fa,스미스 머신 런지,ex_1052e9fa,5,4,1,0,3504010f62671367047f76c72a69a7c2be8e13e29bc730fa3c063fe743271d9c,PRESERVE_UNCHANGED,PASS
ex_149730de,발목/고관절 가동성,ex_149730de,2,1,1,0,4aba3836747b6c4b37bbf41556e93213ea224b74f9897255aa805c96e45eab8c,PRESERVE_UNCHANGED,PASS
ex_16b298db,미니밴드 사이드워크,ex_16b298db,3,3,0,0,6e81781af846afabf4c607efb56f6a62c142a7a3d7e514a4fd206e9ca48601c7,PRESERVE_UNCHANGED,PASS
ex_1a4858d7,농구,ex_1a4858d7,5,5,0,0,7f0dcee2983e42c48d6a13802ce12e8efc7baaaa0844b02d18e09ca687f148a0,PRESERVE_UNCHANGED,PASS
ex_1a4bbdcf,축구,ex_1a4bbdcf,5,5,0,0,6cd2b905d146165c035179d6575e644f883460f2d1ca967d8410654111299ec9,PRESERVE_UNCHANGED,PASS
ex_1c7f2342,랜덤 풋워크,ex_1c7f2342,1,1,0,0,d48dd4f7dc60ec90956b6b8361cd517477274c7d91b7b2f729ef0839614fc4c8,PRESERVE_UNCHANGED,PASS
ex_1cf51b6b,노르딕 햄스트링 컬,ex_1cf51b6b,2,1,1,0,825a3df90c8332f34fa37f8fab0b856fe7ad752a71734336517aa0a946a433fb,PRESERVE_UNCHANGED,PASS
ex_1dbee10e,머신 체스트프레스,ex_1dbee10e,5,4,1,0,84be44a6c14bc7c8a8468e0cc367f043419f0c9da7f96840c1d472795dbb31da,PRESERVE_UNCHANGED,PASS
ex_2055b629,애질리티 래더,ex_2055b629,1,1,0,0,1fe783de495c58c67aa6205dd8438b1653f8547fe6dec264d9a2f38b4f79513b,PRESERVE_UNCHANGED,PASS
ex_216351a1,가벼운 콕줍기,ex_216351a1,1,1,0,0,fe5463aa6d8924b715fcb01378d647463da0620ae05b4a7414c13a650800f805,PRESERVE_UNCHANGED,PASS
ex_27b3deb5,클로즈그립 벤치프레스,ex_27b3deb5,5,4,1,0,e7a030bf7abc738eb880da155d76506eeba6f8b27e298c820cd07fa3228c06f5,PRESERVE_UNCHANGED,PASS
ex_281347da,덤벨 컬,ex_281347da,3,2,1,0,87d00aed9e9c52f5a0a39171347bd2798e6bfa59bb2288de0e707a98f8cbd174,PRESERVE_UNCHANGED,PASS
ex_2822ec2e,레그 컬,ex_2822ec2e,3,3,0,0,d1df489b5adf4f55760abe535d35745fb8184148d133d0b24eae8c08b88baf19,PRESERVE_UNCHANGED,PASS
ex_282a9d87,링 로우,ex_282a9d87,5,5,0,0,93b2b661495ff018ec973781170ba2155fcc25e53463af5ab05bbe9c570097b9,PRESERVE_UNCHANGED,PASS
ex_28347c1f,버드독,ex_28347c1f,3,3,0,0,f73fc93b90937a2bcc56cf4e71bae4a963148020b782da14f154e8b6d6228184,PRESERVE_UNCHANGED,PASS
ex_284ecca6,슈퍼맨,ex_284ecca6,6,5,1,0,2344c46f878094ce63d43c87bf7602836221ae6f3679c49821c0dd90359343c9,PRESERVE_UNCHANGED,PASS
ex_28902b13,푸시업,ex_28902b13,4,4,0,0,6cd427b21d58a0f3fecf083f77de8ade9559544b443a57ca59da4305f167e1b2,PRESERVE_UNCHANGED,PASS
ex_2892da5a,해머 컬,ex_2892da5a,3,2,1,0,9a919f34de8638000e6722e308edeca5d133db980a40d9093fe101b3ae88edff,PRESERVE_UNCHANGED,PASS
ex_2a826c82,할로우 바디 홀드,ex_2a826c82,1,1,0,0,5e412d22060273864e54fc5fcf420f83739e287d1492c51e5611500ab6475c8b,PRESERVE_UNCHANGED,PASS
ex_2f3b56d0,테니스,ex_2f3b56d0,5,5,0,0,e6ce6841f01c2e455127879221a2960a980960a1eed10bdac7a5893bebe96caf,PRESERVE_UNCHANGED,PASS
ex_30a0e9aa,원암 덤벨 로우,ex_30a0e9aa,4,4,0,0,28dc92578aa48e6fefc8f844c39ff92f01d122b1770efcbc0664adc3e703616c,PRESERVE_UNCHANGED,PASS
ex_314df428,원레그 홉 투 스틱,ex_314df428,4,3,1,0,0e2f927ed2b3805d1f8171f8c43922e87d25dd66f842d42f88fda7a7f688d9f7,PRESERVE_UNCHANGED,PASS
ex_32219f7a,오버헤드 프레스,ex_32219f7a,3,3,0,0,75a21fc80387474396c38416aada9b6f09adf53cff63046cf9f0c246066d99bb,PRESERVE_UNCHANGED,PASS
ex_32eb8457,원암 랫풀다운,ex_32eb8457,3,3,0,0,52f84ee6f13d5a1826472b277faef5ecd6bc40b54a1322031993bc2a018c7369,PRESERVE_UNCHANGED,PASS
ex_33841b88,6코너 풋워크,ex_33841b88,1,1,0,0,b3ca8ba381d94cde4249cec0d0946df8a4e687dacfdb447e459cf32045f8ceeb,PRESERVE_UNCHANGED,PASS
ex_33d2da8e,원암 머신 로우,ex_33d2da8e,4,3,1,0,29ca3f02a2aefc6dfdd597896702a908720bc21097ab0764012a5b12ef76a1c6,PRESERVE_UNCHANGED,PASS
ex_34e7d21,래터럴 바운드 투 스틱,ex_34e7d21,4,3,1,0,254f13e5ce5b3daddc5b164f5d213d666b5edd269c623453f384d82a35ce9e82,PRESERVE_UNCHANGED,PASS
ex_377448a9,스플릿 스텝 후 좌우 런지,ex_377448a9,1,1,0,0,d72cefc1b76050f99e604263cd40a49cc6375f17c29e188222338c35f27c37bd,PRESERVE_UNCHANGED,PASS
ex_389920ab,글루트 브릿지,ex_389920ab,4,4,0,0,ccdaea1b003d2721910c9811bd5cecbaa936f4f3d1ce0820c8a9f105adf00039,PRESERVE_UNCHANGED,PASS
ex_389e0556,원암 덤벨 벤치프레스,ex_389e0556,4,4,0,0,d002c01a1954a3f304b815389a4ef03dd0dbecd437c0ad18a92f513cf9151e75,PRESERVE_UNCHANGED,PASS
ex_3a7d3eda,덤벨 벤치프레스,ex_3a7d3eda,4,3,1,0,06d62b2378b57f178a6af886ec6d57b84f07e839ab7dfc689042f2326bcc0c79,PRESERVE_UNCHANGED,PASS
ex_3c3692aa,케이블 원암 로우,ex_3c3692aa,4,4,0,0,14b18d72a77a5ac0a5f824cda32ae78dc3b3ae5a1c58102367534cdfdcfddd8a,PRESERVE_UNCHANGED,PASS
ex_3caa236b,파이크 푸시업,ex_3caa236b,5,5,0,0,7ab4929121e40044bc9e79e5972491176034d5206a207c4e8a5215fd02e04225,PRESERVE_UNCHANGED,PASS
ex_3d5719de,원암 케이블 컬,ex_3d5719de,3,3,0,0,5f072f4b121f5eee99ab9eb150effc0d582853d833c96aa1f8f41d8643895c2d,PRESERVE_UNCHANGED,PASS
ex_3f184ef9,버피,ex_3f184ef9,1,1,0,0,536fc295ba1a1c4931856a7841ff483588bd9c453a78ab2722f90a475dc5a597,PRESERVE_UNCHANGED,PASS
ex_40fa57be,원암 케이블 하이 로우,ex_40fa57be,3,3,0,0,35ae4e818f3b80ff22668c2940d6c07bbac54583207dd72c949d899a65b9d586,PRESERVE_UNCHANGED,PASS
ex_421ba24b,좌우 랜덤 콕줍기,ex_421ba24b,1,1,0,0,1df25cdeae03ff48b4a48a629b9f1981a50b1d342602775c3b651baf6eaec1f2,PRESERVE_UNCHANGED,PASS
ex_4255e429,앞뒤 랜덤 콕줍기,ex_4255e429,1,1,0,0,3c7a95c84badd25811b0ce42cc17b22e67329b0fe734f2e0202d09ca087626f9,PRESERVE_UNCHANGED,PASS
ex_442617f6,원암 케이블 플라이,ex_442617f6,4,4,0,0,56a854899828b2f768308c396f38e405be06e9a977a3f01bde37e9730dd37d81,PRESERVE_UNCHANGED,PASS
ex_462c760e,체스트 서포티드 원암 머신 로우,ex_462c760e,3,1,2,0,079b124fd87a4d0f63859a5d07a689158520a9fd995eea50b1621d8708d72a15,PRESERVE_UNCHANGED,PASS
ex_4773b6ea,린단 참고 트랙 스프린트,ex_4773b6ea,1,1,0,0,98d5a5e26d11c9a9a4d9152cb02ccf233f5e0ec3067c5488f06479cfcfb82a70,PRESERVE_UNCHANGED,PASS
ex_4aa3725a,머신 숄더프레스,ex_4aa3725a,4,4,0,0,0978fd8408f1bf817b62871f7e6e547fdf1c2826a8fdead0f6e344214dd65e0f,PRESERVE_UNCHANGED,PASS
ex_4c76dbb2,케이블 풀스루,ex_4c76dbb2,4,4,0,0,f7868289e45ecd4ea2a83b6099fcdb9fbe8e538d42e7769968bb68362a24b1dc,PRESERVE_UNCHANGED,PASS
ex_4c779df2,케이블 플라이,ex_4c779df2,3,3,0,0,c0c8503988c16ee528afadca7243d8b45e3d810a461e3ed10433e7a006eba24f,PRESERVE_UNCHANGED,PASS
ex_5004ca76,린단 참고 페이스 체인지 풋워크,ex_5004ca76,1,1,0,0,12ad2e9eb48b7e91f65db27a252a01f27e7fcf400b8092ac743e5ca04f82b677,PRESERVE_UNCHANGED,PASS
ex_5322f2d1,원암 케이블 트라이셉스 푸시다운,ex_5322f2d1,3,1,2,0,f5af23fb111ddb2b0ed8906eed3878282917930111d5df5b429d6d959b13ce42,PRESERVE_UNCHANGED,PASS
ex_5c8751d2,시티드 카프 레이즈,ex_5c8751d2,2,1,1,0,86d11023ce72126cd1bf3f5ff29308d7996749577ec3913cb14062f7e79e6a1d,PRESERVE_UNCHANGED,PASS
ex_5ca7133f,원레그 카프 레이즈,ex_5ca7133f,2,1,1,0,d2ccd18f786c16aa932da4b74778528f9e55d25edb61ae5f2908466297d7cb7b,PRESERVE_UNCHANGED,PASS
ex_6232f4bc,박스 스텝업,ex_6232f4bc,2,2,0,0,25f1b4a258ff001c17d75ec8b9235a3599af28d962690b7079008083dbc6781d,PRESERVE_UNCHANGED,PASS
ex_64422511,랜덤 방향전환 드릴,ex_64422511,1,1,0,0,e31364eac09c984cb320746d58df96efe50864f78514aa25985e0edad25a98a6,PRESERVE_UNCHANGED,PASS
ex_644e0f9d,V업,ex_644e0f9d,1,1,0,0,552d066f9f948025e012e8d30f580652757195707dc67d81442ea4471f0905d7,PRESERVE_UNCHANGED,PASS
ex_6463edad,딥스,ex_6463edad,4,4,0,0,e6d61daf929613c5b2eeb8d760e7b841e862296f33ee35e689f92075b756b4b7,PRESERVE_UNCHANGED,PASS
ex_64644b5e,런지,ex_64644b5e,4,4,0,0,4e4aad32e1b489441ea50926fa8072c0d61227d02a3e78ec0d28516a968e9079,PRESERVE_UNCHANGED,PASS
ex_64661229,월싯,ex_64661229,4,4,0,0,d7327a5aba7931350d989c060ff86e4fcdaa1d52492176ace5d8d763886e7b0b,PRESERVE_UNCHANGED,PASS
ex_6466fe77,친업,ex_6466fe77,5,5,0,0,0611dbbf61c93b17eaff9bdd9c90aa7ed59b6b0cc6a4a7bc09c1277481cea59c,PRESERVE_UNCHANGED,PASS
ex_681d9ed2,러닝,ex_681d9ed2,4,3,1,0,423236249d32d57be4b213909ad34a00d5bc2953c6d2c445d7a2fe1ed468b9ed,PRESERVE_UNCHANGED,PASS
ex_681eed4a,수영,ex_681eed4a,4,3,1,0,52e0e9f80f4ce31b4b5fc0b52d60305839cc52e4c168be5345adb8c1061e857e,PRESERVE_UNCHANGED,PASS
ex_69a56484,래터럴 스텝다운,ex_69a56484,2,1,1,0,29b80382722fbfc65a6656d87b83ae5d372c56f386f669f65c315d8108c165dd,PRESERVE_UNCHANGED,PASS
ex_6a966452,체스트 서포티드 원암 덤벨 로우,ex_6a966452,5,4,1,0,f363cecaeddf13b39734f1c461e620e85115b84c9b8cd4489cba311fe72b0882,PRESERVE_UNCHANGED,PASS
ex_704cbf1a,덤벨 스텝업,ex_704cbf1a,5,5,0,0,1015f98b8fc6a1dea5e3b6a640c5a0f82f2bf2c2c2ed0e1b82f9388ea1830eea,PRESERVE_UNCHANGED,PASS
ex_708e64ce,덤벨 풀오버,ex_708e64ce,4,4,0,0,982cf7077ccdc97f2a44ec15662c2f96f76342679baaa0bce2acb8c48d3d3273,PRESERVE_UNCHANGED,PASS
ex_70f19bf,리닝 래터럴 레이즈,ex_70f19bf,4,3,1,0,0694778482311058de48bdc63bf1fb8424f387bb598ee106853b0d3ab14a037a,PRESERVE_UNCHANGED,PASS
ex_721f7b5b,힙 쓰러스트,ex_721f7b5b,3,3,0,0,1f1f16d9c2da79ed0b644d5ec5e6714116bee08760c6490847bba009487dd16f,PRESERVE_UNCHANGED,PASS
ex_728da646,힙 어브덕션,ex_728da646,2,1,1,0,ed115d1aa76977975dbedc0b225a523e0c66c1544517b76b741f552acc0d71d2,PRESERVE_UNCHANGED,PASS
ex_72f11dc5,덤벨 리스트 익스텐션,ex_72f11dc5,3,2,1,0,4a5f952ae4c355f6eec08a519cca4ebea5d4c463284be46df525bce8736fc428,PRESERVE_UNCHANGED,PASS
ex_73b0b63f,아처 푸시업,ex_73b0b63f,4,4,0,0,d36ea16eeff2bf5c6fb57d56926c51733207746e031a5d7ce6509b735d71dde5,PRESERVE_UNCHANGED,PASS
ex_7404067c,케틀벨 스윙,ex_7404067c,1,1,0,0,9358accc30237cf3212f51b92cab4be0065a2c0c5fb0f38ff05860f122403e9b,PRESERVE_UNCHANGED,PASS
ex_74c2d13b,계단 오르기,ex_74c2d13b,4,3,1,0,d14e1b9fa776e872e8d5b88a791f5abf03b46690a459bc0cd7b73810a4219f91,PRESERVE_UNCHANGED,PASS
ex_752b45ae,멀티셔틀 풋워크,ex_752b45ae,1,1,0,0,cb6d75ef9d5575dc625b16033959597f8529c656ab48579e48a2604b0b983b87,PRESERVE_UNCHANGED,PASS
ex_767e188e,아놀드 프레스,ex_767e188e,4,3,1,0,ce691075f62ed07f4dc6f3b4f9baede91230251f65419f560a7aa616351cc016,PRESERVE_UNCHANGED,PASS
ex_7814843a,원암 덤벨 숄더프레스,ex_7814843a,3,3,0,0,3890410aabad99b15feb005b57e39b3ddc893eae49e20fafb3d98a65495a2561,PRESERVE_UNCHANGED,PASS
ex_79f3bdbe,덤벨 숄더프레스,ex_79f3bdbe,3,3,0,0,d36981d1738d7ceebf7efd0be4edcde78d4d70cc402d62bfc5bd404022ec047b,PRESERVE_UNCHANGED,PASS
ex_7ce96a7a,프론트풋 엘리베이티드 스플릿 스쿼트,ex_7ce96a7a,5,5,0,0,bfb224076348ea97f4fcc21aae679c81a19169d345dc9151649008250be6a7b9,PRESERVE_UNCHANGED,PASS
ex_7deabeba,리어델트 케이블 플라이,ex_7deabeba,4,3,1,0,1c0f4cc2fa22716437e4a1c5b82ef2fc8dd4cfbea7712cdc2cfe17e59a3168a4,PRESERVE_UNCHANGED,PASS
ex_85b2ac56,원암 덤벨 컬,ex_85b2ac56,3,3,0,0,cbab7d5b0c9f8ac59c4f438a8540d9a199ac95ef06b8c84760d91adfc80c8148,PRESERVE_UNCHANGED,PASS
ex_85f12271,원레그 박스 스쿼트,ex_85f12271,1,1,0,0,428f433b88894482ea4dc1d9c0c8dcfe9a0c372b9e28fbf16622bd210499997b,PRESERVE_UNCHANGED,PASS
ex_86323ed6,원암 해머 컬,ex_86323ed6,3,2,1,0,fb5b578c5eb2bb2a73022ae28f2db155720cc8bd60093e4e12e21a9e9e72fe76,PRESERVE_UNCHANGED,PASS
ex_8633d8db,EZ바 컬,ex_8633d8db,3,2,1,0,d3d5c8538f3508c778a26aec01387135286e8d66b061cb9af9c73a3500671b5d,PRESERVE_UNCHANGED,PASS
ex_8824026f,원레그 레그 컬,ex_8824026f,3,2,1,0,617c82c692db8e76ceabe177aafc0468524b4c383786e64f3b7c3ad30febc42c,PRESERVE_UNCHANGED,PASS
ex_8a3800f1,리버스 노르딕 컬,ex_8a3800f1,2,2,0,0,dd52fc4bf97a26f82486636c0328ffe1b65b6d036f0b91959d83246fcc6eb73e,PRESERVE_UNCHANGED,PASS
ex_8e4bf08e,Yates Row,ex_8e4bf08e,4,3,1,0,073bd292a694ab3663e1537f41d1a9f50b8d789da9655adb67bfa89e565a7e21,PRESERVE_UNCHANGED,PASS
ex_8e69fc74,스플릿 스텝 리액션,ex_8e69fc74,1,1,0,0,525332bee3a9354cbc03d13e90095f1b3bb9c31f571ba1cc82bf8f87e2d569c9,PRESERVE_UNCHANGED,PASS
ex_91b749b3,플랫 덤벨 플라이,ex_91b749b3,3,2,1,0,2892731cddda1ace55123e7ba17e96c81463a3eb36de4fa810bd5bd943fee9ea,PRESERVE_UNCHANGED,PASS
ex_91d8430b,30초 반복 스매시 테스트,ex_91d8430b,1,1,0,0,5e22c47a9a9d47842272bae9d1656d94be74fe54baee33ebc027a81a6174e401,PRESERVE_UNCHANGED,PASS
ex_91f6958d,터키시 겟업,ex_91f6958d,2,2,0,0,29f976f0bdbd9d6e973a84ed458cb3d636f349e9f123437fe2082f1285ef6518,PRESERVE_UNCHANGED,PASS
ex_93538692,덤벨 래터럴 레이즈,ex_93538692,4,3,1,0,4a28acd487f75a672bf5b724e830adb5f58ac160028223bb881650776c094c2d,PRESERVE_UNCHANGED,PASS
ex_95028bfe,덤벨 리스트 컬,ex_95028bfe,2,1,1,0,ce31508e56892f55852d5565d28d55c2cbe63125708eeb5bdc7fea3b6293c70d,PRESERVE_UNCHANGED,PASS
ex_9b132c23,사이드 스텝 후 정지,ex_9b132c23,1,1,0,0,6952e5eacf381fb771cb3cbe242d3a27b4d44352f6ddd893213f3e9dc7b8cd8c,PRESERVE_UNCHANGED,PASS
ex_9bd6dddb,줄넘기,ex_9bd6dddb,4,3,1,0,5be7987f63fffd34744dd33dc0f42a533025e522dc3b82223c2d699b85e05205,PRESERVE_UNCHANGED,PASS
ex_9f283612,원암 인클라인 덤벨 프레스,ex_9f283612,4,4,0,0,5df5bdbcea4875e4535dd78fa5d37c18238aee5e761c3ae1c8fc213edfc5d0c5,PRESERVE_UNCHANGED,PASS
ex_a091b9fe,원레그 레그 프레스,ex_a091b9fe,4,3,1,0,57c5a73d48c8de6a60383e5514b9205521afd623f1039f8d0c003e6c06a10d37,PRESERVE_UNCHANGED,PASS
ex_a12de111,A스킵,ex_a12de111,2,1,1,0,031d584b188fcb1719d0879ff5162c40d0bf7b0309e3a97d36a143a20c470619,PRESERVE_UNCHANGED,PASS
ex_a12de4d2,B스킵,ex_a12de4d2,2,1,1,0,307da6cd7a9ea5112d57a72927e4830f501151bbc517bf6c4c15dcb822b9497c,PRESERVE_UNCHANGED,PASS
ex_a345e30b,캡틴체어 레그 레이즈,ex_a345e30b,2,2,0,0,caac99029cd0f093b521c049ace67e83d05f600612ba2001b2a2e734020034c3,PRESERVE_UNCHANGED,PASS
ex_a3ddd8ac,라인 홉,ex_a3ddd8ac,2,1,1,0,f20fa31c2b3854d83f92aa13c9d14b188f6b296f25e0702a7fd5b23e931f822a,PRESERVE_UNCHANGED,PASS
ex_a4040be3,셔틀런,ex_a4040be3,1,1,0,0,ccd56d5347f17794698776e1182d026e549b93c32fb1687abb8e9b4d85d7d549,PRESERVE_UNCHANGED,PASS
ex_a412dd45,앙클링,ex_a412dd45,2,1,1,0,131fd1c54780015a1e99a420c0f045a0224f23d645506a98d34a51aa8806bb05,PRESERVE_UNCHANGED,PASS
ex_a4350c0f,콘 드릴,ex_a4350c0f,1,1,0,0,971a8fb97e751bc5323dda7efbd33e053ef47df0dbb5d3f19fc46d18cdfdb0b0,PRESERVE_UNCHANGED,PASS
ex_a44ae2ca,플랭크,ex_a44ae2ca,1,1,0,0,5b6fc0a5061233a08fee5e0f068a7e9f4035742ad1d19aa19ccca3592fdb427e,PRESERVE_UNCHANGED,PASS
ex_a60496be,원암 리어델트 케이블 플라이,ex_a60496be,4,3,1,0,bfa3225802dfa3f09a6026eef04a3ea19c300a4bf13edcac71ce5ff8fe45cc1b,PRESERVE_UNCHANGED,PASS
ex_a611010d,코사크 스쿼트,ex_a611010d,2,1,1,0,bac65bc7440862df394e9b1bbfb1d596cf7bcad06497a36091cf5032bbd71b60,PRESERVE_UNCHANGED,PASS
ex_a61f1e96,인클라인 덤벨 프레스,ex_a61f1e96,4,3,1,0,d9b5254787d41fc1d0e909d101a7582e28456c8ad1928b9f9b51356b8af5b395,PRESERVE_UNCHANGED,PASS
ex_a61f307a,인클라인 덤벨 플라이,ex_a61f307a,3,2,1,0,a012a0d509b2b1f2c5fd8642ca5a0f7fd2fe31ba9f25c193e61005fe7822b67f,PRESERVE_UNCHANGED,PASS
ex_a76f20b6,시티드 원암 케이블 로우,ex_a76f20b6,4,3,1,0,d9c8b02fb20805b7e1e7077b7fa0831813a73cac51c8cfc854e62d9271e1cef7,PRESERVE_UNCHANGED,PASS
ex_a8385c4a,코펜하겐 플랭크,ex_a8385c4a,4,4,0,0,a2ffbdde01e7c9f3f9a34962adb62b97b3c7b4d9cc34fffe5b3c92589299e403,PRESERVE_UNCHANGED,PASS
ex_a9b52886,마운틴 클라이머,ex_a9b52886,2,2,0,0,65145b0e6c0d73e7d8ba8550179d40fc599bef87dd74902f0ecf73f926d4897d,PRESERVE_UNCHANGED,PASS
ex_ab468462,레그 프레스,ex_ab468462,4,3,1,0,881bbd5b8fb888653d765a33134fbcadbdf99a05c0064552e2c9c1f0d11494a3,PRESERVE_UNCHANGED,PASS
ex_ab918e2b,실내 자전거,ex_ab918e2b,4,3,1,0,6542bcac215ee92451b84e964bb67a5fc44d4bc6f10f7c9ed5b644cec2b7f048,PRESERVE_UNCHANGED,PASS
ex_aca9d312,러닝 풋살,ex_aca9d312,5,5,0,0,569eb94af593e855b04cfd5a7b88651e0b9e42c68f5d157750cc385f746f368e,PRESERVE_UNCHANGED,PASS
ex_ae9ecdbc,배드민턴,ex_ae9ecdbc,5,5,0,0,32b9e42ec249cf917312a51a4d1a4cce8a2acf3545e49620eec732cd0857699b,PRESERVE_UNCHANGED,PASS
ex_b076570e,원암 케이블 래터럴 레이즈,ex_b076570e,4,3,1,0,7e288935617ac02f8d38ab5e6a80085534a0096939a7f71a68b4fb5f9ff96928,PRESERVE_UNCHANGED,PASS
ex_b3f447be,행잉 레그 레이즈,ex_b3f447be,3,3,0,0,f5431b0a6bee9af423c1b2f101a01911e193d51e8773dcb306acb3d11378d952,PRESERVE_UNCHANGED,PASS
ex_b4b198de,래터럴 런지,ex_b4b198de,5,5,0,0,eaab1f341deb14c21300b7b23d4864a9b5d18fd5f6e8900181e3fbdaf5559171,PRESERVE_UNCHANGED,PASS
ex_b59bed7d,스탠딩 레그 컬,ex_b59bed7d,3,2,1,0,bc8f3f2bf5943aac6f2aa7ef7d29547613ab52f9c3ae1b3a34d4d189a2df8e31,PRESERVE_UNCHANGED,PASS
ex_b69ab702,크로스바디 해머 컬,ex_b69ab702,4,3,1,0,5a1db6977421be26a5c17c894aa2e0ec9758f456978fcb0ce2740f5131895512,PRESERVE_UNCHANGED,PASS
ex_b76d3f92,케이블 래터럴 레이즈,ex_b76d3f92,4,3,1,0,ca379b3f2316918b6222dd4e4759c9258a1303c844bb8819f0f7d58480416fb1,PRESERVE_UNCHANGED,PASS
ex_b78a8f95,레그 익스텐션,ex_b78a8f95,2,1,1,0,0f1af2667dcc9cdd01f84b8311fb13acc4b55f2abd4adbbfcf554e26fc3302e6,PRESERVE_UNCHANGED,PASS
ex_badminton_lesson,배드민턴 레슨,ex_badminton_lesson,5,5,0,0,1548411d84549783afaf2a2c5b957ae1235187a2a39170328263ac6effe2b5c2,PRESERVE_UNCHANGED,PASS
ex_bb4b4276,등받이 없는 덤벨 시티드 숄더프레스,ex_bb4b4276,4,4,0,0,687967bfbeef91b3baeb797e5f1a3885099d5b8df605b19650bf4c59e39dbd9c,PRESERVE_UNCHANGED,PASS
ex_bc84eb7f,6방향 랜덤 콕줍기,ex_bc84eb7f,1,1,0,0,3b66a58628933507a0348be33bc7b45e232b638d1c663e46324def3d03a015aa,PRESERVE_UNCHANGED,PASS
ex_c1a81cb2,로프 해머 컬,ex_c1a81cb2,3,2,1,0,16a931debf19d0d17dacf0982e91b0f1eccb99e5a2a9c5d1601207215438d6b1,PRESERVE_UNCHANGED,PASS
ex_c1bf2aa8,안세영 참고 고강도 랠리 풋워크,ex_c1bf2aa8,1,1,0,0,ac601590e121a1fbd77ad49f8bf01b98edc94eb018842d09bea09dd8fc6fffa5,PRESERVE_UNCHANGED,PASS
ex_c365e5e2,원암 스트레이트암 풀다운,ex_c365e5e2,4,4,0,0,168a81877420a11227e6709cab1bc7e943107a51ad1db0ebf8ca49a781e6318a,PRESERVE_UNCHANGED,PASS
ex_c4535de3,스캡 푸시업,ex_c4535de3,2,1,1,0,ed5b05a63b4fd09f81c32721a0ab56f162d85e87d2e32c429c8f8351ae158a2c,PRESERVE_UNCHANGED,PASS
ex_c4ea0a2a,스킵 바운드,ex_c4ea0a2a,2,1,1,0,cc1bf68c78ba1bb9fe52a492efe5502f787b0d9770481cb5286235aa5b5fbf25,PRESERVE_UNCHANGED,PASS
ex_c5043892,프론트 스쿼트,ex_c5043892,5,5,0,0,3a033d79d33d142335629653a350fb2a6163eb96de5e4d4821fb3655ea9208fb,PRESERVE_UNCHANGED,PASS
ex_c536edc2,원암 케이블 숄더프레스,ex_c536edc2,4,4,0,0,82e8872f3a31a2f43d0f74cb6a37bebe3f1595f3212879c22239be6f9e07738b,PRESERVE_UNCHANGED,PASS
ex_c5c2fdef,스트라이드,ex_c5c2fdef,1,1,0,0,4e1791b11c520be7bc099ab78e8363355ec5c416f6d7252df4d5394df658ad27,PRESERVE_UNCHANGED,PASS
ex_c5f4c242,랜덤 비프 풋워크,ex_c5f4c242,1,1,0,0,24ee5663b3bb4e8f41d50d9419ce627649756112d3fe932b7a0c9e86f40ebd30,PRESERVE_UNCHANGED,PASS
ex_c62c0716,컨센트레이션 컬,ex_c62c0716,3,2,1,0,675fa453c40c98f68c8f6e6dcb55a54c0e0b7db22d3c7ef929b84aa77e1e15f4,PRESERVE_UNCHANGED,PASS
ex_c6d9efef,스플릿 스텝,ex_c6d9efef,1,1,0,0,7cff460bffb53ed4e45f1b9aea02aa3350ace06c0f85290c713df0c55562fccc,PRESERVE_UNCHANGED,PASS
ex_c7977dfd,6코너 풋워크 최대반복 테스트,ex_c7977dfd,1,1,0,0,d768bfb124a8d8e0e523520cb223b73ccac33d65d9931f01c8b7d509ccaa7d33,PRESERVE_UNCHANGED,PASS
ex_c8bcf3ce,리버스 런지,ex_c8bcf3ce,4,4,0,0,ef713a7f558b873c962a8515c86049de6333bb822f497c71578475dfab7e84ad,PRESERVE_UNCHANGED,PASS
ex_ca5cce66,스트레이트암 풀다운,ex_ca5cce66,3,3,0,0,30d9bf2888bfd0b0d0ef17166c5d6a38f8d889d1af2a5a6549459399e23bb469,PRESERVE_UNCHANGED,PASS
ex_cb3c4dc2,맨몸 스쿼트,ex_cb3c4dc2,4,4,0,0,4b0d7acb905c9a5f38644e74352eb300ea0605491e3e9257e2510b045ddefdb3,PRESERVE_UNCHANGED,PASS
ex_d5048362,인클라인 덤벨 컬,ex_d5048362,3,2,1,0,2f5f46a855fa04aac4c83751328e47ea2c5da487f84bd74b0764ccf79cc1c07c,PRESERVE_UNCHANGED,PASS
ex_d5bdffe1,데드버그,ex_d5bdffe1,1,1,0,0,7c7a58064a1e5ed3be7efaaf825da90d08ee9766c2a57fc23927225460b9df18,PRESERVE_UNCHANGED,PASS
ex_d60745b4,원레그 레그 익스텐션,ex_d60745b4,2,1,1,0,21b5e0be51430a037c7b12a4eb8bd3a2b68f31adda5727025923778c4511d640,PRESERVE_UNCHANGED,PASS
ex_d6726746,드롭 점프,ex_d6726746,1,1,0,0,ccb589b4c87c38c5c8e3f0e8dd7f174d33cd022f13812d9b35375d59f4adcb57,PRESERVE_UNCHANGED,PASS
ex_d67e5761,피스톨 스쿼트,ex_d67e5761,2,1,1,0,62fd1efede3a0e5c14d07edf9e21f6d10b71257fe5f27b736821812e9828b8ba,PRESERVE_UNCHANGED,PASS
ex_d7c90536,로잉머신,ex_d7c90536,4,3,1,0,f96dad7a951ab8d49bcfa267457e0628f05a3b1a0b61e6a80567c723cbe221f3,PRESERVE_UNCHANGED,PASS
ex_d9e141e4,박스 점프,ex_d9e141e4,1,1,0,0,dae062b07ca7724077274f006611493cb98c3cb413129319263fa5fdc3f3c32e,PRESERVE_UNCHANGED,PASS
ex_da56a4fe,덤벨 킥백,ex_da56a4fe,4,4,0,0,3bfe35d9f96303aa1d8c1b53b72c72a8e7f25c655e2fc981804d1a462bf742ac,PRESERVE_UNCHANGED,PASS
ex_dc9e5953,랫풀다운,ex_dc9e5953,3,2,1,0,d64881dfb221a552d05a6a50cc154537a455b2379dc3b05b9436970a10948eee,PRESERVE_UNCHANGED,PASS
ex_dd16e07a,스트레칭,ex_dd16e07a,1,1,0,0,77f9e1e89d275b70bff6913ac9c730b329637417f77aa05737d611f9f9246696,PRESERVE_UNCHANGED,PASS
ex_de46b7f6,바벨 로우,ex_de46b7f6,4,4,0,0,2f3aeaced864cccb8b2035cecbf421986a5e7471b48d9a55518dccad407668f7,PRESERVE_UNCHANGED,PASS
ex_debf6a8b,다이아몬드 푸시업,ex_debf6a8b,4,4,0,0,1c7ed4093c847e465f6c8cd4da33cae1b173b9fcccfbafa600fde2043e374020,PRESERVE_UNCHANGED,PASS
ex_deca2b61,벤치 딥스,ex_deca2b61,4,3,1,0,8f26fde82ce4844909f1ed5d351709df634975919b9be4f629d6e14116e78167,PRESERVE_UNCHANGED,PASS
ex_df966b45,점프 런지,ex_df966b45,1,1,0,0,f58355e6af739596a445c569dab9ed4c415304dfc465fd23a4ed2e47c85aa475,PRESERVE_UNCHANGED,PASS
ex_e0b1e364,원암 덤벨 RDL,ex_e0b1e364,5,5,0,0,8a6261806ae8ff75319fca7216167ea2e4d515c49274ed6bed18fc927f6fc1c3,PRESERVE_UNCHANGED,PASS
ex_e1894690,스캡 풀업,ex_e1894690,4,3,1,0,116950f8c81b56fb14b185b0788249f89cc6b0a768bac43bdaa511339735809a,PRESERVE_UNCHANGED,PASS
ex_e2efd0fe,불가리안 스플릿 스쿼트,ex_e2efd0fe,4,2,2,0,7f975fd0aad852fe50f948ddaab324c7c679fab0ecab519eedb4ab13c37f6b18,PRESERVE_UNCHANGED,PASS
ex_e3715c0b,워킹 런지,ex_e3715c0b,5,5,0,0,7dd5e1815d2078873f72f00376daba9eb70fec0bb2ead62d6d77818b42a3990e,PRESERVE_UNCHANGED,PASS
ex_e41e8dcf,중량 친업,ex_e41e8dcf,4,4,0,0,d39f224b1d31a5dd6a2f7ae224d6ffe98c40b4eed9f12ca53da5b332009e4883,PRESERVE_UNCHANGED,PASS
ex_e41f4c2b,중량 풀업,ex_e41f4c2b,5,5,0,0,db07a5f9228479cd11c9155f6be264058a004eef41c3f7c16f1ea2f05c487ac4,PRESERVE_UNCHANGED,PASS
ex_e465d1e9,포고 점프,ex_e465d1e9,2,1,1,0,d44ff5d1b1388e9fd63fa74a74ffb2a05914f4b6d4488252214dfc1444a4826e,PRESERVE_UNCHANGED,PASS
ex_e4f911bb,네거티브 풀업,ex_e4f911bb,5,4,1,0,07794035f6ef7235dfc7ee07ac83bb41c9b7a5fab816834d8c79df815e246d49,PRESERVE_UNCHANGED,PASS
ex_e709eeda,케이블 컬,ex_e709eeda,3,2,1,0,ee58e47e3eecfc48f2680b9708ee2deaac849270efaea8376bce1ecfb36cfcdd,PRESERVE_UNCHANGED,PASS
ex_e8ff8cfa,밴드 외회전,ex_e8ff8cfa,3,3,0,0,d59562034c3e98480c42a5ca6acdcb11d73d17a43ac249900eb3c9b7e48b3a85,PRESERVE_UNCHANGED,PASS
ex_e9e97659,핵 스쿼트,ex_e9e97659,5,4,1,0,5869091702d79ef0c60b4ee0d4844183ae518c08ba8e9b8a337af66b47a4da90,PRESERVE_UNCHANGED,PASS
ex_eb636bac,원암 케이블 오버헤드 트라이셉스 익스텐션,ex_eb636bac,4,4,0,0,fb456c5e385b21759fda0ddcb88e85570f84ff387b49f0098ff58eed47f4e900,PRESERVE_UNCHANGED,PASS
ex_ee378da7,스케이터 스쿼트,ex_ee378da7,2,1,1,0,23fff16ad6259f79d630031a4d9c1eccefd9d3057a4ba6b42e4c0aacc13157d7,PRESERVE_UNCHANGED,PASS
ex_f1d31d3d,원레그 핵 스쿼트,ex_f1d31d3d,4,3,1,0,f3fa7719f473fe480c0e6522a256d08b5fd8e18538bf6bba62b63e7bae20f7cd,PRESERVE_UNCHANGED,PASS
ex_f2a79d37,스플릿 스쿼트,ex_f2a79d37,5,5,0,0,194e9a92cbad3a03f4899cd8605d35fbbe8392fcff6c441ca28ae1001c6855b2,PRESERVE_UNCHANGED,PASS
ex_f332aeab,월 드라이브,ex_f332aeab,1,1,0,0,6048e237821a33871512615d3d98d258ea9c1ae9265f8379392f2028c30e2ad7,PRESERVE_UNCHANGED,PASS
ex_f459ad2a,메도우즈 로우,ex_f459ad2a,4,4,0,0,b24106416f5d47e5949004c4782fa580f86a433546e35b37c5f7da36b3228f02,PRESERVE_UNCHANGED,PASS
ex_f6703b06,덤벨 프로네이션/수피네이션,ex_f6703b06,3,2,1,0,ff6776b5796c5ed86b7bb44ea670593dddb34cefff2e72abdf72729d2757bb4a,PRESERVE_UNCHANGED,PASS
ex_f6d43398,사이드 플랭크,ex_f6d43398,3,3,0,0,19c112f2ac0bb3863604ad75eb93ebeae2478441fb9e8b8ebe771bc8f56bb140,PRESERVE_UNCHANGED,PASS
ex_f97a05ab,월 슬라이드,ex_f97a05ab,4,3,1,0,d2a40231b7abf3c539a62149a5abc52bc63b119ff6d15b9ebb4a829589803113,PRESERVE_UNCHANGED,PASS
ex_fa2e73b3,핸드스탠드 푸시업,ex_fa2e73b3,4,4,0,0,e2b567d1eacfcf67a0e0d00c447e4535ffdb105418f01526c688e16c99e4572b,PRESERVE_UNCHANGED,PASS
ex_fa31f7a6,케이블 로우,ex_fa31f7a6,4,3,1,0,53e55fdd3acd5e50b2f5b76667452840a705de1c3cfd08518a31e2138092e738,PRESERVE_UNCHANGED,PASS
ex_fa3416f6,스미스 머신 스쿼트,ex_fa3416f6,4,4,0,0,ca67c9d513d3b44d164c82d7d5d016d98c2f84e4112c6086e94abddf0146f095,PRESERVE_UNCHANGED,PASS
ex_fa34ddfe,케이블 킥백,ex_fa34ddfe,5,5,0,0,ed37a8730a32d9bfa4bd27d8bc6e342cc14dd44e5781cf95084e8e826abc80ed,PRESERVE_UNCHANGED,PASS
ex_fa570291,트라이셉스 푸시다운,ex_fa570291,3,2,1,0,43ed0634b61232f07ae6f1b7bbc09bc0fd9c9f9cce684c3cf7b24ecd24b2f941,PRESERVE_UNCHANGED,PASS
ex_faae2044,인터벌 러닝,ex_faae2044,4,3,1,0,4651c3d016c358c175781e4ea2b4431efd23472b0684c817a9d9713a84a8f8dc,PRESERVE_UNCHANGED,PASS
ex_fb67af37,디클라인 푸시업,ex_fb67af37,4,4,0,0,8425be81e5b682271abef54e5d2c7bc179cbeb12e42d770e0c0a6af9581d02ae,PRESERVE_UNCHANGED,PASS
ex_fdbdf454,원암 덤벨 오버헤드 트라이셉스 익스텐션,ex_fdbdf454,4,4,0,0,5653ce5f5498fab3087d80bc817e86d2f4e41de5bd7b536a530ba8ad668b9f5e,PRESERVE_UNCHANGED,PASS
ez_bar_lying_triceps_extension,EZ바 라잉 트라이셉스 익스텐션,ex_d20b7487,4,3,1,0,a57ba1eee8be0efff81b4b406cdef22e6d2228f34158f0530b067f58a4cf7a29,INHERIT_UNCHANGED,PASS
ez_bar_preacher_curl,EZ바 프리처 컬,ex_e994008a,3,2,1,0,1b2e84cf09a413b851e4076c5055f1372ecd5e10319df8974d3808006d6e5038,INHERIT_UNCHANGED,PASS
ez_bar_reverse_curl,EZ바 리버스 컬,ex_dd2f732e,4,3,1,0,4c224533dcbd203a6faeab691223d9e832eefa913cbc96153fe4efa1195163b5,INHERIT_UNCHANGED,PASS
ez_bar_spider_curl,EZ바 스파이더 컬,ex_516f4456,4,3,1,0,db6471bf0ebc1f2c6f981f5920ca0cd6f207a64ba637570fcae2a06293e360ea,INHERIT_UNCHANGED,PASS
face_pull,페이스풀,face_pull,4,3,1,0,1129cfbe0e8dc4b55e5077b17002b3943120e6c9d2ecefac3d7c831a32605999,PRESERVE_UNCHANGED,PASS
gymnastic_ring_inverted_row,짐내스틱 링 인버티드 로우,ex_e159d15a,5,5,0,0,ced37e1a51ad2c22a0d3036f467f51d3cd6d0321337884d72b1d747986bedc80,INHERIT_UNCHANGED,PASS
half_kneeling_single_arm_dumbbell_press,하프 닐링 원암 덤벨 프레스,half_kneeling_single_arm_dumbbell_press,3,1,2,0,d17d03a91416a492f023bfcb433f1588481e11d69fd162be345e51e32c76b512,PRESERVE_UNCHANGED,PASS
half_kneeling_single_arm_kettlebell_press,하프 닐링 원암 케틀벨 프레스,half_kneeling_single_arm_kettlebell_press,4,1,3,0,096d94185c8e4bf4551ec952959c2b754efff6ddf5d2963dbaa39d3b6a3128da,PRESERVE_UNCHANGED,PASS
hip_adduction_machine,힙 어덕션 머신,ex_eaea872c,3,3,0,0,4d97bf6412a99db394b4d573c9cdb9b7bd9d7e6904f80828d8fa33300468d042,INHERIT_UNCHANGED,PASS
kettlebell_farmer_carry,케틀벨 파머스 캐리,ex_a1fc4533,2,2,0,0,62bb88ee7e8b7a2d977dbac693f081935419d3ebefe0322ceb467eeeb4c630ae,INHERIT_UNCHANGED,PASS
kettlebell_goblet_squat,케틀벨 고블릿 스쿼트,ex_ac7df636,1,1,0,0,35c29113e35314eb7d0b5690c2cc1fc50039a829d2b4ad22817ca1a544c9b7ed,INHERIT_UNCHANGED,PASS
kettlebell_halo,케틀벨 헤일로,kettlebell_halo,4,3,1,0,2b8da808839e642f922a318600bf4d507b6806d9ecfd9ea568db515c39884e1d,PRESERVE_UNCHANGED,PASS
kettlebell_single_leg_rdl,케틀벨 원레그 루마니안 데드리프트,single_leg_rdl,4,2,2,0,5a737bff87fcefcf0acd7ee47e9854ed58682320194b50d7a6ec404b2bcc2bc8,INHERIT_UNCHANGED,PASS
landmine_anti_rotation,랜드마인 안티로테이션,landmine_anti_rotation,5,5,0,0,6fc2c4d90a4007a281e4a0e4c4e8a9e89b64fa78ab8bead1f2c02542e50ce2fa,PRESERVE_UNCHANGED,PASS
landmine_rotation,랜드마인 좌우 회전,landmine_rotation,4,2,2,0,647a63ac2ee1c445d2768fc4c54961c1ed6712aab868f8f9df5872ee8901a887,PRESERVE_UNCHANGED,PASS
lateral_bound_continuous,래터럴 바운드,lateral_bound_continuous,4,3,1,0,141f3300bffab3c4360c93407352e5bcaa08c51c7d97c0ea9957d11994d0bbb6,PRESERVE_UNCHANGED,PASS
med_ball_chest_pass,메디신볼 체스트 패스,med_ball_chest_pass,4,4,0,0,908188e391a70f08b0358afbc43406ed425a0f92a20e0d75b76b627a8b0b75af,PRESERVE_UNCHANGED,PASS
med_ball_overhead_slam,메디신볼 위에서 아래로 슬램,med_ball_overhead_slam,5,3,2,0,7ef70511bd3939ea8d218975894b2ffe1eefe05379326433ec3eee778b962e1c,PRESERVE_UNCHANGED,PASS
med_ball_rotational_scoop_toss,메디신볼 로테이셔널 스쿱 토스,med_ball_rotational_scoop_toss,5,5,0,0,0efe369b90585996780fb6f29cc11f9c0cd54b352b11496968504e23c37c5b2f,PRESERVE_UNCHANGED,PASS
med_ball_rotational_slam,메디신볼 회전 아래로 슬램,med_ball_rotational_slam,5,2,3,0,0c771606575026bd24a972731872dca59bc881652289ce97bf7c5f23c0c6b1cb,PRESERVE_UNCHANGED,PASS
medicine_ball_rotational_throw,메디신볼 회전 옆으로 던지기,medicine_ball_rotational_throw,4,2,2,0,1c439cec1fbc6f1851ff7f334052c0404121b51b58091571f7fe31f56817121f,PRESERVE_UNCHANGED,PASS
medicine_ball_three_step_acceleration_throw,메디신볼 3스텝 가속 던지기,medicine_ball_three_step_acceleration_throw,4,4,0,0,57a6921cd4fcb5e1361cfd33f75edce67a5f9cb86b01807b95aa864ddc13036a,PRESERVE_UNCHANGED,PASS
medicine_ball_three_step_deceleration_throw,메디신볼 3스텝 감속 던지기,medicine_ball_three_step_deceleration_throw,4,4,0,0,4adc67ef10d121b5505062fef786e8588e4f015bc8272153939f57f7d02dbfaf,PRESERVE_UNCHANGED,PASS
one_arm_gymnastic_ring_row,짐내스틱 링 원암 로우,ex_d9084b5e,4,4,0,0,f057f993466d8ccd368ad1a4a5c8ff137ad4ac365310c117efbf2d6bf1b4bdfd,INHERIT_UNCHANGED,PASS
one_arm_suspension_trainer_row,서스펜션 트레이너 원암 로우,ex_d9084b5e,4,4,0,0,f057f993466d8ccd368ad1a4a5c8ff137ad4ac365310c117efbf2d6bf1b4bdfd,INHERIT_UNCHANGED,PASS
plate_rotational_press_out,플레이트 로테이셔널 프레스아웃,plate_rotational_press_out,5,5,0,0,4c8e9f11124c7ffd2bd14f77043225d5b0ca9d8dca3f35bb378cb1ab926bf2d5,PRESERVE_UNCHANGED,PASS
pull_up,풀업,pull_up,3,3,0,0,4894138d2700c0cecb8fef9e3b1b64e121ed247b2b8e6ec4a25582071c1de51f,PRESERVE_UNCHANGED,PASS
single_leg_hip_bridge,원레그 힙 브릿지,single_leg_hip_bridge,3,1,2,0,9eb6634333c500bd545add37d6d8d57c75535ff32b976ec336fe6b3bbed45d09,PRESERVE_UNCHANGED,PASS
standing_bodyweight_calf_raise,맨몸 스탠딩 카프 레이즈,ex_bd072cd,2,1,1,0,424535874e8b61a2c3c6c090eef577c17f1f79f20a8c6a1d680d112be4716d5c,INHERIT_UNCHANGED,PASS
standing_calf_raise_machine,스탠딩 카프 레이즈 머신,ex_bd072cd,2,1,1,0,424535874e8b61a2c3c6c090eef577c17f1f79f20a8c6a1d680d112be4716d5c,INHERIT_UNCHANGED,PASS
standing_dumbbell_calf_raise,덤벨 스탠딩 카프 레이즈,ex_bd072cd,2,1,1,0,424535874e8b61a2c3c6c090eef577c17f1f79f20a8c6a1d680d112be4716d5c,INHERIT_UNCHANGED,PASS
suspension_trainer_inverted_row,서스펜션 트레이너 인버티드 로우,ex_e159d15a,5,5,0,0,ced37e1a51ad2c22a0d3036f467f51d3cd6d0321337884d72b1d747986bedc80,INHERIT_UNCHANGED,PASS
vipr_chop,바이퍼 회전 아래로,vipr_chop,4,2,2,0,2701a9b8d7d45270c0644326cf9495282f4f44449ed9fd9cc3f10c8ca5c3d3da,PRESERVE_UNCHANGED,PASS
vipr_rotational_lift,바이퍼 회전 위로,vipr_rotational_lift,5,3,2,0,8076a98ede87e0ccf7a68a8432ab173c97f85efa1f2402b315d9990377045371,PRESERVE_UNCHANGED,PASS
vipr_rotational_press_out,바이퍼 로테이셔널 프레스아웃,vipr_rotational_press_out,5,5,0,0,8da0b492346c1d80c380dc3db7cd4bf3139c49dd7b8e7450cfe19692040a7a63,PRESERVE_UNCHANGED,PASS
vipr_step_and_rotate,바이퍼 스텝 앤 로테이트,vipr_step_and_rotate,5,5,0,0,600075c01af3cb98303eafc5ef2a634bef4753a74d9ab9b806c5b848bee18694,PRESERVE_UNCHANGED,PASS
