exerciseStableKey,exerciseName,sourceStableKey,relationCount,ofiAxisCount,ofiScoreCount,doseCount,snapshotCount,cautionCount,badmintonFatigueCostCount,sourceProfileSha256,reconciliationAction,status
band_lift,밴드 리프트,band_lift,16,5,5,1,1,0,1,9d134f17c10aabaf6d3b77f3e181cd52390d88b9a0428d3a9663fb534b044172,PRESERVE_UNCHANGED,PASS
band_pallof_press,밴드 팔로프 프레스,ex_99728d25,16,5,5,1,1,0,1,f3d63feb019160241b04425aa07faca22ae7151302ccd559da7c6d92c25cfd91,INHERIT_UNCHANGED,PASS
band_woodchop,밴드 우드찹,band_woodchop,16,5,5,1,1,0,1,bff190133b9f9740e6b3a0b96008180b5e576ec635d1e73c20ef639468b7402f,PRESERVE_UNCHANGED,PASS
barbell_back_squat,스쿼트,barbell_back_squat,17,5,5,1,1,1,1,6f2e42233ba8c3d24fde5cdad7319e52c2098f63b9990a6f655344855ecfa2a1,PRESERVE_UNCHANGED,PASS
barbell_bench_press,벤치프레스,barbell_bench_press,16,5,5,1,1,0,1,430aede63fe1d8d8a989c7a494c75bc091e7621b5da98ca057755d2068903b16,PRESERVE_UNCHANGED,PASS
barbell_deadlift,데드리프트,barbell_deadlift,17,5,5,1,1,1,1,d683cb33dd6d506ff6cc198cfe3526296a5150832f9dcf6892c05f9eb61ccba1,PRESERVE_UNCHANGED,PASS
barbell_reverse_curl,바벨 리버스 컬,ex_dd2f732e,16,5,5,1,1,0,1,d63c5654e8080fd3a4154aaea9cc582dfa55dab0aea44bbd7fb5fd3d31096b3b,INHERIT_UNCHANGED,PASS
barbell_reverse_wrist_curl,바벨 리버스 리스트 컬,ex_8e18b02a,16,5,5,1,1,0,1,4469fe32917294199cb3eb7057ac3cbdbe0869848de68f8e0d7075c2a8c48a4b,INHERIT_UNCHANGED,PASS
barbell_romanian_deadlift,루마니안 바벨 데드리프트,barbell_romanian_deadlift,16,5,5,1,1,0,1,cac4eb72a118623b109d9bd69279bbb9285092a610a86227b09488024c8fb9fd,PRESERVE_UNCHANGED,PASS
cable_hip_adduction,케이블 힙 어덕션,ex_eaea872c,16,5,5,1,1,0,1,76584aa35c44a5f1de97f2605c66dcabc8e5936509d55b5b919d489b0326b535,INHERIT_UNCHANGED,PASS
cable_lift,케이블 리프트,cable_lift,16,5,5,1,1,0,1,a6af2671ab94baeda4c68f7f1c94a97dbc27eead2001d599d8319f61cd786fe3,PRESERVE_UNCHANGED,PASS
cable_overhead_triceps_extension,케이블 오버헤드 트라이셉스 익스텐션,ex_a9e8859c,16,5,5,1,1,0,1,b6454895290b9be0304996b5cb7a892755253eae678447334e7e968e6702f38c,INHERIT_UNCHANGED,PASS
cable_pallof_press,케이블 팔로프 프레스,ex_99728d25,16,5,5,1,1,0,1,f3d63feb019160241b04425aa07faca22ae7151302ccd559da7c6d92c25cfd91,INHERIT_UNCHANGED,PASS
cable_rear_delt_fly,케이블 리어델트 플라이,ex_7176cbee,16,5,5,1,1,0,1,7fed408eab00f1217a4f9fafc21dc89955494b3f18ffbbf32a8e38555827b41c,INHERIT_UNCHANGED,PASS
cable_woodchop,케이블 우드찹,cable_woodchop,16,5,5,1,1,0,1,2f24bd20da8262485aa01795bbaa4b8d6f0048e5dd12e319c777bdde2359519a,PRESERVE_UNCHANGED,PASS
chest_supported_row_machine,체스트 서포티드 로우 머신,ex_8e51640a,16,5,5,1,1,0,1,281809ff6f877fa119bc8ad6a0a4e0e3e7021f294cc5226b029ff023dc2b434e,INHERIT_UNCHANGED,PASS
dumbbell_chest_supported_row,덤벨 체스트 서포티드 로우,ex_8e51640a,16,5,5,1,1,0,1,281809ff6f877fa119bc8ad6a0a4e0e3e7021f294cc5226b029ff023dc2b434e,INHERIT_UNCHANGED,PASS
dumbbell_farmer_carry,덤벨 파머스 캐리,ex_a1fc4533,16,5,5,1,1,0,1,55e6325b8696051951ce74383f16369b559f5085603eb48965e7be06c8e6f0df,INHERIT_UNCHANGED,PASS
dumbbell_goblet_squat,덤벨 고블릿 스쿼트,ex_ac7df636,16,5,5,1,1,0,1,285afe757a3273195c7c661db09f26ff28aa8205abb26b1c29992e2aa20a0c01,INHERIT_UNCHANGED,PASS
dumbbell_lying_triceps_extension,덤벨 라잉 트라이셉스 익스텐션,ex_d20b7487,16,5,5,1,1,0,1,01dae3d8c3a87179df70523108d2b4a7c838e59a35c3d8d42fa44baa917fdf77,INHERIT_UNCHANGED,PASS
dumbbell_overhead_triceps_extension,덤벨 오버헤드 트라이셉스 익스텐션,ex_a9e8859c,16,5,5,1,1,0,1,b6454895290b9be0304996b5cb7a892755253eae678447334e7e968e6702f38c,INHERIT_UNCHANGED,PASS
dumbbell_preacher_curl,덤벨 프리처 컬,ex_e994008a,16,5,5,1,1,0,1,17d71bf49204a72d40abd34cc758e61b13293dc9ca29a2364585fcc26281364d,INHERIT_UNCHANGED,PASS
dumbbell_rear_delt_fly,덤벨 리어델트 플라이,ex_7176cbee,16,5,5,1,1,0,1,7fed408eab00f1217a4f9fafc21dc89955494b3f18ffbbf32a8e38555827b41c,INHERIT_UNCHANGED,PASS
dumbbell_reverse_wrist_curl,덤벨 리버스 리스트 컬,ex_8e18b02a,16,5,5,1,1,0,1,4469fe32917294199cb3eb7057ac3cbdbe0869848de68f8e0d7075c2a8c48a4b,INHERIT_UNCHANGED,PASS
dumbbell_romanian_deadlift,루마니안 덤벨 데드리프트,dumbbell_romanian_deadlift,16,5,5,1,1,0,1,606d5f673b73343862c1af17cc7889997da779abc2ed4a99a4ec129ce955eef8,PRESERVE_UNCHANGED,PASS
dumbbell_single_leg_rdl,덤벨 원레그 루마니안 데드리프트,single_leg_rdl,16,5,5,1,1,0,1,a85df53740305ca366c6724b6c110d33740b951003a3c934f3f26f181bf619d3,INHERIT_UNCHANGED,PASS
dumbbell_spider_curl,덤벨 스파이더 컬,ex_516f4456,16,5,5,1,1,0,1,ac7608c60f7f45f07a27581df015847c03cb460ae24f209fd2c07eab3d6bfd77,INHERIT_UNCHANGED,PASS
dumbbell_woodchop,덤벨 우드찹,dumbbell_woodchop,16,5,5,1,1,0,1,fd2a2a1412ccc48f5b67a8e5e79bfc683f1ba96dfa1eda0b0186d4a5d5e09268,PRESERVE_UNCHANGED,PASS
ex_1052e9fa,스미스 머신 런지,ex_1052e9fa,16,5,5,1,1,0,1,61acbed0d494527c337d7fc4dedbb7b1f562433baee7e78cb4378a2bc8bcc7cc,PRESERVE_UNCHANGED,PASS
ex_149730de,발목/고관절 가동성,ex_149730de,16,5,5,1,1,0,1,1125bf25b3829c2296d57f4907f4f945dc1368b2507eb890b81766eea2cb6f32,PRESERVE_UNCHANGED,PASS
ex_16b298db,미니밴드 사이드워크,ex_16b298db,16,5,5,1,1,0,1,2fa4325daf0abf7bee0b041b52da11ad4972a2c4fe50f118a727e994ae645e85,PRESERVE_UNCHANGED,PASS
ex_1a4858d7,농구,ex_1a4858d7,18,5,5,1,1,2,1,03886991e0282dab49a798526cbfc6dbf6d78c4fc03a64ade03ac0cf63d7515f,PRESERVE_UNCHANGED,PASS
ex_1a4bbdcf,축구,ex_1a4bbdcf,18,5,5,1,1,2,1,ad27c65ea54866d2a1213dbd1172db11173b314507fb970187a694b4cd52f027,PRESERVE_UNCHANGED,PASS
ex_1c7f2342,랜덤 풋워크,ex_1c7f2342,18,5,5,1,1,2,1,7063b2dfb2e31dcef5992fbfe0272e74a58c0bfc0e7212536566a33ca95f4322,PRESERVE_UNCHANGED,PASS
ex_1cf51b6b,노르딕 햄스트링 컬,ex_1cf51b6b,17,5,5,1,1,1,1,937790f7318ece2192586be4f296e65e2990f7d92e1aa0ac452a7dcd1b1cea8c,PRESERVE_UNCHANGED,PASS
ex_1dbee10e,머신 체스트프레스,ex_1dbee10e,16,5,5,1,1,0,1,d31e128f46547e578b746e8a286c96958dc78e30362146bfd29078b26c64f6d8,PRESERVE_UNCHANGED,PASS
ex_2055b629,애질리티 래더,ex_2055b629,17,5,5,1,1,1,1,304b23166262c7d922598c3198d5455bf28e08b0f4396b2613655a7775bccbb5,PRESERVE_UNCHANGED,PASS
ex_216351a1,가벼운 콕줍기,ex_216351a1,18,5,5,1,1,2,1,14a1f5b8a5dd9346d324c684b2fb78a0273002ec01948cac5ce839c443f60a0a,PRESERVE_UNCHANGED,PASS
ex_27b3deb5,클로즈그립 벤치프레스,ex_27b3deb5,16,5,5,1,1,0,1,08559e0155cb8bc3a8b1ee38d47a7bab750ae5f56a069a2b3d79a7c6c9b32c0d,PRESERVE_UNCHANGED,PASS
ex_281347da,덤벨 컬,ex_281347da,16,5,5,1,1,0,1,2f070700481fa28122d5e768eb766a5ef513be0e73c9b6fb3971aa4fe8644b17,PRESERVE_UNCHANGED,PASS
ex_2822ec2e,레그 컬,ex_2822ec2e,16,5,5,1,1,0,1,f8876ddff8788d5aa2e076147bcd51c18cadf629ed08b9de71e8abd0fc3c0f8f,PRESERVE_UNCHANGED,PASS
ex_282a9d87,링 로우,ex_282a9d87,16,5,5,1,1,0,1,0cbadb241d00fd3cbd659f8da88b63e6926cd2b3beef994481589eb505f91bb4,PRESERVE_UNCHANGED,PASS
ex_28347c1f,버드독,ex_28347c1f,16,5,5,1,1,0,1,b755df66720229d2d5e2d43771180b663be02da57f801742d247b43e9aeaeceb,PRESERVE_UNCHANGED,PASS
ex_284ecca6,슈퍼맨,ex_284ecca6,16,5,5,1,1,0,1,a018b91492d22b8992c2e023709c8b3efddd5961a92b3c7bbd691a36c2ad0971,PRESERVE_UNCHANGED,PASS
ex_28902b13,푸시업,ex_28902b13,16,5,5,1,1,0,1,54857a06636f0e2aff1201aaff7551a8798ed181ab0290b1e192f64921256868,PRESERVE_UNCHANGED,PASS
ex_2892da5a,해머 컬,ex_2892da5a,16,5,5,1,1,0,1,8c6c26ca8ff8ed433132adb7b180cdd288c90dbafc84d9d9d19d7f126afea1a4,PRESERVE_UNCHANGED,PASS
ex_2a826c82,할로우 바디 홀드,ex_2a826c82,16,5,5,1,1,0,1,eef8342784213d2a7a02b8aa6d0d924ef6fdaca291f06358460dd3f65bd04b6d,PRESERVE_UNCHANGED,PASS
ex_2f3b56d0,테니스,ex_2f3b56d0,18,5,5,1,1,2,1,98801cf64b2857bfb68b4223002758787fcbaf4b6689be892aebfe26c2e49ac5,PRESERVE_UNCHANGED,PASS
ex_30a0e9aa,원암 덤벨 로우,ex_30a0e9aa,16,5,5,1,1,0,1,da4cc66db43a6a3603fb43a8735a11c2da968682c2716d3f1b15107bd1ddcf8e,PRESERVE_UNCHANGED,PASS
ex_314df428,원레그 홉 투 스틱,ex_314df428,16,5,5,1,1,0,1,ffa93859a0bee0f0c5e6cf5907b2ab7994ef20025f91e10df1063b0e92908be4,PRESERVE_UNCHANGED,PASS
ex_32219f7a,오버헤드 프레스,ex_32219f7a,16,5,5,1,1,0,1,ee43b7b7157bd0f9c3b959ad37a9d3b9e3144232733e4512e6e924b821c17d6e,PRESERVE_UNCHANGED,PASS
ex_32eb8457,원암 랫풀다운,ex_32eb8457,16,5,5,1,1,0,1,4f767f50d33f61cd727ad2d7645c4141e9c0bf61c96232250152285ecaf6c8bb,PRESERVE_UNCHANGED,PASS
ex_33841b88,6코너 풋워크,ex_33841b88,18,5,5,1,1,2,1,76e2c4f83c9b52f3dc06b76750192d9a3e31cdeae46090f4b4580a341a705996,PRESERVE_UNCHANGED,PASS
ex_33d2da8e,원암 머신 로우,ex_33d2da8e,16,5,5,1,1,0,1,81c278ee09ffc5ddaad10f4368a4f984910eebeac97175de652b344a51508049,PRESERVE_UNCHANGED,PASS
ex_34e7d21,래터럴 바운드 투 스틱,ex_34e7d21,16,5,5,1,1,0,1,cc96c51e6f2429d9f0a99732e0be0db1039ecceeb0d2da385d40ad2d67682ef1,PRESERVE_UNCHANGED,PASS
ex_377448a9,스플릿 스텝 후 좌우 런지,ex_377448a9,18,5,5,1,1,2,1,dd0ec0f86b9f27435834b1ffeab271a25ca20a49d977a8ffb3ab0f0bb4fbc0e9,PRESERVE_UNCHANGED,PASS
ex_389920ab,글루트 브릿지,ex_389920ab,16,5,5,1,1,0,1,864bcbc8b57d2fced9a6335551ccda4fdc676c1ce683a7a1341e5d844578080b,PRESERVE_UNCHANGED,PASS
ex_389e0556,원암 덤벨 벤치프레스,ex_389e0556,16,5,5,1,1,0,1,0a978c672b72892c4e3ec29a9e61274ab8102eae3b308ff28f72a6951e2554e6,PRESERVE_UNCHANGED,PASS
ex_3a7d3eda,덤벨 벤치프레스,ex_3a7d3eda,16,5,5,1,1,0,1,701aa39d26e1b127532eb5a2cf4a7546fdf0a0527424e08830202b4ae76ecc46,PRESERVE_UNCHANGED,PASS
ex_3c3692aa,케이블 원암 로우,ex_3c3692aa,16,5,5,1,1,0,1,15ac9f996a38fb85070e3bed65108a955e52a7bfcecfdf0c9e4c21444f13d0d1,PRESERVE_UNCHANGED,PASS
ex_3caa236b,파이크 푸시업,ex_3caa236b,16,5,5,1,1,0,1,9b6e4dfc2c2f1512eb6689c1cac1f4be9d390b42c35dc74a93c2399be698c5a1,PRESERVE_UNCHANGED,PASS
ex_3d5719de,원암 케이블 컬,ex_3d5719de,16,5,5,1,1,0,1,597ba41870200bc1ff4372c7dec083c741f9e56fdaf4cd08a10f8134f5418df3,PRESERVE_UNCHANGED,PASS
ex_3f184ef9,버피,ex_3f184ef9,16,5,5,1,1,0,1,b5002c33379d3831944caccc25afec8f2ac192d1bc94dc0ae86be9ab4a58ee85,PRESERVE_UNCHANGED,PASS
ex_40fa57be,원암 케이블 하이 로우,ex_40fa57be,16,5,5,1,1,0,1,295d97527c684a33e4da5bc5b0aab09c6871888f9b3472dddf6577301a57363b,PRESERVE_UNCHANGED,PASS
ex_421ba24b,좌우 랜덤 콕줍기,ex_421ba24b,18,5,5,1,1,2,1,4b97f9694b6376da1526944f6c04ccb148176faff71b817c98e6bc50760bd9c5,PRESERVE_UNCHANGED,PASS
ex_4255e429,앞뒤 랜덤 콕줍기,ex_4255e429,18,5,5,1,1,2,1,e12c362b42066431e117a2f0932026580568e954e55735cf50fbb707b2f51103,PRESERVE_UNCHANGED,PASS
ex_442617f6,원암 케이블 플라이,ex_442617f6,16,5,5,1,1,0,1,4b94fe0e7165c90ba72f4a87a16a6b0ecfa9882463d72ec7f711f57a87974493,PRESERVE_UNCHANGED,PASS
ex_462c760e,체스트 서포티드 원암 머신 로우,ex_462c760e,16,5,5,1,1,0,1,a76a461a1fd8891551a5481d647603fcfc8fda1bb59fde07c0eb62d8c00ba8ac,PRESERVE_UNCHANGED,PASS
ex_4773b6ea,린단 참고 트랙 스프린트,ex_4773b6ea,16,5,5,1,1,0,1,1feb903cb13c4ad70dad4cc8ae5b026eac045ac3028960e0c6a00d02777a58e0,PRESERVE_UNCHANGED,PASS
ex_4aa3725a,머신 숄더프레스,ex_4aa3725a,16,5,5,1,1,0,1,892150a453f750c05ea98dd450e596c81502bbdf7224e339d5a7453cdb31ec25,PRESERVE_UNCHANGED,PASS
ex_4c76dbb2,케이블 풀스루,ex_4c76dbb2,16,5,5,1,1,0,1,b9e139a82537e60ae99904a4927313fe8bb1a7112fd2185453c2bcd4b0400d08,PRESERVE_UNCHANGED,PASS
ex_4c779df2,케이블 플라이,ex_4c779df2,16,5,5,1,1,0,1,c6120892bd6753e57b5383b771c87b0356f6f6c0b6bffe327657d3c4acea9ffc,PRESERVE_UNCHANGED,PASS
ex_5004ca76,린단 참고 페이스 체인지 풋워크,ex_5004ca76,18,5,5,1,1,2,1,afb5610d9b3870ed38226956ea20503e6e1cb5fb55c0841cea2f78dde3154056,PRESERVE_UNCHANGED,PASS
ex_5322f2d1,원암 케이블 트라이셉스 푸시다운,ex_5322f2d1,16,5,5,1,1,0,1,9b4aa966213a79d6439d88dca2c541e5f99e4466c3f77d80641e91e90ae52174,PRESERVE_UNCHANGED,PASS
ex_5c8751d2,시티드 카프 레이즈,ex_5c8751d2,16,5,5,1,1,0,1,2d4e6918b6c687abd8d2ee4eb226389b1f3733f12c190d9c70675573c9d7bfe6,PRESERVE_UNCHANGED,PASS
ex_5ca7133f,원레그 카프 레이즈,ex_5ca7133f,16,5,5,1,1,0,1,3435a17ae15f5fe213a713be6d917dc42b33f55bacbc7bcaae562f68b0b33b58,PRESERVE_UNCHANGED,PASS
ex_6232f4bc,박스 스텝업,ex_6232f4bc,16,5,5,1,1,0,1,9cec510359f1318af4d5eb1c1bbfe80b9a22ae3df0cdb7dd2ed5ab3ec6cd34c1,PRESERVE_UNCHANGED,PASS
ex_64422511,랜덤 방향전환 드릴,ex_64422511,18,5,5,1,1,2,1,fe441ed0e567cb10b6c0a3d14f7fd0485cc02c2276091b7b1b68f097ac5e417d,PRESERVE_UNCHANGED,PASS
ex_644e0f9d,V업,ex_644e0f9d,16,5,5,1,1,0,1,1344f2b5c11e990007e09ffe93c7b8b51b0b4b2d97fad2f85a6f7e9fa48e188a,PRESERVE_UNCHANGED,PASS
ex_6463edad,딥스,ex_6463edad,16,5,5,1,1,0,1,5a00ab873c52b8fa8aa93feded274a1c3291c3117088ff138942978b6a3b8e52,PRESERVE_UNCHANGED,PASS
ex_64644b5e,런지,ex_64644b5e,16,5,5,1,1,0,1,103f942989affd354d084015be39ef38bd6a3e6f2c6a8c4a9ab30126a7c2a113,PRESERVE_UNCHANGED,PASS
ex_64661229,월싯,ex_64661229,16,5,5,1,1,0,1,4c413ba71082ea4401d949fa928b971f3d510d2f24f1988fd6ef49dcdf7c630b,PRESERVE_UNCHANGED,PASS
ex_6466fe77,친업,ex_6466fe77,16,5,5,1,1,0,1,600c517e8f4f94a6317a747de5cc096146facb781eac510fb02b49678d7096ba,PRESERVE_UNCHANGED,PASS
ex_681d9ed2,러닝,ex_681d9ed2,16,5,5,1,1,0,1,79337b7b0b4ced2489c13c9e502d1960510fdc8c9caa1be337a5028e33d1f6a3,PRESERVE_UNCHANGED,PASS
ex_681eed4a,수영,ex_681eed4a,16,5,5,1,1,0,1,6ab79e0af76977f831f7a39778ec4c5b30262ce37115ffa5da5fa73597624bc4,PRESERVE_UNCHANGED,PASS
ex_69a56484,래터럴 스텝다운,ex_69a56484,16,5,5,1,1,0,1,c190021a75e134b8a3f7f39bab942073ac360e0770610caaa9869ab3400990dc,PRESERVE_UNCHANGED,PASS
ex_6a966452,체스트 서포티드 원암 덤벨 로우,ex_6a966452,16,5,5,1,1,0,1,e0700f4de57654fba4cbe6adf3849dab3620d0179acd63f1de226b72bc1c5bce,PRESERVE_UNCHANGED,PASS
ex_704cbf1a,덤벨 스텝업,ex_704cbf1a,16,5,5,1,1,0,1,8b756ce6fef6ef158e61a746ef4bb6b072c9f70ca92b36345e22094882662ae9,PRESERVE_UNCHANGED,PASS
ex_708e64ce,덤벨 풀오버,ex_708e64ce,16,5,5,1,1,0,1,fa77273003dcf4b70f662e10b372c0bddf91ab266c80e770afb199a4ba12325e,PRESERVE_UNCHANGED,PASS
ex_70f19bf,리닝 래터럴 레이즈,ex_70f19bf,16,5,5,1,1,0,1,561b1ddb3790ad5aa71e7a529a0960c3a7daa9575068524ea831cc415fac3213,PRESERVE_UNCHANGED,PASS
ex_721f7b5b,힙 쓰러스트,ex_721f7b5b,16,5,5,1,1,0,1,ebcaa70af7b99f90758a4a312e2560e5b12860dbbbff31ac84a18495fac23c0f,PRESERVE_UNCHANGED,PASS
ex_728da646,힙 어브덕션,ex_728da646,16,5,5,1,1,0,1,7c00778bc0873ad3c2e8ea171db46749b790816699f71e435b1c17d952e62a5b,PRESERVE_UNCHANGED,PASS
ex_72f11dc5,덤벨 리스트 익스텐션,ex_72f11dc5,16,5,5,1,1,0,1,ad64b6689f0f909fa8d8a972a9d2abf69542f93974c6070c47131769a5f3b9af,PRESERVE_UNCHANGED,PASS
ex_73b0b63f,아처 푸시업,ex_73b0b63f,16,5,5,1,1,0,1,65cf09b0c63ee8e43e67e80f796f017f3e420cdbecbe393a2ac6ecd6878ccfc2,PRESERVE_UNCHANGED,PASS
ex_7404067c,케틀벨 스윙,ex_7404067c,16,5,5,1,1,0,1,b773ebca44d930dae65884f8bed3b1a55273809fe68b73f457ed53bf5c68285b,PRESERVE_UNCHANGED,PASS
ex_74c2d13b,계단 오르기,ex_74c2d13b,16,5,5,1,1,0,1,2fcb19e970366e2ccea79b7d9dc1aa89f9067fdb64f5f4ee3620ad85ed4231da,PRESERVE_UNCHANGED,PASS
ex_752b45ae,멀티셔틀 풋워크,ex_752b45ae,19,5,5,1,1,3,1,a2d617715bb5b1eb24c73d6cf2c290107edd62f6df55d29a135263ae6675f1bd,PRESERVE_UNCHANGED,PASS
ex_767e188e,아놀드 프레스,ex_767e188e,16,5,5,1,1,0,1,e181665776abc37d2d8685c1eb6da638a9d51e867fc32af971690ea7e73d0020,PRESERVE_UNCHANGED,PASS
ex_7814843a,원암 덤벨 숄더프레스,ex_7814843a,16,5,5,1,1,0,1,2ed46ea099525529ab0dd8a880d891fe99acde883bccbc629ef535c3a5b74c98,PRESERVE_UNCHANGED,PASS
ex_79f3bdbe,덤벨 숄더프레스,ex_79f3bdbe,16,5,5,1,1,0,1,7fbdb95998fd2256e03ae420510c2464ded7b2612ebbcc71de3539d7ce27f3d0,PRESERVE_UNCHANGED,PASS
ex_7ce96a7a,프론트풋 엘리베이티드 스플릿 스쿼트,ex_7ce96a7a,16,5,5,1,1,0,1,ca1232196979b8d405cca019508aad872f3bf34343c0033aaa6097eb4aa307c2,PRESERVE_UNCHANGED,PASS
ex_7deabeba,리어델트 케이블 플라이,ex_7deabeba,16,5,5,1,1,0,1,55afe36b48ac126ac413895a4c9be69f0b61cc5b3f3a7e3b4584ebe177064bf0,PRESERVE_UNCHANGED,PASS
ex_85b2ac56,원암 덤벨 컬,ex_85b2ac56,16,5,5,1,1,0,1,b4b6247bc40ec452827c5440aeb63e19697891c42c4e886cd442c1d7e32aebb9,PRESERVE_UNCHANGED,PASS
ex_85f12271,원레그 박스 스쿼트,ex_85f12271,16,5,5,1,1,0,1,e38ff4da691958bc30364f938d6787100ded19b924375cc17764b27ead0958e5,PRESERVE_UNCHANGED,PASS
ex_86323ed6,원암 해머 컬,ex_86323ed6,16,5,5,1,1,0,1,33b8d91e682835c982ff158e7a2a778793b8689e0e68b0563aa593d2cdffd40b,PRESERVE_UNCHANGED,PASS
ex_8633d8db,EZ바 컬,ex_8633d8db,16,5,5,1,1,0,1,5a9d550d85a171ef01883352a2544aaa02581c6062577d24139225ca1e04f5cd,PRESERVE_UNCHANGED,PASS
ex_8824026f,원레그 레그 컬,ex_8824026f,16,5,5,1,1,0,1,2a12712fc27b62fc7b9e4e2d266452a0618fbf0fcb2bb73bc47848a3e58e2279,PRESERVE_UNCHANGED,PASS
ex_8a3800f1,리버스 노르딕 컬,ex_8a3800f1,17,5,5,1,1,1,1,48adcd0bcb6f338019920d5491c8fcd790053abe4099a73291e89d7357078762,PRESERVE_UNCHANGED,PASS
ex_8e4bf08e,Yates Row,ex_8e4bf08e,16,5,5,1,1,0,1,c59b1335c3b132580dfff775b5aa540e5055d816b8c0b2e34647d710ae014faf,PRESERVE_UNCHANGED,PASS
ex_8e69fc74,스플릿 스텝 리액션,ex_8e69fc74,18,5,5,1,1,2,1,02e0b05e06069e9fd0e310a91aec90988322e17a3cd3550e5e57725714409c74,PRESERVE_UNCHANGED,PASS
ex_91b749b3,플랫 덤벨 플라이,ex_91b749b3,16,5,5,1,1,0,1,eb23af3cad7892b89098e8ad621d38ced030025a967fddb531818128d8e18e9a,PRESERVE_UNCHANGED,PASS
ex_91d8430b,30초 반복 스매시 테스트,ex_91d8430b,16,5,5,1,1,0,1,fd4f46fa59efc30bf48c9b91b93ec9fa51e1265e4bf3dddc05a5e3111c5ead44,PRESERVE_UNCHANGED,PASS
ex_91f6958d,터키시 겟업,ex_91f6958d,16,5,5,1,1,0,1,eabf943a343653c27759bddd851f8d653a3ac6a31ac804af774bbeebb64f79b6,PRESERVE_UNCHANGED,PASS
ex_93538692,덤벨 래터럴 레이즈,ex_93538692,16,5,5,1,1,0,1,2d02b0688d64b21ca24c5feaccc3194b8b5ae0aa46fab6f8a4b9548312d7eb60,PRESERVE_UNCHANGED,PASS
ex_95028bfe,덤벨 리스트 컬,ex_95028bfe,16,5,5,1,1,0,1,1baed7ef9cbeb6d49d5d3bddf1bdfb2f5e2d02475173358d75446fcec06c7ffe,PRESERVE_UNCHANGED,PASS
ex_9b132c23,사이드 스텝 후 정지,ex_9b132c23,16,5,5,1,1,0,1,f6e8c82a5f12553b748e18b8317bb9278c08cbe51174f9547f83a0c5b4333d24,PRESERVE_UNCHANGED,PASS
ex_9bd6dddb,줄넘기,ex_9bd6dddb,16,5,5,1,1,0,1,e48b658b6716217d528e81ce26f6095862dd3ebdf6a35ceacbb9181d9f4b964b,PRESERVE_UNCHANGED,PASS
ex_9f283612,원암 인클라인 덤벨 프레스,ex_9f283612,16,5,5,1,1,0,1,ad128a076e4edd47305651164b06cfd025e6eabb1523a1e3484a0d44601d64d7,PRESERVE_UNCHANGED,PASS
ex_a091b9fe,원레그 레그 프레스,ex_a091b9fe,16,5,5,1,1,0,1,a7bd3f5d03c9a6db5249c4b6b8bd24d999c64d0dcc854f51a92908f55437f3d4,PRESERVE_UNCHANGED,PASS
ex_a12de111,A스킵,ex_a12de111,17,5,5,1,1,1,1,41ef9ad212116bc501e4233bb4bb576d07813ec9d04fdf4083300b73e91ae749,PRESERVE_UNCHANGED,PASS
ex_a12de4d2,B스킵,ex_a12de4d2,17,5,5,1,1,1,1,a495b59482f3e9c7c3b1b2b73fe22532d8583df5ac862bab505c466888403c13,PRESERVE_UNCHANGED,PASS
ex_a345e30b,캡틴체어 레그 레이즈,ex_a345e30b,16,5,5,1,1,0,1,e7c07ffd33cb159b7610ae3816bca03026bcb3ab468e2add719f1ffe553ca48f,PRESERVE_UNCHANGED,PASS
ex_a3ddd8ac,라인 홉,ex_a3ddd8ac,16,5,5,1,1,0,1,412ebe591626a3c3f5a055ec99acf2ccfcb2cb2470a558890efa3f174ea386ff,PRESERVE_UNCHANGED,PASS
ex_a4040be3,셔틀런,ex_a4040be3,17,5,5,1,1,1,1,1eb88e1e5fa6624d6894925db5aba7c675920bb1b24f02e63f2dee0e0e539e4b,PRESERVE_UNCHANGED,PASS
ex_a412dd45,앙클링,ex_a412dd45,17,5,5,1,1,1,1,f5a8b87d84c6844bda7b459bb3f62bf19b995145317a886491c1816486a2140a,PRESERVE_UNCHANGED,PASS
ex_a4350c0f,콘 드릴,ex_a4350c0f,17,5,5,1,1,1,1,3ccb717a3501844d24631209231d9df9b93b05b5f0182323d88cfae1b0c72b7f,PRESERVE_UNCHANGED,PASS
ex_a44ae2ca,플랭크,ex_a44ae2ca,16,5,5,1,1,0,1,b6c12ec3a94a0681e07860ccd2b5a5133378334d8ea1f781c468174a1c418c3b,PRESERVE_UNCHANGED,PASS
ex_a60496be,원암 리어델트 케이블 플라이,ex_a60496be,16,5,5,1,1,0,1,ba740d5924ff1dc72930078a1b6ff649ccc9e737bc8f6c9fa94ac2532a2408ed,PRESERVE_UNCHANGED,PASS
ex_a611010d,코사크 스쿼트,ex_a611010d,16,5,5,1,1,0,1,ffd2b6ff42e0cd5d997299fb109f1d39d9add85caeac064ded902c0fe868d7c7,PRESERVE_UNCHANGED,PASS
ex_a61f1e96,인클라인 덤벨 프레스,ex_a61f1e96,16,5,5,1,1,0,1,05ddecca5d0d6d4dd83769c54f3430cc67078060ea4dd4cfc4fd9d7b62ffd2d2,PRESERVE_UNCHANGED,PASS
ex_a61f307a,인클라인 덤벨 플라이,ex_a61f307a,16,5,5,1,1,0,1,c539a05f8337bbc9b6f63c79af78a4666502e16ba07eba6a8ed5716eb4c6b3cc,PRESERVE_UNCHANGED,PASS
ex_a76f20b6,시티드 원암 케이블 로우,ex_a76f20b6,16,5,5,1,1,0,1,a32c1db31e55ed0aff5f03b667934e604f9b989fd5c3b45de571060b40d14b60,PRESERVE_UNCHANGED,PASS
ex_a8385c4a,코펜하겐 플랭크,ex_a8385c4a,16,5,5,1,1,0,1,de3ba87c353a22d12d3e9bad484d210b6b4b133e7411c3acfb192092bdc6e026,PRESERVE_UNCHANGED,PASS
ex_a9b52886,마운틴 클라이머,ex_a9b52886,16,5,5,1,1,0,1,612110c3eee4e333fd3620a054f186ae03556dae0b9d613c862b52bbf2201a6b,PRESERVE_UNCHANGED,PASS
ex_ab468462,레그 프레스,ex_ab468462,16,5,5,1,1,0,1,e331bc6ee562ffc744303edf1dbfd2e6c0cce34f11eea551d1583e39f92ce5e8,PRESERVE_UNCHANGED,PASS
ex_ab918e2b,실내 자전거,ex_ab918e2b,16,5,5,1,1,0,1,8e890e84ec416d1b6dbf965b48abe53ba6adc3e8fcbc04454b026beeee0dbfc1,PRESERVE_UNCHANGED,PASS
ex_aca9d312,러닝 풋살,ex_aca9d312,18,5,5,1,1,2,1,2a200ca5ab87b0f66ce6104ed2aa7fe4b2ef25e720add652de1712ec96ccaa8f,PRESERVE_UNCHANGED,PASS
ex_ae9ecdbc,배드민턴,ex_ae9ecdbc,17,5,5,1,1,1,1,c90242d2374b4f120dd3152953c93804e85eb0103eb2faec0081547a49ac8591,PRESERVE_UNCHANGED,PASS
ex_b076570e,원암 케이블 래터럴 레이즈,ex_b076570e,16,5,5,1,1,0,1,3364ebfc428b598f3490e15094e4aa8ecb9d44244200723ab24567d107a81a3a,PRESERVE_UNCHANGED,PASS
ex_b3f447be,행잉 레그 레이즈,ex_b3f447be,16,5,5,1,1,0,1,d6cbcdaf713222cee7dc2d33599fbce5da1077882c0cc1d25c27dc5a3863f2f1,PRESERVE_UNCHANGED,PASS
ex_b4b198de,래터럴 런지,ex_b4b198de,16,5,5,1,1,0,1,025d62da00cc3c7889d1a6321d83eb984b40f49e13bc258a78d8d86368081706,PRESERVE_UNCHANGED,PASS
ex_b59bed7d,스탠딩 레그 컬,ex_b59bed7d,16,5,5,1,1,0,1,afd86d6a37d27481708648bd427e93dd34859c3e43f5cb1097826e3cf4ce786b,PRESERVE_UNCHANGED,PASS
ex_b69ab702,크로스바디 해머 컬,ex_b69ab702,16,5,5,1,1,0,1,5df30173606d76ad79a6a9e16a3a6288805145d4ed78e1f25a61db93a2857d6d,PRESERVE_UNCHANGED,PASS
ex_b76d3f92,케이블 래터럴 레이즈,ex_b76d3f92,16,5,5,1,1,0,1,66219ea4358b0766edafc5bb0f6dc7c6825ee9bb95025df303dedfa22cac235a,PRESERVE_UNCHANGED,PASS
ex_b78a8f95,레그 익스텐션,ex_b78a8f95,16,5,5,1,1,0,1,e4493669e086ab91e3c658a1d0c08d1855013c9d346862c9b6e1b72fe940ebc8,PRESERVE_UNCHANGED,PASS
ex_badminton_lesson,배드민턴 레슨,ex_badminton_lesson,16,5,5,1,1,0,1,db9b3cd32c0cb027fe1e21f859876ae41b95538a63fe2cef16794619df35d156,PRESERVE_UNCHANGED,PASS
ex_bb4b4276,등받이 없는 덤벨 시티드 숄더프레스,ex_bb4b4276,16,5,5,1,1,0,1,63a79995a5a89a9ad700264ce1f8cc437950839a55c33bc38835e64a94753158,PRESERVE_UNCHANGED,PASS
ex_bc84eb7f,6방향 랜덤 콕줍기,ex_bc84eb7f,18,5,5,1,1,2,1,e464aedce4fe9212faf44e6a70b17a4138d10d87081c4f31d225730339ca8113,PRESERVE_UNCHANGED,PASS
ex_c1a81cb2,로프 해머 컬,ex_c1a81cb2,16,5,5,1,1,0,1,011dfa6d8bb89942ae28222dd306716f90e1f5a11dddf94725f27c1ce0db6df6,PRESERVE_UNCHANGED,PASS
ex_c1bf2aa8,안세영 참고 고강도 랠리 풋워크,ex_c1bf2aa8,19,5,5,1,1,3,1,6cf6be0a803a87dd6531e65c39f9f73a694d63bd45474729aa532923fe31315d,PRESERVE_UNCHANGED,PASS
ex_c365e5e2,원암 스트레이트암 풀다운,ex_c365e5e2,16,5,5,1,1,0,1,7cb9785b8bab304d4dbac83e0f7d678625fdb3ce7f9949d0343b8eb0a796bb64,PRESERVE_UNCHANGED,PASS
ex_c4535de3,스캡 푸시업,ex_c4535de3,16,5,5,1,1,0,1,25b4588ef112ccd226a1fdb7a4052c8d36980659245beab9705b088c1b30fc22,PRESERVE_UNCHANGED,PASS
ex_c4ea0a2a,스킵 바운드,ex_c4ea0a2a,17,5,5,1,1,1,1,934a17130e93c3bff86700bce62dcfb2664a64463bd267099bcd3c8c725538b4,PRESERVE_UNCHANGED,PASS
ex_c5043892,프론트 스쿼트,ex_c5043892,17,5,5,1,1,1,1,1f0d55b32eca43c41790306375ff57f0657b592e415b9f41cb7d0f1f9f956bb6,PRESERVE_UNCHANGED,PASS
ex_c536edc2,원암 케이블 숄더프레스,ex_c536edc2,16,5,5,1,1,0,1,279b18aa804fe3563e1453da07781678259853b3e3e9a7c9b6de434bffd4a83d,PRESERVE_UNCHANGED,PASS
ex_c5c2fdef,스트라이드,ex_c5c2fdef,17,5,5,1,1,1,1,4ac477bd4549efa93ba8d363631da49d851afa4986dfe830b69391fc7934d99c,PRESERVE_UNCHANGED,PASS
ex_c5f4c242,랜덤 비프 풋워크,ex_c5f4c242,18,5,5,1,1,2,1,c5a5b9fa9819974231b1fddaf1c2c8c055c57a47da0bd58285707fe8c55c2a15,PRESERVE_UNCHANGED,PASS
ex_c62c0716,컨센트레이션 컬,ex_c62c0716,16,5,5,1,1,0,1,eb84ab04dfb76d6949e9ec43f371f2f8e71e70bea6e25d74c10a74ac4f3e599b,PRESERVE_UNCHANGED,PASS
ex_c6d9efef,스플릿 스텝,ex_c6d9efef,18,5,5,1,1,2,1,49d8e49e891565e35f5d867a9fe4c02bf9d8a926d85e8f275012eb710f281002,PRESERVE_UNCHANGED,PASS
ex_c7977dfd,6코너 풋워크 최대반복 테스트,ex_c7977dfd,19,5,5,1,1,3,1,45abbba4d59e78b5cbd653b24b1d732e590d6dd6be349a517b5cbfe774b4ad0c,PRESERVE_UNCHANGED,PASS
ex_c8bcf3ce,리버스 런지,ex_c8bcf3ce,16,5,5,1,1,0,1,f46a7b58ded829641291118c08d5f333de0d8cdb3a4bfe1a770780a3a1bcebca,PRESERVE_UNCHANGED,PASS
ex_ca5cce66,스트레이트암 풀다운,ex_ca5cce66,16,5,5,1,1,0,1,bbc350cbebd86e35d50c5da5409593910d3709a5566b7e86f7ed1c4fd18a1746,PRESERVE_UNCHANGED,PASS
ex_cb3c4dc2,맨몸 스쿼트,ex_cb3c4dc2,16,5,5,1,1,0,1,4c7410c27022decfdc4b49c4b27eb5db5c78150d9939e1a32b03435cd50c98e4,PRESERVE_UNCHANGED,PASS
ex_d5048362,인클라인 덤벨 컬,ex_d5048362,16,5,5,1,1,0,1,eafa614a98b970996dc03ac98781e6785d0947b8e423ab2caeea06b54d0e0cc6,PRESERVE_UNCHANGED,PASS
ex_d5bdffe1,데드버그,ex_d5bdffe1,16,5,5,1,1,0,1,6ccb63cb13e5605fe30d16bb3ff00127b9e1a41a5e771b1f5fbb0adac4857e6a,PRESERVE_UNCHANGED,PASS
ex_d60745b4,원레그 레그 익스텐션,ex_d60745b4,16,5,5,1,1,0,1,aa220e45b06a6d20c45ef7a98f32d7e6834fa8124929b4d37785f0f248e2b65a,PRESERVE_UNCHANGED,PASS
ex_d6726746,드롭 점프,ex_d6726746,16,5,5,1,1,0,1,dd869bfc080dc399d507d1cfaf7adcf2397d943a06f0f791e0813ac6844c4790,PRESERVE_UNCHANGED,PASS
ex_d67e5761,피스톨 스쿼트,ex_d67e5761,16,5,5,1,1,0,1,b00c6a6be873f34e1ab74a1cea0ef32fce747e5232859cc1a97e7cbd10b836d3,PRESERVE_UNCHANGED,PASS
ex_d7c90536,로잉머신,ex_d7c90536,16,5,5,1,1,0,1,11f4b5ee0410ff410e9330e3f222971106d8ad5cbece987b97bd81d7d7a8741d,PRESERVE_UNCHANGED,PASS
ex_d9e141e4,박스 점프,ex_d9e141e4,16,5,5,1,1,0,1,d39be6e8da855ba8e944fc664e9b1ea816e704d21c575983b2e1b43fd15da0e0,PRESERVE_UNCHANGED,PASS
ex_da56a4fe,덤벨 킥백,ex_da56a4fe,16,5,5,1,1,0,1,6b246584e4825f4b751f021650ab04913130cbd05a1727bca1f4b0ecbb959123,PRESERVE_UNCHANGED,PASS
ex_dc9e5953,랫풀다운,ex_dc9e5953,16,5,5,1,1,0,1,ddd3052e45c210c50f55630f147faaa4bd66439b70ee1bc06a9e9f365f575f68,PRESERVE_UNCHANGED,PASS
ex_dd16e07a,스트레칭,ex_dd16e07a,16,5,5,1,1,0,1,3b52908c9adbcd02c82aaf6cab2810519e69faadd098a323b7f5ab7b0ec6c511,PRESERVE_UNCHANGED,PASS
ex_de46b7f6,바벨 로우,ex_de46b7f6,16,5,5,1,1,0,1,3fd0adaf186f018caccbb1fc2d929c52dc0b14ec45c1533e18851bd29f9bbadb,PRESERVE_UNCHANGED,PASS
ex_debf6a8b,다이아몬드 푸시업,ex_debf6a8b,16,5,5,1,1,0,1,3084123d15d8a5c214d8beaa2cb20a123ecf1a515c3a3bba69a18c85cf57ad29,PRESERVE_UNCHANGED,PASS
ex_deca2b61,벤치 딥스,ex_deca2b61,16,5,5,1,1,0,1,951c31149830fed57f717a4d1daf4bbcdbad9a0b3f09c4c22086ee7770f5e60c,PRESERVE_UNCHANGED,PASS
ex_df966b45,점프 런지,ex_df966b45,16,5,5,1,1,0,1,e2dae15cba55be9629d119e6f72a9e8c340bd4d19d2561283a30a819a59109ce,PRESERVE_UNCHANGED,PASS
ex_e0b1e364,원암 덤벨 RDL,ex_e0b1e364,16,5,5,1,1,0,1,525c8d72068c0e1d2b74eb4f0a4b0ee72a75d7c5af35a741bb911feeb52589ba,PRESERVE_UNCHANGED,PASS
ex_e1894690,스캡 풀업,ex_e1894690,16,5,5,1,1,0,1,3dd88c693a411a061a11df2381348b2f01874e4d586c9ae5d699ed47f58e5efe,PRESERVE_UNCHANGED,PASS
ex_e2efd0fe,불가리안 스플릿 스쿼트,ex_e2efd0fe,16,5,5,1,1,0,1,6ab9bf50f94141a24cd1da018bdb0d0646fb4c0378add3c77ecade6a15357cf5,PRESERVE_UNCHANGED,PASS
ex_e3715c0b,워킹 런지,ex_e3715c0b,16,5,5,1,1,0,1,e0c68ffbe646da239ed4e106ecc90d0ba5f6743fdb2c0a21b68e5068d122fab0,PRESERVE_UNCHANGED,PASS
ex_e41e8dcf,중량 친업,ex_e41e8dcf,16,5,5,1,1,0,1,d2d5849c5d53f0f61730edbe4f8a5f35991619722f048920ff61f43d3f6580d8,PRESERVE_UNCHANGED,PASS
ex_e41f4c2b,중량 풀업,ex_e41f4c2b,16,5,5,1,1,0,1,4b32c6bdb56c1a1b7c82bd88947b2203442213d9d59107c070be7f0ddaee85ab,PRESERVE_UNCHANGED,PASS
ex_e465d1e9,포고 점프,ex_e465d1e9,16,5,5,1,1,0,1,e8e9415748b8e363aa3256f0badda93dcd42fd29501fe39251cd6938d5b16ef1,PRESERVE_UNCHANGED,PASS
ex_e4f911bb,네거티브 풀업,ex_e4f911bb,16,5,5,1,1,0,1,a6ce10376c133c9d063769ffb20141a9d125c9835181cf53a4401eebc01c4728,PRESERVE_UNCHANGED,PASS
ex_e709eeda,케이블 컬,ex_e709eeda,16,5,5,1,1,0,1,1c1d100ad22d81b0e29c2bef2db7632f7a991c244a1c87c002bf66ac87776c7f,PRESERVE_UNCHANGED,PASS
ex_e8ff8cfa,밴드 외회전,ex_e8ff8cfa,16,5,5,1,1,0,1,4f0c3d1a2d9149b5de07354226b3181365195ce36d31d13929f3b11fe3ee6634,PRESERVE_UNCHANGED,PASS
ex_e9e97659,핵 스쿼트,ex_e9e97659,16,5,5,1,1,0,1,e8248abf4b9b50401ce231939afa5e175640a68cd8cc80051233d630fe7adb1a,PRESERVE_UNCHANGED,PASS
ex_eb636bac,원암 케이블 오버헤드 트라이셉스 익스텐션,ex_eb636bac,16,5,5,1,1,0,1,bf5fe6b5c649b5fb6749367a4f7ea4af0b8096084aadefb55c2e9a896f769c6d,PRESERVE_UNCHANGED,PASS
ex_ee378da7,스케이터 스쿼트,ex_ee378da7,16,5,5,1,1,0,1,93d9ebee8e71caf9b485217d999cf7c08977b37b48533a4fb84b80d1404e8139,PRESERVE_UNCHANGED,PASS
ex_f1d31d3d,원레그 핵 스쿼트,ex_f1d31d3d,16,5,5,1,1,0,1,78d04d16611841d59a41952810bdb2bc0786922fefdeec2f49acf49b3452e8db,PRESERVE_UNCHANGED,PASS
ex_f2a79d37,스플릿 스쿼트,ex_f2a79d37,16,5,5,1,1,0,1,4340cb1419e14142393c36c0e7f3f0377db654385d79d73f5a4c2bd3dfb25f5f,PRESERVE_UNCHANGED,PASS
ex_f332aeab,월 드라이브,ex_f332aeab,17,5,5,1,1,1,1,8bc200f2b2dcbba524360de40ec6eae83648059908c1884240b4956b138d7d61,PRESERVE_UNCHANGED,PASS
ex_f459ad2a,메도우즈 로우,ex_f459ad2a,16,5,5,1,1,0,1,1d69379e2082009d70b5fcb1752f5cbd87f5b45099a8b39b238c97982500e227,PRESERVE_UNCHANGED,PASS
ex_f6703b06,덤벨 프로네이션/수피네이션,ex_f6703b06,16,5,5,1,1,0,1,aa5e3b59b26f37e5c590a214eafaa1b6c26ee90b9ad2a80c2ab5d2fe7e62f9af,PRESERVE_UNCHANGED,PASS
ex_f6d43398,사이드 플랭크,ex_f6d43398,16,5,5,1,1,0,1,2ddbd8f7ea67ec9d437184966f0d1ba7703af27107d36fdff334ff01f277764a,PRESERVE_UNCHANGED,PASS
ex_f97a05ab,월 슬라이드,ex_f97a05ab,16,5,5,1,1,0,1,b5849c8f0d271a67cfc89c3889b989c0d540d6fe13886f2b1a405dd992471d26,PRESERVE_UNCHANGED,PASS
ex_fa2e73b3,핸드스탠드 푸시업,ex_fa2e73b3,16,5,5,1,1,0,1,b088184f65241e82dfc4a897d239676a9026eb9120196af983f17b02ec5f7afa,PRESERVE_UNCHANGED,PASS
ex_fa31f7a6,케이블 로우,ex_fa31f7a6,16,5,5,1,1,0,1,47fe750d4427af54395d1d862239a709673cd2ea5b67428b01820bffac4b2a81,PRESERVE_UNCHANGED,PASS
ex_fa3416f6,스미스 머신 스쿼트,ex_fa3416f6,17,5,5,1,1,1,1,85c15849b67794401a7b78fa45ca6d9b89db7224621cbe5b533f38050b398c81,PRESERVE_UNCHANGED,PASS
ex_fa34ddfe,케이블 킥백,ex_fa34ddfe,16,5,5,1,1,0,1,a32416685792e0a1ebd6cefec244ff78a9d3c5fb84e5f469950d1fb4fbe9ffd2,PRESERVE_UNCHANGED,PASS
ex_fa570291,트라이셉스 푸시다운,ex_fa570291,16,5,5,1,1,0,1,cbed3a8e8498993e03a3d1ec93f7001e2093e9d4480dd091fcb972e3534bc778,PRESERVE_UNCHANGED,PASS
ex_faae2044,인터벌 러닝,ex_faae2044,16,5,5,1,1,0,1,690c7f3f4c698c8c97198119f1a591d6abac058f15f94390b0e1e8428d1ab1b3,PRESERVE_UNCHANGED,PASS
ex_fb67af37,디클라인 푸시업,ex_fb67af37,16,5,5,1,1,0,1,a74b8ad84f3459d5a1c28f8bf0bc011847aa671d397015271a6045164146fa18,PRESERVE_UNCHANGED,PASS
ex_fdbdf454,원암 덤벨 오버헤드 트라이셉스 익스텐션,ex_fdbdf454,16,5,5,1,1,0,1,88d223877ea73281d959b7f099a0c29ea0144e6174fb8e0d3cc9f42068cdac7f,PRESERVE_UNCHANGED,PASS
ez_bar_lying_triceps_extension,EZ바 라잉 트라이셉스 익스텐션,ex_d20b7487,16,5,5,1,1,0,1,01dae3d8c3a87179df70523108d2b4a7c838e59a35c3d8d42fa44baa917fdf77,INHERIT_UNCHANGED,PASS
ez_bar_preacher_curl,EZ바 프리처 컬,ex_e994008a,16,5,5,1,1,0,1,17d71bf49204a72d40abd34cc758e61b13293dc9ca29a2364585fcc26281364d,INHERIT_UNCHANGED,PASS
ez_bar_reverse_curl,EZ바 리버스 컬,ex_dd2f732e,16,5,5,1,1,0,1,d63c5654e8080fd3a4154aaea9cc582dfa55dab0aea44bbd7fb5fd3d31096b3b,INHERIT_UNCHANGED,PASS
ez_bar_spider_curl,EZ바 스파이더 컬,ex_516f4456,16,5,5,1,1,0,1,ac7608c60f7f45f07a27581df015847c03cb460ae24f209fd2c07eab3d6bfd77,INHERIT_UNCHANGED,PASS
face_pull,페이스풀,face_pull,16,5,5,1,1,0,1,f043af6e82d338b21abd82accb39b49a1ae95f15cd49e3aca77b7ddf3f1432a2,PRESERVE_UNCHANGED,PASS
gymnastic_ring_inverted_row,짐내스틱 링 인버티드 로우,ex_e159d15a,16,5,5,1,1,0,1,a202fad99ea5b749b70e5c9c7ac312b5eb31055f9bf3c435a775b1ec11124a00,INHERIT_UNCHANGED,PASS
half_kneeling_single_arm_dumbbell_press,하프 닐링 원암 덤벨 프레스,half_kneeling_single_arm_dumbbell_press,16,5,5,1,1,0,1,984f9e6986e0bb2355aef0a8817546eb5a1d34384ca0bd258ff51a705a8e17e0,PRESERVE_UNCHANGED,PASS
half_kneeling_single_arm_kettlebell_press,하프 닐링 원암 케틀벨 프레스,half_kneeling_single_arm_kettlebell_press,16,5,5,1,1,0,1,41b02d531b647aa32e59b3ddfa1092454a2558df5fe04164f62a7811dca98cf5,PRESERVE_UNCHANGED,PASS
hip_adduction_machine,힙 어덕션 머신,ex_eaea872c,16,5,5,1,1,0,1,76584aa35c44a5f1de97f2605c66dcabc8e5936509d55b5b919d489b0326b535,INHERIT_UNCHANGED,PASS
kettlebell_farmer_carry,케틀벨 파머스 캐리,ex_a1fc4533,16,5,5,1,1,0,1,55e6325b8696051951ce74383f16369b559f5085603eb48965e7be06c8e6f0df,INHERIT_UNCHANGED,PASS
kettlebell_goblet_squat,케틀벨 고블릿 스쿼트,ex_ac7df636,16,5,5,1,1,0,1,285afe757a3273195c7c661db09f26ff28aa8205abb26b1c29992e2aa20a0c01,INHERIT_UNCHANGED,PASS
kettlebell_halo,케틀벨 헤일로,kettlebell_halo,16,5,5,1,1,0,1,ae525677dc9fceaf3da4536f89ad63b0ae5df708be10ff8627a526e502bed457,PRESERVE_UNCHANGED,PASS
kettlebell_single_leg_rdl,케틀벨 원레그 루마니안 데드리프트,single_leg_rdl,16,5,5,1,1,0,1,a85df53740305ca366c6724b6c110d33740b951003a3c934f3f26f181bf619d3,INHERIT_UNCHANGED,PASS
landmine_anti_rotation,랜드마인 안티로테이션,landmine_anti_rotation,16,5,5,1,1,0,1,8825c67f5a473d0ff9af0d59348474966ed1b4c70e4f91617864e1ae9b2b8a23,PRESERVE_UNCHANGED,PASS
landmine_rotation,랜드마인 좌우 회전,landmine_rotation,16,5,5,1,1,0,1,0ec06b5e4a61b0eaa00e58008296f270395536cc530489c537089f541ac785ab,PRESERVE_UNCHANGED,PASS
lateral_bound_continuous,래터럴 바운드,lateral_bound_continuous,16,5,5,1,1,0,1,90265e3845c35fe7658b20e0409785923c7735e9094f343284917604582600f2,PRESERVE_UNCHANGED,PASS
med_ball_chest_pass,메디신볼 체스트 패스,med_ball_chest_pass,16,5,5,1,1,0,1,186c6631aa147e08464c41c6ff04650724e9333ee1711be03d946b5bf8e93156,PRESERVE_UNCHANGED,PASS
med_ball_overhead_slam,메디신볼 위에서 아래로 슬램,med_ball_overhead_slam,16,5,5,1,1,0,1,00d21068695f11928f0d14fbb13feca0191644aa062139fc5bf75eeccd45746e,PRESERVE_UNCHANGED,PASS
med_ball_rotational_scoop_toss,메디신볼 로테이셔널 스쿱 토스,med_ball_rotational_scoop_toss,16,5,5,1,1,0,1,522d1860ed5bc07edd97224209f776e9cc5666c88470be5c922252b49c8893eb,PRESERVE_UNCHANGED,PASS
med_ball_rotational_slam,메디신볼 회전 아래로 슬램,med_ball_rotational_slam,16,5,5,1,1,0,1,38b3f36836f12b552b44358e753e47e2f9c0543a600d8a504465453ac25d286f,PRESERVE_UNCHANGED,PASS
medicine_ball_rotational_throw,메디신볼 회전 옆으로 던지기,medicine_ball_rotational_throw,16,5,5,1,1,0,1,6c78ca3d91623091d74e5f2a5053906d082246b10c82afdcd7af32c04573823e,PRESERVE_UNCHANGED,PASS
medicine_ball_three_step_acceleration_throw,메디신볼 3스텝 가속 던지기,medicine_ball_three_step_acceleration_throw,16,5,5,1,1,0,1,349e723cf80fa4a0726ef5a727a107d336693af8a13b3f56ca5161cf155b8bfe,PRESERVE_UNCHANGED,PASS
medicine_ball_three_step_deceleration_throw,메디신볼 3스텝 감속 던지기,medicine_ball_three_step_deceleration_throw,16,5,5,1,1,0,1,5eabaa437ae9bc7d73cf6dae04f03da9f34889e0c1b11addd1e9250aaabc9603,PRESERVE_UNCHANGED,PASS
one_arm_gymnastic_ring_row,짐내스틱 링 원암 로우,ex_d9084b5e,16,5,5,1,1,0,1,d96d1e705df7e92b4788a8ea2559302b0c5ffae948c0831ea7d5130881b08ec0,INHERIT_UNCHANGED,PASS
one_arm_suspension_trainer_row,서스펜션 트레이너 원암 로우,ex_d9084b5e,16,5,5,1,1,0,1,d96d1e705df7e92b4788a8ea2559302b0c5ffae948c0831ea7d5130881b08ec0,INHERIT_UNCHANGED,PASS
plate_rotational_press_out,플레이트 로테이셔널 프레스아웃,plate_rotational_press_out,16,5,5,1,1,0,1,1786b67a59ea8738f83e6aebf6b921c7ff304bab130083de3d4a391fe4f24e0a,PRESERVE_UNCHANGED,PASS
pull_up,풀업,pull_up,16,5,5,1,1,0,1,d4447936cec36219cafea11bb69d7e3a49161282ba0b5a2568b5b7fab8c17669,PRESERVE_UNCHANGED,PASS
single_leg_hip_bridge,원레그 힙 브릿지,single_leg_hip_bridge,16,5,5,1,1,0,1,f4e68c215b9e2b0e59384b1986c5eb8d41a474d8ba400d18d497aff0abc6bfab,PRESERVE_UNCHANGED,PASS
standing_bodyweight_calf_raise,맨몸 스탠딩 카프 레이즈,ex_bd072cd,16,5,5,1,1,0,1,663f04d154d4479aa16fc5780b591add20711f6c74936f79eb54165fef32fd89,INHERIT_UNCHANGED,PASS
standing_calf_raise_machine,스탠딩 카프 레이즈 머신,ex_bd072cd,16,5,5,1,1,0,1,663f04d154d4479aa16fc5780b591add20711f6c74936f79eb54165fef32fd89,INHERIT_UNCHANGED,PASS
standing_dumbbell_calf_raise,덤벨 스탠딩 카프 레이즈,ex_bd072cd,16,5,5,1,1,0,1,663f04d154d4479aa16fc5780b591add20711f6c74936f79eb54165fef32fd89,INHERIT_UNCHANGED,PASS
suspension_trainer_inverted_row,서스펜션 트레이너 인버티드 로우,ex_e159d15a,16,5,5,1,1,0,1,a202fad99ea5b749b70e5c9c7ac312b5eb31055f9bf3c435a775b1ec11124a00,INHERIT_UNCHANGED,PASS
vipr_chop,바이퍼 회전 아래로,vipr_chop,16,5,5,1,1,0,1,c57cc940f0c16859f0c36c2deaa4ef4fa94d2f504207e41c063d034fb616d19c,PRESERVE_UNCHANGED,PASS
vipr_rotational_lift,바이퍼 회전 위로,vipr_rotational_lift,16,5,5,1,1,0,1,15726e4f5db44e8b7d061d838e5c8af9277f411a5a8c83b7ba89050951cf0197,PRESERVE_UNCHANGED,PASS
vipr_rotational_press_out,바이퍼 로테이셔널 프레스아웃,vipr_rotational_press_out,16,5,5,1,1,0,1,54b8612bfa100281d2dcb92fac959a37a617fee3a790cfe4b3d7b9bc38c70814,PRESERVE_UNCHANGED,PASS
vipr_step_and_rotate,바이퍼 스텝 앤 로테이트,vipr_step_and_rotate,16,5,5,1,1,0,1,8247b358acfcd431cfd5db0a761bf95a878b344740b29e11d0a03d61817c9ce1,PRESERVE_UNCHANGED,PASS
