relationId,exerciseStableKey,objectiveId,transferLevel,provenance,evidenceRelationKeys,reviewStatus,reviewReason
BADMINTON_OBJECTIVE_0001,band_lift,ROTATION_GENERATION,SUPPORTIVE,INHERITED_FROM_EXPLICIT_BADMINTON_RELATION_V1,BADMINTON_00002|BADMINTON_00003,PASS,Objective is supported by explicit canonical badminton relations; the prior exercise-wide transfer level is inherited for this initial objective-specific cutover.
BADMINTON_OBJECTIVE_0002,band_pallof_press,DECELERATION,SUPPORTIVE,INHERITED_FROM_EXPLICIT_BADMINTON_RELATION_V1,BADMINTON_00009,PASS,Objective is supported by explicit canonical badminton relations; the prior exercise-wide transfer level is inherited for this initial objective-specific cutover.
BADMINTON_OBJECTIVE_0003,band_pallof_press,FOOTWORK,SUPPORTIVE,INHERITED_FROM_EXPLICIT_BADMINTON_RELATION_V1,BADMINTON_00009,PASS,Objective is supported by explicit canonical badminton relations; the prior exercise-wide transfer level is inherited for this initial objective-specific cutover.
BADMINTON_OBJECTIVE_0004,band_woodchop,ROTATION_GENERATION,SUPPORTIVE,INHERITED_FROM_EXPLICIT_BADMINTON_RELATION_V1,BADMINTON_00016|BADMINTON_00017,PASS,Objective is supported by explicit canonical badminton relations; the prior exercise-wide transfer level is inherited for this initial objective-specific cutover.
BADMINTON_OBJECTIVE_0005,cable_hip_adduction,ACCELERATION,SUPPORTIVE,INHERITED_FROM_EXPLICIT_BADMINTON_RELATION_V1,BADMINTON_00058,PASS,Objective is supported by explicit canonical badminton relations; the prior exercise-wide transfer level is inherited for this initial objective-specific cutover.
BADMINTON_OBJECTIVE_0006,cable_hip_adduction,DECELERATION,SUPPORTIVE,INHERITED_FROM_EXPLICIT_BADMINTON_RELATION_V1,BADMINTON_00057,PASS,Objective is supported by explicit canonical badminton relations; the prior exercise-wide transfer level is inherited for this initial objective-specific cutover.
BADMINTON_OBJECTIVE_0007,cable_hip_adduction,FOOTWORK,SUPPORTIVE,INHERITED_FROM_EXPLICIT_BADMINTON_RELATION_V1,BADMINTON_00057,PASS,Objective is supported by explicit canonical badminton relations; the prior exercise-wide transfer level is inherited for this initial objective-specific cutover.
BADMINTON_OBJECTIVE_0008,cable_lift,ROTATION_GENERATION,SUPPORTIVE,INHERITED_FROM_EXPLICIT_BADMINTON_RELATION_V1,BADMINTON_00066|BADMINTON_00067|BADMINTON_00069,PASS,Objective is supported by explicit canonical badminton relations; the prior exercise-wide transfer level is inherited for this initial objective-specific cutover.
BADMINTON_OBJECTIVE_0009,cable_pallof_press,DECELERATION,SUPPORTIVE,INHERITED_FROM_EXPLICIT_BADMINTON_RELATION_V1,BADMINTON_00078,PASS,Objective is supported by explicit canonical badminton relations; the prior exercise-wide transfer level is inherited for this initial objective-specific cutover.
BADMINTON_OBJECTIVE_0010,cable_pallof_press,FOOTWORK,SUPPORTIVE,INHERITED_FROM_EXPLICIT_BADMINTON_RELATION_V1,BADMINTON_00078,PASS,Objective is supported by explicit canonical badminton relations; the prior exercise-wide transfer level is inherited for this initial objective-specific cutover.
BADMINTON_OBJECTIVE_0011,cable_woodchop,ROTATION_GENERATION,SUPPORTIVE,INHERITED_FROM_EXPLICIT_BADMINTON_RELATION_V1,BADMINTON_00092|BADMINTON_00093|BADMINTON_00095,PASS,Objective is supported by explicit canonical badminton relations; the prior exercise-wide transfer level is inherited for this initial objective-specific cutover.
BADMINTON_OBJECTIVE_0012,dumbbell_farmer_carry,DECELERATION,SUPPORTIVE,INHERITED_FROM_EXPLICIT_BADMINTON_RELATION_V1,BADMINTON_00111,PASS,Objective is supported by explicit canonical badminton relations; the prior exercise-wide transfer level is inherited for this initial objective-specific cutover.
BADMINTON_OBJECTIVE_0013,dumbbell_farmer_carry,FOOTWORK,SUPPORTIVE,INHERITED_FROM_EXPLICIT_BADMINTON_RELATION_V1,BADMINTON_00111,PASS,Objective is supported by explicit canonical badminton relations; the prior exercise-wide transfer level is inherited for this initial objective-specific cutover.
BADMINTON_OBJECTIVE_0014,dumbbell_single_leg_rdl,ACCELERATION,SUPPORTIVE,INHERITED_FROM_EXPLICIT_BADMINTON_RELATION_V1,BADMINTON_00160,PASS,Objective is supported by explicit canonical badminton relations; the prior exercise-wide transfer level is inherited for this initial objective-specific cutover.
BADMINTON_OBJECTIVE_0015,dumbbell_single_leg_rdl,DECELERATION,SUPPORTIVE,INHERITED_FROM_EXPLICIT_BADMINTON_RELATION_V1,BADMINTON_00159,PASS,Objective is supported by explicit canonical badminton relations; the prior exercise-wide transfer level is inherited for this initial objective-specific cutover.
BADMINTON_OBJECTIVE_0016,dumbbell_single_leg_rdl,FOOTWORK,SUPPORTIVE,INHERITED_FROM_EXPLICIT_BADMINTON_RELATION_V1,BADMINTON_00159,PASS,Objective is supported by explicit canonical badminton relations; the prior exercise-wide transfer level is inherited for this initial objective-specific cutover.
BADMINTON_OBJECTIVE_0017,dumbbell_woodchop,ROTATION_GENERATION,SUPPORTIVE,INHERITED_FROM_EXPLICIT_BADMINTON_RELATION_V1,BADMINTON_00173|BADMINTON_00174|BADMINTON_00176,PASS,Objective is supported by explicit canonical badminton relations; the prior exercise-wide transfer level is inherited for this initial objective-specific cutover.
BADMINTON_OBJECTIVE_0018,ex_1052e9fa,ACCELERATION,SUPPORTIVE,INHERITED_FROM_EXPLICIT_BADMINTON_RELATION_V1,BADMINTON_00181,PASS,Objective is supported by explicit canonical badminton relations; the prior exercise-wide transfer level is inherited for this initial objective-specific cutover.
BADMINTON_OBJECTIVE_0019,ex_1052e9fa,DECELERATION,SUPPORTIVE,INHERITED_FROM_EXPLICIT_BADMINTON_RELATION_V1,BADMINTON_00180,PASS,Objective is supported by explicit canonical badminton relations; the prior exercise-wide transfer level is inherited for this initial objective-specific cutover.
BADMINTON_OBJECTIVE_0020,ex_1052e9fa,FOOTWORK,SUPPORTIVE,INHERITED_FROM_EXPLICIT_BADMINTON_RELATION_V1,BADMINTON_00180,PASS,Objective is supported by explicit canonical badminton relations; the prior exercise-wide transfer level is inherited for this initial objective-specific cutover.
BADMINTON_OBJECTIVE_0021,ex_16b298db,ACCELERATION,SUPPORTIVE,INHERITED_FROM_EXPLICIT_BADMINTON_RELATION_V1,BADMINTON_00196,PASS,Objective is supported by explicit canonical badminton relations; the prior exercise-wide transfer level is inherited for this initial objective-specific cutover.
BADMINTON_OBJECTIVE_0022,ex_16b298db,DECELERATION,SUPPORTIVE,INHERITED_FROM_EXPLICIT_BADMINTON_RELATION_V1,BADMINTON_00195,PASS,Objective is supported by explicit canonical badminton relations; the prior exercise-wide transfer level is inherited for this initial objective-specific cutover.
BADMINTON_OBJECTIVE_0023,ex_16b298db,FOOTWORK,SUPPORTIVE,INHERITED_FROM_EXPLICIT_BADMINTON_RELATION_V1,BADMINTON_00195,PASS,Objective is supported by explicit canonical badminton relations; the prior exercise-wide transfer level is inherited for this initial objective-specific cutover.
BADMINTON_OBJECTIVE_0024,ex_1c7f2342,ACCELERATION,DIRECT,INHERITED_FROM_EXPLICIT_BADMINTON_RELATION_V1,BADMINTON_00219|BADMINTON_00226,PASS,Objective is supported by explicit canonical badminton relations; the prior exercise-wide transfer level is inherited for this initial objective-specific cutover.
BADMINTON_OBJECTIVE_0025,ex_1c7f2342,DECELERATION,DIRECT,INHERITED_FROM_EXPLICIT_BADMINTON_RELATION_V1,BADMINTON_00214|BADMINTON_00217|BADMINTON_00222|BADMINTON_00225,PASS,Objective is supported by explicit canonical badminton relations; the prior exercise-wide transfer level is inherited for this initial objective-specific cutover.
BADMINTON_OBJECTIVE_0026,ex_1c7f2342,FOOTWORK,DIRECT,INHERITED_FROM_EXPLICIT_BADMINTON_RELATION_V1,BADMINTON_00214|BADMINTON_00215|BADMINTON_00217|BADMINTON_00220|BADMINTON_00227|BADMINTON_00229,PASS,Objective is supported by explicit canonical badminton relations; the prior exercise-wide transfer level is inherited for this initial objective-specific cutover.
BADMINTON_OBJECTIVE_0027,ex_1c7f2342,REACTION,DIRECT,INHERITED_FROM_EXPLICIT_BADMINTON_RELATION_V1,BADMINTON_00216|BADMINTON_00223|BADMINTON_00228,PASS,Objective is supported by explicit canonical badminton relations; the prior exercise-wide transfer level is inherited for this initial objective-specific cutover.
BADMINTON_OBJECTIVE_0028,ex_1cf51b6b,ACCELERATION,SUPPORTIVE,INHERITED_FROM_EXPLICIT_BADMINTON_RELATION_V1,BADMINTON_00233,PASS,Objective is supported by explicit canonical badminton relations; the prior exercise-wide transfer level is inherited for this initial objective-specific cutover.
BADMINTON_OBJECTIVE_0029,ex_1cf51b6b,DECELERATION,SUPPORTIVE,INHERITED_FROM_EXPLICIT_BADMINTON_RELATION_V1,BADMINTON_00232,PASS,Objective is supported by explicit canonical badminton relations; the prior exercise-wide transfer level is inherited for this initial objective-specific cutover.
BADMINTON_OBJECTIVE_0030,ex_1cf51b6b,FOOTWORK,SUPPORTIVE,INHERITED_FROM_EXPLICIT_BADMINTON_RELATION_V1,BADMINTON_00232,PASS,Objective is supported by explicit canonical badminton relations; the prior exercise-wide transfer level is inherited for this initial objective-specific cutover.
BADMINTON_OBJECTIVE_0031,ex_2055b629,ACCELERATION,SUPPORTIVE,INHERITED_FROM_EXPLICIT_BADMINTON_RELATION_V1,BADMINTON_00250,PASS,Objective is supported by explicit canonical badminton relations; the prior exercise-wide transfer level is inherited for this initial objective-specific cutover.
BADMINTON_OBJECTIVE_0032,ex_2055b629,DECELERATION,SUPPORTIVE,INHERITED_FROM_EXPLICIT_BADMINTON_RELATION_V1,BADMINTON_00247|BADMINTON_00249,PASS,Objective is supported by explicit canonical badminton relations; the prior exercise-wide transfer level is inherited for this initial objective-specific cutover.
BADMINTON_OBJECTIVE_0033,ex_2055b629,FOOTWORK,SUPPORTIVE,INHERITED_FROM_EXPLICIT_BADMINTON_RELATION_V1,BADMINTON_00251|BADMINTON_00253,PASS,Objective is supported by explicit canonical badminton relations; the prior exercise-wide transfer level is inherited for this initial objective-specific cutover.
BADMINTON_OBJECTIVE_0034,ex_2055b629,REACTION,SUPPORTIVE,INHERITED_FROM_EXPLICIT_BADMINTON_RELATION_V1,BADMINTON_00248|BADMINTON_00252,PASS,Objective is supported by explicit canonical badminton relations; the prior exercise-wide transfer level is inherited for this initial objective-specific cutover.
BADMINTON_OBJECTIVE_0035,ex_216351a1,ACCELERATION,DIRECT,INHERITED_FROM_EXPLICIT_BADMINTON_RELATION_V1,BADMINTON_00259,PASS,Objective is supported by explicit canonical badminton relations; the prior exercise-wide transfer level is inherited for this initial objective-specific cutover.
BADMINTON_OBJECTIVE_0036,ex_216351a1,DECELERATION,DIRECT,INHERITED_FROM_EXPLICIT_BADMINTON_RELATION_V1,BADMINTON_00263,PASS,Objective is supported by explicit canonical badminton relations; the prior exercise-wide transfer level is inherited for this initial objective-specific cutover.
BADMINTON_OBJECTIVE_0037,ex_216351a1,FOOTWORK,DIRECT,INHERITED_FROM_EXPLICIT_BADMINTON_RELATION_V1,BADMINTON_00255|BADMINTON_00262,PASS,Objective is supported by explicit canonical badminton relations; the prior exercise-wide transfer level is inherited for this initial objective-specific cutover.
BADMINTON_OBJECTIVE_0038,ex_216351a1,LUNGE_REACH,DIRECT,INHERITED_FROM_EXPLICIT_BADMINTON_RELATION_V1,BADMINTON_00256|BADMINTON_00260|BADMINTON_00261,PASS,Objective is supported by explicit canonical badminton relations; the prior exercise-wide transfer level is inherited for this initial objective-specific cutover.
BADMINTON_OBJECTIVE_0039,ex_216351a1,REACTION,DIRECT,INHERITED_FROM_EXPLICIT_BADMINTON_RELATION_V1,BADMINTON_00257|BADMINTON_00265,PASS,Objective is supported by explicit canonical badminton relations; the prior exercise-wide transfer level is inherited for this initial objective-specific cutover.
BADMINTON_OBJECTIVE_0040,ex_28347c1f,DECELERATION,SUPPORTIVE,INHERITED_FROM_EXPLICIT_BADMINTON_RELATION_V1,BADMINTON_00292,PASS,Objective is supported by explicit canonical badminton relations; the prior exercise-wide transfer level is inherited for this initial objective-specific cutover.
BADMINTON_OBJECTIVE_0041,ex_28347c1f,FOOTWORK,SUPPORTIVE,INHERITED_FROM_EXPLICIT_BADMINTON_RELATION_V1,BADMINTON_00292,PASS,Objective is supported by explicit canonical badminton relations; the prior exercise-wide transfer level is inherited for this initial objective-specific cutover.
BADMINTON_OBJECTIVE_0042,ex_2a826c82,DECELERATION,SUPPORTIVE,INHERITED_FROM_EXPLICIT_BADMINTON_RELATION_V1,BADMINTON_00317,PASS,Objective is supported by explicit canonical badminton relations; the prior exercise-wide transfer level is inherited for this initial objective-specific cutover.
BADMINTON_OBJECTIVE_0043,ex_2a826c82,FOOTWORK,SUPPORTIVE,INHERITED_FROM_EXPLICIT_BADMINTON_RELATION_V1,BADMINTON_00317,PASS,Objective is supported by explicit canonical badminton relations; the prior exercise-wide transfer level is inherited for this initial objective-specific cutover.
BADMINTON_OBJECTIVE_0044,ex_314df428,ACCELERATION,SUPPORTIVE,INHERITED_FROM_EXPLICIT_BADMINTON_RELATION_V1,BADMINTON_00337|BADMINTON_00338,PASS,Objective is supported by explicit canonical badminton relations; the prior exercise-wide transfer level is inherited for this initial objective-specific cutover.
BADMINTON_OBJECTIVE_0045,ex_314df428,DECELERATION,SUPPORTIVE,INHERITED_FROM_EXPLICIT_BADMINTON_RELATION_V1,BADMINTON_00336|BADMINTON_00339|BADMINTON_00343,PASS,Objective is supported by explicit canonical badminton relations; the prior exercise-wide transfer level is inherited for this initial objective-specific cutover.
BADMINTON_OBJECTIVE_0046,ex_314df428,FOOTWORK,SUPPORTIVE,INHERITED_FROM_EXPLICIT_BADMINTON_RELATION_V1,BADMINTON_00336|BADMINTON_00345,PASS,Objective is supported by explicit canonical badminton relations; the prior exercise-wide transfer level is inherited for this initial objective-specific cutover.
BADMINTON_OBJECTIVE_0047,ex_314df428,JUMP_LANDING,SUPPORTIVE,INHERITED_FROM_EXPLICIT_BADMINTON_RELATION_V1,BADMINTON_00344,PASS,Objective is supported by explicit canonical badminton relations; the prior exercise-wide transfer level is inherited for this initial objective-specific cutover.
BADMINTON_OBJECTIVE_0048,ex_314df428,REACTION,SUPPORTIVE,INHERITED_FROM_EXPLICIT_BADMINTON_RELATION_V1,BADMINTON_00342,PASS,Objective is supported by explicit canonical badminton relations; the prior exercise-wide transfer level is inherited for this initial objective-specific cutover.
BADMINTON_OBJECTIVE_0049,ex_33841b88,ACCELERATION,DIRECT,INHERITED_FROM_EXPLICIT_BADMINTON_RELATION_V1,BADMINTON_00365|BADMINTON_00372,PASS,Objective is supported by explicit canonical badminton relations; the prior exercise-wide transfer level is inherited for this initial objective-specific cutover.
BADMINTON_OBJECTIVE_0050,ex_33841b88,DECELERATION,DIRECT,INHERITED_FROM_EXPLICIT_BADMINTON_RELATION_V1,BADMINTON_00360|BADMINTON_00363|BADMINTON_00368|BADMINTON_00371,PASS,Objective is supported by explicit canonical badminton relations; the prior exercise-wide transfer level is inherited for this initial objective-specific cutover.
BADMINTON_OBJECTIVE_0051,ex_33841b88,FOOTWORK,DIRECT,INHERITED_FROM_EXPLICIT_BADMINTON_RELATION_V1,BADMINTON_00360|BADMINTON_00361|BADMINTON_00363|BADMINTON_00366|BADMINTON_00373|BADMINTON_00375,PASS,Objective is supported by explicit canonical badminton relations; the prior exercise-wide transfer level is inherited for this initial objective-specific cutover.
BADMINTON_OBJECTIVE_0052,ex_33841b88,REACTION,DIRECT,INHERITED_FROM_EXPLICIT_BADMINTON_RELATION_V1,BADMINTON_00362|BADMINTON_00369|BADMINTON_00374,PASS,Objective is supported by explicit canonical badminton relations; the prior exercise-wide transfer level is inherited for this initial objective-specific cutover.
BADMINTON_OBJECTIVE_0053,ex_34e7d21,ACCELERATION,SUPPORTIVE,INHERITED_FROM_EXPLICIT_BADMINTON_RELATION_V1,BADMINTON_00385|BADMINTON_00386,PASS,Objective is supported by explicit canonical badminton relations; the prior exercise-wide transfer level is inherited for this initial objective-specific cutover.
BADMINTON_OBJECTIVE_0054,ex_34e7d21,DECELERATION,SUPPORTIVE,INHERITED_FROM_EXPLICIT_BADMINTON_RELATION_V1,BADMINTON_00384|BADMINTON_00387|BADMINTON_00394,PASS,Objective is supported by explicit canonical badminton relations; the prior exercise-wide transfer level is inherited for this initial objective-specific cutover.
BADMINTON_OBJECTIVE_0055,ex_34e7d21,FOOTWORK,SUPPORTIVE,INHERITED_FROM_EXPLICIT_BADMINTON_RELATION_V1,BADMINTON_00384|BADMINTON_00396|BADMINTON_00397,PASS,Objective is supported by explicit canonical badminton relations; the prior exercise-wide transfer level is inherited for this initial objective-specific cutover.
BADMINTON_OBJECTIVE_0056,ex_34e7d21,JUMP_LANDING,SUPPORTIVE,INHERITED_FROM_EXPLICIT_BADMINTON_RELATION_V1,BADMINTON_00395,PASS,Objective is supported by explicit canonical badminton relations; the prior exercise-wide transfer level is inherited for this initial objective-specific cutover.
BADMINTON_OBJECTIVE_0057,ex_34e7d21,REACTION,SUPPORTIVE,INHERITED_FROM_EXPLICIT_BADMINTON_RELATION_V1,BADMINTON_00392,PASS,Objective is supported by explicit canonical badminton relations; the prior exercise-wide transfer level is inherited for this initial objective-specific cutover.
BADMINTON_OBJECTIVE_0058,ex_377448a9,DECELERATION,DIRECT,INHERITED_FROM_EXPLICIT_BADMINTON_RELATION_V1,BADMINTON_00399|BADMINTON_00405,PASS,Objective is supported by explicit canonical badminton relations; the prior exercise-wide transfer level is inherited for this initial objective-specific cutover.
BADMINTON_OBJECTIVE_0059,ex_377448a9,FOOTWORK,DIRECT,INHERITED_FROM_EXPLICIT_BADMINTON_RELATION_V1,BADMINTON_00399|BADMINTON_00404,PASS,Objective is supported by explicit canonical badminton relations; the prior exercise-wide transfer level is inherited for this initial objective-specific cutover.
BADMINTON_OBJECTIVE_0060,ex_377448a9,LUNGE_REACH,DIRECT,INHERITED_FROM_EXPLICIT_BADMINTON_RELATION_V1,BADMINTON_00400|BADMINTON_00402|BADMINTON_00403,PASS,Objective is supported by explicit canonical badminton relations; the prior exercise-wide transfer level is inherited for this initial objective-specific cutover.
BADMINTON_OBJECTIVE_0061,ex_3f184ef9,CONDITIONING,GENERAL,INHERITED_FROM_EXPLICIT_BADMINTON_RELATION_V1,BADMINTON_00446|BADMINTON_00448|BADMINTON_00449,PASS,Objective is supported by explicit canonical badminton relations; the prior exercise-wide transfer level is inherited for this initial objective-specific cutover.
BADMINTON_OBJECTIVE_0062,ex_421ba24b,ACCELERATION,DIRECT,INHERITED_FROM_EXPLICIT_BADMINTON_RELATION_V1,BADMINTON_00463|BADMINTON_00472,PASS,Objective is supported by explicit canonical badminton relations; the prior exercise-wide transfer level is inherited for this initial objective-specific cutover.
BADMINTON_OBJECTIVE_0063,ex_421ba24b,DECELERATION,DIRECT,INHERITED_FROM_EXPLICIT_BADMINTON_RELATION_V1,BADMINTON_00467|BADMINTON_00471,PASS,Objective is supported by explicit canonical badminton relations; the prior exercise-wide transfer level is inherited for this initial objective-specific cutover.
BADMINTON_OBJECTIVE_0064,ex_421ba24b,FOOTWORK,DIRECT,INHERITED_FROM_EXPLICIT_BADMINTON_RELATION_V1,BADMINTON_00459|BADMINTON_00466|BADMINTON_00473|BADMINTON_00474|BADMINTON_00476,PASS,Objective is supported by explicit canonical badminton relations; the prior exercise-wide transfer level is inherited for this initial objective-specific cutover.
BADMINTON_OBJECTIVE_0065,ex_421ba24b,LUNGE_REACH,DIRECT,INHERITED_FROM_EXPLICIT_BADMINTON_RELATION_V1,BADMINTON_00460|BADMINTON_00464|BADMINTON_00465,PASS,Objective is supported by explicit canonical badminton relations; the prior exercise-wide transfer level is inherited for this initial objective-specific cutover.
BADMINTON_OBJECTIVE_0066,ex_421ba24b,REACTION,DIRECT,INHERITED_FROM_EXPLICIT_BADMINTON_RELATION_V1,BADMINTON_00461|BADMINTON_00469|BADMINTON_00475,PASS,Objective is supported by explicit canonical badminton relations; the prior exercise-wide transfer level is inherited for this initial objective-specific cutover.
BADMINTON_OBJECTIVE_0067,ex_4255e429,ACCELERATION,DIRECT,INHERITED_FROM_EXPLICIT_BADMINTON_RELATION_V1,BADMINTON_00482|BADMINTON_00491,PASS,Objective is supported by explicit canonical badminton relations; the prior exercise-wide transfer level is inherited for this initial objective-specific cutover.
BADMINTON_OBJECTIVE_0068,ex_4255e429,DECELERATION,DIRECT,INHERITED_FROM_EXPLICIT_BADMINTON_RELATION_V1,BADMINTON_00486|BADMINTON_00490,PASS,Objective is supported by explicit canonical badminton relations; the prior exercise-wide transfer level is inherited for this initial objective-specific cutover.
BADMINTON_OBJECTIVE_0069,ex_4255e429,FOOTWORK,DIRECT,INHERITED_FROM_EXPLICIT_BADMINTON_RELATION_V1,BADMINTON_00478|BADMINTON_00485|BADMINTON_00492|BADMINTON_00494,PASS,Objective is supported by explicit canonical badminton relations; the prior exercise-wide transfer level is inherited for this initial objective-specific cutover.
BADMINTON_OBJECTIVE_0070,ex_4255e429,LUNGE_REACH,DIRECT,INHERITED_FROM_EXPLICIT_BADMINTON_RELATION_V1,BADMINTON_00479|BADMINTON_00483|BADMINTON_00484,PASS,Objective is supported by explicit canonical badminton relations; the prior exercise-wide transfer level is inherited for this initial objective-specific cutover.
BADMINTON_OBJECTIVE_0071,ex_4255e429,REACTION,DIRECT,INHERITED_FROM_EXPLICIT_BADMINTON_RELATION_V1,BADMINTON_00480|BADMINTON_00488|BADMINTON_00493,PASS,Objective is supported by explicit canonical badminton relations; the prior exercise-wide transfer level is inherited for this initial objective-specific cutover.
BADMINTON_OBJECTIVE_0072,ex_4773b6ea,ACCELERATION,GENERAL,INHERITED_FROM_EXPLICIT_BADMINTON_RELATION_V1,BADMINTON_00509,PASS,Objective is supported by explicit canonical badminton relations; the prior exercise-wide transfer level is inherited for this initial objective-specific cutover.
BADMINTON_OBJECTIVE_0073,ex_4773b6ea,CONDITIONING,GENERAL,INHERITED_FROM_EXPLICIT_BADMINTON_RELATION_V1,BADMINTON_00507|BADMINTON_00510,PASS,Objective is supported by explicit canonical badminton relations; the prior exercise-wide transfer level is inherited for this initial objective-specific cutover.
BADMINTON_OBJECTIVE_0074,ex_5004ca76,ACCELERATION,DIRECT,INHERITED_FROM_EXPLICIT_BADMINTON_RELATION_V1,BADMINTON_00536|BADMINTON_00543,PASS,Objective is supported by explicit canonical badminton relations; the prior exercise-wide transfer level is inherited for this initial objective-specific cutover.
BADMINTON_OBJECTIVE_0075,ex_5004ca76,DECELERATION,DIRECT,INHERITED_FROM_EXPLICIT_BADMINTON_RELATION_V1,BADMINTON_00531|BADMINTON_00534|BADMINTON_00539|BADMINTON_00542,PASS,Objective is supported by explicit canonical badminton relations; the prior exercise-wide transfer level is inherited for this initial objective-specific cutover.
BADMINTON_OBJECTIVE_0076,ex_5004ca76,FOOTWORK,DIRECT,INHERITED_FROM_EXPLICIT_BADMINTON_RELATION_V1,BADMINTON_00531|BADMINTON_00532|BADMINTON_00534|BADMINTON_00537|BADMINTON_00544|BADMINTON_00546,PASS,Objective is supported by explicit canonical badminton relations; the prior exercise-wide transfer level is inherited for this initial objective-specific cutover.
BADMINTON_OBJECTIVE_0077,ex_5004ca76,REACTION,DIRECT,INHERITED_FROM_EXPLICIT_BADMINTON_RELATION_V1,BADMINTON_00533|BADMINTON_00540|BADMINTON_00545,PASS,Objective is supported by explicit canonical badminton relations; the prior exercise-wide transfer level is inherited for this initial objective-specific cutover.
BADMINTON_OBJECTIVE_0078,ex_5c8751d2,ACCELERATION,SUPPORTIVE,INHERITED_FROM_EXPLICIT_BADMINTON_RELATION_V1,BADMINTON_00555|BADMINTON_00557,PASS,Objective is supported by explicit canonical badminton relations; the prior exercise-wide transfer level is inherited for this initial objective-specific cutover.
BADMINTON_OBJECTIVE_0079,ex_5c8751d2,DECELERATION,SUPPORTIVE,INHERITED_FROM_EXPLICIT_BADMINTON_RELATION_V1,BADMINTON_00554,PASS,Objective is supported by explicit canonical badminton relations; the prior exercise-wide transfer level is inherited for this initial objective-specific cutover.
BADMINTON_OBJECTIVE_0080,ex_5c8751d2,FOOTWORK,SUPPORTIVE,INHERITED_FROM_EXPLICIT_BADMINTON_RELATION_V1,BADMINTON_00554|BADMINTON_00556,PASS,Objective is supported by explicit canonical badminton relations; the prior exercise-wide transfer level is inherited for this initial objective-specific cutover.
BADMINTON_OBJECTIVE_0081,ex_5ca7133f,ACCELERATION,SUPPORTIVE,INHERITED_FROM_EXPLICIT_BADMINTON_RELATION_V1,BADMINTON_00564|BADMINTON_00566,PASS,Objective is supported by explicit canonical badminton relations; the prior exercise-wide transfer level is inherited for this initial objective-specific cutover.
BADMINTON_OBJECTIVE_0082,ex_5ca7133f,DECELERATION,SUPPORTIVE,INHERITED_FROM_EXPLICIT_BADMINTON_RELATION_V1,BADMINTON_00563,PASS,Objective is supported by explicit canonical badminton relations; the prior exercise-wide transfer level is inherited for this initial objective-specific cutover.
BADMINTON_OBJECTIVE_0083,ex_5ca7133f,FOOTWORK,SUPPORTIVE,INHERITED_FROM_EXPLICIT_BADMINTON_RELATION_V1,BADMINTON_00563|BADMINTON_00565,PASS,Objective is supported by explicit canonical badminton relations; the prior exercise-wide transfer level is inherited for this initial objective-specific cutover.
BADMINTON_OBJECTIVE_0084,ex_6232f4bc,ACCELERATION,SUPPORTIVE,INHERITED_FROM_EXPLICIT_BADMINTON_RELATION_V1,BADMINTON_00573,PASS,Objective is supported by explicit canonical badminton relations; the prior exercise-wide transfer level is inherited for this initial objective-specific cutover.
BADMINTON_OBJECTIVE_0085,ex_6232f4bc,DECELERATION,SUPPORTIVE,INHERITED_FROM_EXPLICIT_BADMINTON_RELATION_V1,BADMINTON_00572,PASS,Objective is supported by explicit canonical badminton relations; the prior exercise-wide transfer level is inherited for this initial objective-specific cutover.
BADMINTON_OBJECTIVE_0086,ex_6232f4bc,FOOTWORK,SUPPORTIVE,INHERITED_FROM_EXPLICIT_BADMINTON_RELATION_V1,BADMINTON_00572,PASS,Objective is supported by explicit canonical badminton relations; the prior exercise-wide transfer level is inherited for this initial objective-specific cutover.
BADMINTON_OBJECTIVE_0087,ex_64422511,ACCELERATION,DIRECT,INHERITED_FROM_EXPLICIT_BADMINTON_RELATION_V1,BADMINTON_00586|BADMINTON_00593,PASS,Objective is supported by explicit canonical badminton relations; the prior exercise-wide transfer level is inherited for this initial objective-specific cutover.
BADMINTON_OBJECTIVE_0088,ex_64422511,DECELERATION,DIRECT,INHERITED_FROM_EXPLICIT_BADMINTON_RELATION_V1,BADMINTON_00581|BADMINTON_00584|BADMINTON_00589|BADMINTON_00592,PASS,Objective is supported by explicit canonical badminton relations; the prior exercise-wide transfer level is inherited for this initial objective-specific cutover.
BADMINTON_OBJECTIVE_0089,ex_64422511,FOOTWORK,DIRECT,INHERITED_FROM_EXPLICIT_BADMINTON_RELATION_V1,BADMINTON_00581|BADMINTON_00582|BADMINTON_00584|BADMINTON_00587|BADMINTON_00594|BADMINTON_00596,PASS,Objective is supported by explicit canonical badminton relations; the prior exercise-wide transfer level is inherited for this initial objective-specific cutover.
BADMINTON_OBJECTIVE_0090,ex_64422511,REACTION,DIRECT,INHERITED_FROM_EXPLICIT_BADMINTON_RELATION_V1,BADMINTON_00583|BADMINTON_00590|BADMINTON_00595,PASS,Objective is supported by explicit canonical badminton relations; the prior exercise-wide transfer level is inherited for this initial objective-specific cutover.
BADMINTON_OBJECTIVE_0091,ex_64644b5e,ACCELERATION,SUPPORTIVE,INHERITED_FROM_EXPLICIT_BADMINTON_RELATION_V1,BADMINTON_00610,PASS,Objective is supported by explicit canonical badminton relations; the prior exercise-wide transfer level is inherited for this initial objective-specific cutover.
BADMINTON_OBJECTIVE_0092,ex_64644b5e,DECELERATION,SUPPORTIVE,INHERITED_FROM_EXPLICIT_BADMINTON_RELATION_V1,BADMINTON_00609,PASS,Objective is supported by explicit canonical badminton relations; the prior exercise-wide transfer level is inherited for this initial objective-specific cutover.
BADMINTON_OBJECTIVE_0093,ex_64644b5e,FOOTWORK,SUPPORTIVE,INHERITED_FROM_EXPLICIT_BADMINTON_RELATION_V1,BADMINTON_00609,PASS,Objective is supported by explicit canonical badminton relations; the prior exercise-wide transfer level is inherited for this initial objective-specific cutover.
BADMINTON_OBJECTIVE_0094,ex_681d9ed2,CONDITIONING,GENERAL,INHERITED_FROM_EXPLICIT_BADMINTON_RELATION_V1,BADMINTON_00630|BADMINTON_00632|BADMINTON_00633,PASS,Objective is supported by explicit canonical badminton relations; the prior exercise-wide transfer level is inherited for this initial objective-specific cutover.
BADMINTON_OBJECTIVE_0095,ex_681eed4a,CONDITIONING,GENERAL,INHERITED_FROM_EXPLICIT_BADMINTON_RELATION_V1,BADMINTON_00636|BADMINTON_00638|BADMINTON_00639,PASS,Objective is supported by explicit canonical badminton relations; the prior exercise-wide transfer level is inherited for this initial objective-specific cutover.
BADMINTON_OBJECTIVE_0096,ex_69a56484,ACCELERATION,SUPPORTIVE,INHERITED_FROM_EXPLICIT_BADMINTON_RELATION_V1,BADMINTON_00644,PASS,Objective is supported by explicit canonical badminton relations; the prior exercise-wide transfer level is inherited for this initial objective-specific cutover.
BADMINTON_OBJECTIVE_0097,ex_69a56484,DECELERATION,SUPPORTIVE,INHERITED_FROM_EXPLICIT_BADMINTON_RELATION_V1,BADMINTON_00643,PASS,Objective is supported by explicit canonical badminton relations; the prior exercise-wide transfer level is inherited for this initial objective-specific cutover.
BADMINTON_OBJECTIVE_0098,ex_69a56484,FOOTWORK,SUPPORTIVE,INHERITED_FROM_EXPLICIT_BADMINTON_RELATION_V1,BADMINTON_00643,PASS,Objective is supported by explicit canonical badminton relations; the prior exercise-wide transfer level is inherited for this initial objective-specific cutover.
BADMINTON_OBJECTIVE_0099,ex_704cbf1a,ACCELERATION,SUPPORTIVE,INHERITED_FROM_EXPLICIT_BADMINTON_RELATION_V1,BADMINTON_00660,PASS,Objective is supported by explicit canonical badminton relations; the prior exercise-wide transfer level is inherited for this initial objective-specific cutover.
BADMINTON_OBJECTIVE_0100,ex_704cbf1a,DECELERATION,SUPPORTIVE,INHERITED_FROM_EXPLICIT_BADMINTON_RELATION_V1,BADMINTON_00659,PASS,Objective is supported by explicit canonical badminton relations; the prior exercise-wide transfer level is inherited for this initial objective-specific cutover.
BADMINTON_OBJECTIVE_0101,ex_704cbf1a,FOOTWORK,SUPPORTIVE,INHERITED_FROM_EXPLICIT_BADMINTON_RELATION_V1,BADMINTON_00659,PASS,Objective is supported by explicit canonical badminton relations; the prior exercise-wide transfer level is inherited for this initial objective-specific cutover.
BADMINTON_OBJECTIVE_0102,ex_728da646,ACCELERATION,SUPPORTIVE,INHERITED_FROM_EXPLICIT_BADMINTON_RELATION_V1,BADMINTON_00688,PASS,Objective is supported by explicit canonical badminton relations; the prior exercise-wide transfer level is inherited for this initial objective-specific cutover.
BADMINTON_OBJECTIVE_0103,ex_728da646,DECELERATION,SUPPORTIVE,INHERITED_FROM_EXPLICIT_BADMINTON_RELATION_V1,BADMINTON_00687,PASS,Objective is supported by explicit canonical badminton relations; the prior exercise-wide transfer level is inherited for this initial objective-specific cutover.
BADMINTON_OBJECTIVE_0104,ex_728da646,FOOTWORK,SUPPORTIVE,INHERITED_FROM_EXPLICIT_BADMINTON_RELATION_V1,BADMINTON_00687,PASS,Objective is supported by explicit canonical badminton relations; the prior exercise-wide transfer level is inherited for this initial objective-specific cutover.
BADMINTON_OBJECTIVE_0105,ex_7404067c,ACCELERATION,SUPPORTIVE,INHERITED_FROM_EXPLICIT_BADMINTON_RELATION_V1,BADMINTON_00709|BADMINTON_00710,PASS,Objective is supported by explicit canonical badminton relations; the prior exercise-wide transfer level is inherited for this initial objective-specific cutover.
BADMINTON_OBJECTIVE_0106,ex_7404067c,DECELERATION,SUPPORTIVE,INHERITED_FROM_EXPLICIT_BADMINTON_RELATION_V1,BADMINTON_00708|BADMINTON_00711,PASS,Objective is supported by explicit canonical badminton relations; the prior exercise-wide transfer level is inherited for this initial objective-specific cutover.
BADMINTON_OBJECTIVE_0107,ex_7404067c,FOOTWORK,SUPPORTIVE,INHERITED_FROM_EXPLICIT_BADMINTON_RELATION_V1,BADMINTON_00708,PASS,Objective is supported by explicit canonical badminton relations; the prior exercise-wide transfer level is inherited for this initial objective-specific cutover.
BADMINTON_OBJECTIVE_0108,ex_7404067c,REACTION,SUPPORTIVE,INHERITED_FROM_EXPLICIT_BADMINTON_RELATION_V1,BADMINTON_00714,PASS,Objective is supported by explicit canonical badminton relations; the prior exercise-wide transfer level is inherited for this initial objective-specific cutover.
BADMINTON_OBJECTIVE_0109,ex_74c2d13b,CONDITIONING,GENERAL,INHERITED_FROM_EXPLICIT_BADMINTON_RELATION_V1,BADMINTON_00717|BADMINTON_00719|BADMINTON_00720,PASS,Objective is supported by explicit canonical badminton relations; the prior exercise-wide transfer level is inherited for this initial objective-specific cutover.
BADMINTON_OBJECTIVE_0110,ex_752b45ae,ACCELERATION,DIRECT,INHERITED_FROM_EXPLICIT_BADMINTON_RELATION_V1,BADMINTON_00737,PASS,Objective is supported by explicit canonical badminton relations; the prior exercise-wide transfer level is inherited for this initial objective-specific cutover.
BADMINTON_OBJECTIVE_0111,ex_752b45ae,DECELERATION,DIRECT,INHERITED_FROM_EXPLICIT_BADMINTON_RELATION_V1,BADMINTON_00723|BADMINTON_00726|BADMINTON_00733|BADMINTON_00736,PASS,Objective is supported by explicit canonical badminton relations; the prior exercise-wide transfer level is inherited for this initial objective-specific cutover.
BADMINTON_OBJECTIVE_0112,ex_752b45ae,FOOTWORK,DIRECT,INHERITED_FROM_EXPLICIT_BADMINTON_RELATION_V1,BADMINTON_00723|BADMINTON_00724|BADMINTON_00726|BADMINTON_00730|BADMINTON_00738|BADMINTON_00740,PASS,Objective is supported by explicit canonical badminton relations; the prior exercise-wide transfer level is inherited for this initial objective-specific cutover.
BADMINTON_OBJECTIVE_0113,ex_752b45ae,REACTION,DIRECT,INHERITED_FROM_EXPLICIT_BADMINTON_RELATION_V1,BADMINTON_00734|BADMINTON_00739,PASS,Objective is supported by explicit canonical badminton relations; the prior exercise-wide transfer level is inherited for this initial objective-specific cutover.
BADMINTON_OBJECTIVE_0114,ex_752b45ae,CONDITIONING,DIRECT,INHERITED_FROM_EXPLICIT_BADMINTON_RELATION_V1,BADMINTON_00725|BADMINTON_00728|BADMINTON_00729|BADMINTON_00731,PASS,Objective is supported by explicit canonical badminton relations; the prior exercise-wide transfer level is inherited for this initial objective-specific cutover.
BADMINTON_OBJECTIVE_0115,ex_7ce96a7a,ACCELERATION,SUPPORTIVE,INHERITED_FROM_EXPLICIT_BADMINTON_RELATION_V1,BADMINTON_00765,PASS,Objective is supported by explicit canonical badminton relations; the prior exercise-wide transfer level is inherited for this initial objective-specific cutover.
BADMINTON_OBJECTIVE_0116,ex_7ce96a7a,DECELERATION,SUPPORTIVE,INHERITED_FROM_EXPLICIT_BADMINTON_RELATION_V1,BADMINTON_00764,PASS,Objective is supported by explicit canonical badminton relations; the prior exercise-wide transfer level is inherited for this initial objective-specific cutover.
BADMINTON_OBJECTIVE_0117,ex_7ce96a7a,FOOTWORK,SUPPORTIVE,INHERITED_FROM_EXPLICIT_BADMINTON_RELATION_V1,BADMINTON_00764,PASS,Objective is supported by explicit canonical badminton relations; the prior exercise-wide transfer level is inherited for this initial objective-specific cutover.
BADMINTON_OBJECTIVE_0118,ex_85f12271,ACCELERATION,SUPPORTIVE,INHERITED_FROM_EXPLICIT_BADMINTON_RELATION_V1,BADMINTON_00787,PASS,Objective is supported by explicit canonical badminton relations; the prior exercise-wide transfer level is inherited for this initial objective-specific cutover.
BADMINTON_OBJECTIVE_0119,ex_85f12271,DECELERATION,SUPPORTIVE,INHERITED_FROM_EXPLICIT_BADMINTON_RELATION_V1,BADMINTON_00786,PASS,Objective is supported by explicit canonical badminton relations; the prior exercise-wide transfer level is inherited for this initial objective-specific cutover.
BADMINTON_OBJECTIVE_0120,ex_85f12271,FOOTWORK,SUPPORTIVE,INHERITED_FROM_EXPLICIT_BADMINTON_RELATION_V1,BADMINTON_00786,PASS,Objective is supported by explicit canonical badminton relations; the prior exercise-wide transfer level is inherited for this initial objective-specific cutover.
BADMINTON_OBJECTIVE_0121,ex_8a3800f1,ACCELERATION,SUPPORTIVE,INHERITED_FROM_EXPLICIT_BADMINTON_RELATION_V1,BADMINTON_00813,PASS,Objective is supported by explicit canonical badminton relations; the prior exercise-wide transfer level is inherited for this initial objective-specific cutover.
BADMINTON_OBJECTIVE_0122,ex_8a3800f1,DECELERATION,SUPPORTIVE,INHERITED_FROM_EXPLICIT_BADMINTON_RELATION_V1,BADMINTON_00812,PASS,Objective is supported by explicit canonical badminton relations; the prior exercise-wide transfer level is inherited for this initial objective-specific cutover.
BADMINTON_OBJECTIVE_0123,ex_8a3800f1,FOOTWORK,SUPPORTIVE,INHERITED_FROM_EXPLICIT_BADMINTON_RELATION_V1,BADMINTON_00812,PASS,Objective is supported by explicit canonical badminton relations; the prior exercise-wide transfer level is inherited for this initial objective-specific cutover.
BADMINTON_OBJECTIVE_0124,ex_8e69fc74,ACCELERATION,DIRECT,INHERITED_FROM_EXPLICIT_BADMINTON_RELATION_V1,BADMINTON_00829,PASS,Objective is supported by explicit canonical badminton relations; the prior exercise-wide transfer level is inherited for this initial objective-specific cutover.
BADMINTON_OBJECTIVE_0125,ex_8e69fc74,DECELERATION,DIRECT,INHERITED_FROM_EXPLICIT_BADMINTON_RELATION_V1,BADMINTON_00824|BADMINTON_00827|BADMINTON_00832|BADMINTON_00835,PASS,Objective is supported by explicit canonical badminton relations; the prior exercise-wide transfer level is inherited for this initial objective-specific cutover.
BADMINTON_OBJECTIVE_0126,ex_8e69fc74,FOOTWORK,DIRECT,INHERITED_FROM_EXPLICIT_BADMINTON_RELATION_V1,BADMINTON_00824|BADMINTON_00825|BADMINTON_00827|BADMINTON_00830|BADMINTON_00837,PASS,Objective is supported by explicit canonical badminton relations; the prior exercise-wide transfer level is inherited for this initial objective-specific cutover.
BADMINTON_OBJECTIVE_0127,ex_8e69fc74,REACTION,DIRECT,INHERITED_FROM_EXPLICIT_BADMINTON_RELATION_V1,BADMINTON_00826|BADMINTON_00833|BADMINTON_00836,PASS,Objective is supported by explicit canonical badminton relations; the prior exercise-wide transfer level is inherited for this initial objective-specific cutover.
BADMINTON_OBJECTIVE_0128,ex_91d8430b,CONDITIONING,DIRECT,INHERITED_FROM_EXPLICIT_BADMINTON_RELATION_V1,BADMINTON_00845|BADMINTON_00846|BADMINTON_00848,PASS,Objective is supported by explicit canonical badminton relations; the prior exercise-wide transfer level is inherited for this initial objective-specific cutover.
BADMINTON_OBJECTIVE_0129,ex_91f6958d,DECELERATION,SUPPORTIVE,INHERITED_FROM_EXPLICIT_BADMINTON_RELATION_V1,BADMINTON_00854,PASS,Objective is supported by explicit canonical badminton relations; the prior exercise-wide transfer level is inherited for this initial objective-specific cutover.
BADMINTON_OBJECTIVE_0130,ex_91f6958d,FOOTWORK,SUPPORTIVE,INHERITED_FROM_EXPLICIT_BADMINTON_RELATION_V1,BADMINTON_00854,PASS,Objective is supported by explicit canonical badminton relations; the prior exercise-wide transfer level is inherited for this initial objective-specific cutover.
BADMINTON_OBJECTIVE_0131,ex_9b132c23,ACCELERATION,SUPPORTIVE,INHERITED_FROM_EXPLICIT_BADMINTON_RELATION_V1,BADMINTON_00876|BADMINTON_00877|BADMINTON_00886,PASS,Objective is supported by explicit canonical badminton relations; the prior exercise-wide transfer level is inherited for this initial objective-specific cutover.
BADMINTON_OBJECTIVE_0132,ex_9b132c23,DECELERATION,SUPPORTIVE,INHERITED_FROM_EXPLICIT_BADMINTON_RELATION_V1,BADMINTON_00875|BADMINTON_00878|BADMINTON_00885,PASS,Objective is supported by explicit canonical badminton relations; the prior exercise-wide transfer level is inherited for this initial objective-specific cutover.
BADMINTON_OBJECTIVE_0133,ex_9b132c23,FOOTWORK,SUPPORTIVE,INHERITED_FROM_EXPLICIT_BADMINTON_RELATION_V1,BADMINTON_00875|BADMINTON_00887|BADMINTON_00888|BADMINTON_00890,PASS,Objective is supported by explicit canonical badminton relations; the prior exercise-wide transfer level is inherited for this initial objective-specific cutover.
BADMINTON_OBJECTIVE_0134,ex_9b132c23,REACTION,SUPPORTIVE,INHERITED_FROM_EXPLICIT_BADMINTON_RELATION_V1,BADMINTON_00883|BADMINTON_00889,PASS,Objective is supported by explicit canonical badminton relations; the prior exercise-wide transfer level is inherited for this initial objective-specific cutover.
BADMINTON_OBJECTIVE_0135,ex_9bd6dddb,ACCELERATION,SUPPORTIVE,INHERITED_FROM_EXPLICIT_BADMINTON_RELATION_V1,BADMINTON_00894|BADMINTON_00896,PASS,Objective is supported by explicit canonical badminton relations; the prior exercise-wide transfer level is inherited for this initial objective-specific cutover.
BADMINTON_OBJECTIVE_0136,ex_9bd6dddb,DECELERATION,SUPPORTIVE,INHERITED_FROM_EXPLICIT_BADMINTON_RELATION_V1,BADMINTON_00893,PASS,Objective is supported by explicit canonical badminton relations; the prior exercise-wide transfer level is inherited for this initial objective-specific cutover.
BADMINTON_OBJECTIVE_0137,ex_9bd6dddb,FOOTWORK,SUPPORTIVE,INHERITED_FROM_EXPLICIT_BADMINTON_RELATION_V1,BADMINTON_00893|BADMINTON_00895,PASS,Objective is supported by explicit canonical badminton relations; the prior exercise-wide transfer level is inherited for this initial objective-specific cutover.
BADMINTON_OBJECTIVE_0138,ex_a12de111,ACCELERATION,SUPPORTIVE,INHERITED_FROM_EXPLICIT_BADMINTON_RELATION_V1,BADMINTON_00915,PASS,Objective is supported by explicit canonical badminton relations; the prior exercise-wide transfer level is inherited for this initial objective-specific cutover.
BADMINTON_OBJECTIVE_0139,ex_a12de4d2,ACCELERATION,SUPPORTIVE,INHERITED_FROM_EXPLICIT_BADMINTON_RELATION_V1,BADMINTON_00924,PASS,Objective is supported by explicit canonical badminton relations; the prior exercise-wide transfer level is inherited for this initial objective-specific cutover.
BADMINTON_OBJECTIVE_0140,ex_a3ddd8ac,ACCELERATION,SUPPORTIVE,INHERITED_FROM_EXPLICIT_BADMINTON_RELATION_V1,BADMINTON_00937|BADMINTON_00939,PASS,Objective is supported by explicit canonical badminton relations; the prior exercise-wide transfer level is inherited for this initial objective-specific cutover.
BADMINTON_OBJECTIVE_0141,ex_a3ddd8ac,DECELERATION,SUPPORTIVE,INHERITED_FROM_EXPLICIT_BADMINTON_RELATION_V1,BADMINTON_00936,PASS,Objective is supported by explicit canonical badminton relations; the prior exercise-wide transfer level is inherited for this initial objective-specific cutover.
BADMINTON_OBJECTIVE_0142,ex_a3ddd8ac,FOOTWORK,SUPPORTIVE,INHERITED_FROM_EXPLICIT_BADMINTON_RELATION_V1,BADMINTON_00936|BADMINTON_00938,PASS,Objective is supported by explicit canonical badminton relations; the prior exercise-wide transfer level is inherited for this initial objective-specific cutover.
BADMINTON_OBJECTIVE_0143,ex_a4040be3,ACCELERATION,SUPPORTIVE,INHERITED_FROM_EXPLICIT_BADMINTON_RELATION_V1,BADMINTON_00951,PASS,Objective is supported by explicit canonical badminton relations; the prior exercise-wide transfer level is inherited for this initial objective-specific cutover.
BADMINTON_OBJECTIVE_0144,ex_a4040be3,DECELERATION,SUPPORTIVE,INHERITED_FROM_EXPLICIT_BADMINTON_RELATION_V1,BADMINTON_00948|BADMINTON_00950,PASS,Objective is supported by explicit canonical badminton relations; the prior exercise-wide transfer level is inherited for this initial objective-specific cutover.
BADMINTON_OBJECTIVE_0145,ex_a4040be3,FOOTWORK,SUPPORTIVE,INHERITED_FROM_EXPLICIT_BADMINTON_RELATION_V1,BADMINTON_00952|BADMINTON_00954,PASS,Objective is supported by explicit canonical badminton relations; the prior exercise-wide transfer level is inherited for this initial objective-specific cutover.
BADMINTON_OBJECTIVE_0146,ex_a4040be3,REACTION,SUPPORTIVE,INHERITED_FROM_EXPLICIT_BADMINTON_RELATION_V1,BADMINTON_00949|BADMINTON_00953,PASS,Objective is supported by explicit canonical badminton relations; the prior exercise-wide transfer level is inherited for this initial objective-specific cutover.
BADMINTON_OBJECTIVE_0147,ex_a412dd45,ACCELERATION,SUPPORTIVE,INHERITED_FROM_EXPLICIT_BADMINTON_RELATION_V1,BADMINTON_00959,PASS,Objective is supported by explicit canonical badminton relations; the prior exercise-wide transfer level is inherited for this initial objective-specific cutover.
BADMINTON_OBJECTIVE_0148,ex_a4350c0f,ACCELERATION,SUPPORTIVE,INHERITED_FROM_EXPLICIT_BADMINTON_RELATION_V1,BADMINTON_00972,PASS,Objective is supported by explicit canonical badminton relations; the prior exercise-wide transfer level is inherited for this initial objective-specific cutover.
BADMINTON_OBJECTIVE_0149,ex_a4350c0f,DECELERATION,SUPPORTIVE,INHERITED_FROM_EXPLICIT_BADMINTON_RELATION_V1,BADMINTON_00969|BADMINTON_00971,PASS,Objective is supported by explicit canonical badminton relations; the prior exercise-wide transfer level is inherited for this initial objective-specific cutover.
BADMINTON_OBJECTIVE_0150,ex_a4350c0f,FOOTWORK,SUPPORTIVE,INHERITED_FROM_EXPLICIT_BADMINTON_RELATION_V1,BADMINTON_00973|BADMINTON_00975,PASS,Objective is supported by explicit canonical badminton relations; the prior exercise-wide transfer level is inherited for this initial objective-specific cutover.
BADMINTON_OBJECTIVE_0151,ex_a4350c0f,REACTION,SUPPORTIVE,INHERITED_FROM_EXPLICIT_BADMINTON_RELATION_V1,BADMINTON_00970|BADMINTON_00974,PASS,Objective is supported by explicit canonical badminton relations; the prior exercise-wide transfer level is inherited for this initial objective-specific cutover.
BADMINTON_OBJECTIVE_0152,ex_a44ae2ca,DECELERATION,SUPPORTIVE,INHERITED_FROM_EXPLICIT_BADMINTON_RELATION_V1,BADMINTON_00978,PASS,Objective is supported by explicit canonical badminton relations; the prior exercise-wide transfer level is inherited for this initial objective-specific cutover.
BADMINTON_OBJECTIVE_0153,ex_a44ae2ca,FOOTWORK,SUPPORTIVE,INHERITED_FROM_EXPLICIT_BADMINTON_RELATION_V1,BADMINTON_00978,PASS,Objective is supported by explicit canonical badminton relations; the prior exercise-wide transfer level is inherited for this initial objective-specific cutover.
BADMINTON_OBJECTIVE_0154,ex_a611010d,ACCELERATION,SUPPORTIVE,INHERITED_FROM_EXPLICIT_BADMINTON_RELATION_V1,BADMINTON_00994,PASS,Objective is supported by explicit canonical badminton relations; the prior exercise-wide transfer level is inherited for this initial objective-specific cutover.
BADMINTON_OBJECTIVE_0155,ex_a611010d,DECELERATION,SUPPORTIVE,INHERITED_FROM_EXPLICIT_BADMINTON_RELATION_V1,BADMINTON_00993,PASS,Objective is supported by explicit canonical badminton relations; the prior exercise-wide transfer level is inherited for this initial objective-specific cutover.
BADMINTON_OBJECTIVE_0156,ex_a611010d,FOOTWORK,SUPPORTIVE,INHERITED_FROM_EXPLICIT_BADMINTON_RELATION_V1,BADMINTON_00993,PASS,Objective is supported by explicit canonical badminton relations; the prior exercise-wide transfer level is inherited for this initial objective-specific cutover.
BADMINTON_OBJECTIVE_0157,ex_a8385c4a,DECELERATION,SUPPORTIVE,INHERITED_FROM_EXPLICIT_BADMINTON_RELATION_V1,BADMINTON_01020,PASS,Objective is supported by explicit canonical badminton relations; the prior exercise-wide transfer level is inherited for this initial objective-specific cutover.
BADMINTON_OBJECTIVE_0158,ex_a8385c4a,FOOTWORK,SUPPORTIVE,INHERITED_FROM_EXPLICIT_BADMINTON_RELATION_V1,BADMINTON_01020,PASS,Objective is supported by explicit canonical badminton relations; the prior exercise-wide transfer level is inherited for this initial objective-specific cutover.
BADMINTON_OBJECTIVE_0159,ex_a9b52886,CONDITIONING,GENERAL,INHERITED_FROM_EXPLICIT_BADMINTON_RELATION_V1,BADMINTON_01027|BADMINTON_01029|BADMINTON_01030,PASS,Objective is supported by explicit canonical badminton relations; the prior exercise-wide transfer level is inherited for this initial objective-specific cutover.
BADMINTON_OBJECTIVE_0160,ex_ab918e2b,CONDITIONING,GENERAL,INHERITED_FROM_EXPLICIT_BADMINTON_RELATION_V1,BADMINTON_01039|BADMINTON_01041|BADMINTON_01042,PASS,Objective is supported by explicit canonical badminton relations; the prior exercise-wide transfer level is inherited for this initial objective-specific cutover.
BADMINTON_OBJECTIVE_0161,ex_ae9ecdbc,ACCELERATION,DIRECT,INHERITED_FROM_EXPLICIT_BADMINTON_RELATION_V1,BADMINTON_01063,PASS,Objective is supported by explicit canonical badminton relations; the prior exercise-wide transfer level is inherited for this initial objective-specific cutover.
BADMINTON_OBJECTIVE_0162,ex_ae9ecdbc,DECELERATION,DIRECT,INHERITED_FROM_EXPLICIT_BADMINTON_RELATION_V1,BADMINTON_01050|BADMINTON_01053|BADMINTON_01060,PASS,Objective is supported by explicit canonical badminton relations; the prior exercise-wide transfer level is inherited for this initial objective-specific cutover.
BADMINTON_OBJECTIVE_0163,ex_ae9ecdbc,FOOTWORK,DIRECT,INHERITED_FROM_EXPLICIT_BADMINTON_RELATION_V1,BADMINTON_01050|BADMINTON_01053|BADMINTON_01064|BADMINTON_01065,PASS,Objective is supported by explicit canonical badminton relations; the prior exercise-wide transfer level is inherited for this initial objective-specific cutover.
BADMINTON_OBJECTIVE_0164,ex_ae9ecdbc,REACTION,DIRECT,INHERITED_FROM_EXPLICIT_BADMINTON_RELATION_V1,BADMINTON_01052|BADMINTON_01061,PASS,Objective is supported by explicit canonical badminton relations; the prior exercise-wide transfer level is inherited for this initial objective-specific cutover.
BADMINTON_OBJECTIVE_0165,ex_ae9ecdbc,CONDITIONING,DIRECT,INHERITED_FROM_EXPLICIT_BADMINTON_RELATION_V1,BADMINTON_01051|BADMINTON_01056|BADMINTON_01058|BADMINTON_01059,PASS,Objective is supported by explicit canonical badminton relations; the prior exercise-wide transfer level is inherited for this initial objective-specific cutover.
BADMINTON_OBJECTIVE_0166,ex_b4b198de,ACCELERATION,SUPPORTIVE,INHERITED_FROM_EXPLICIT_BADMINTON_RELATION_V1,BADMINTON_01081,PASS,Objective is supported by explicit canonical badminton relations; the prior exercise-wide transfer level is inherited for this initial objective-specific cutover.
BADMINTON_OBJECTIVE_0167,ex_b4b198de,DECELERATION,SUPPORTIVE,INHERITED_FROM_EXPLICIT_BADMINTON_RELATION_V1,BADMINTON_01080,PASS,Objective is supported by explicit canonical badminton relations; the prior exercise-wide transfer level is inherited for this initial objective-specific cutover.
BADMINTON_OBJECTIVE_0168,ex_b4b198de,FOOTWORK,SUPPORTIVE,INHERITED_FROM_EXPLICIT_BADMINTON_RELATION_V1,BADMINTON_01080,PASS,Objective is supported by explicit canonical badminton relations; the prior exercise-wide transfer level is inherited for this initial objective-specific cutover.
BADMINTON_OBJECTIVE_0169,ex_badminton_lesson,ACCELERATION,DIRECT,INHERITED_FROM_EXPLICIT_BADMINTON_RELATION_V1,BADMINTON_01123,PASS,Objective is supported by explicit canonical badminton relations; the prior exercise-wide transfer level is inherited for this initial objective-specific cutover.
BADMINTON_OBJECTIVE_0170,ex_badminton_lesson,DECELERATION,DIRECT,INHERITED_FROM_EXPLICIT_BADMINTON_RELATION_V1,BADMINTON_01116,PASS,Objective is supported by explicit canonical badminton relations; the prior exercise-wide transfer level is inherited for this initial objective-specific cutover.
BADMINTON_OBJECTIVE_0171,ex_badminton_lesson,FOOTWORK,DIRECT,INHERITED_FROM_EXPLICIT_BADMINTON_RELATION_V1,BADMINTON_01113|BADMINTON_01116|BADMINTON_01119|BADMINTON_01124|BADMINTON_01125,PASS,Objective is supported by explicit canonical badminton relations; the prior exercise-wide transfer level is inherited for this initial objective-specific cutover.
BADMINTON_OBJECTIVE_0172,ex_badminton_lesson,REACTION,DIRECT,INHERITED_FROM_EXPLICIT_BADMINTON_RELATION_V1,BADMINTON_01115|BADMINTON_01120,PASS,Objective is supported by explicit canonical badminton relations; the prior exercise-wide transfer level is inherited for this initial objective-specific cutover.
BADMINTON_OBJECTIVE_0173,ex_bc84eb7f,ACCELERATION,DIRECT,INHERITED_FROM_EXPLICIT_BADMINTON_RELATION_V1,BADMINTON_01138|BADMINTON_01147,PASS,Objective is supported by explicit canonical badminton relations; the prior exercise-wide transfer level is inherited for this initial objective-specific cutover.
BADMINTON_OBJECTIVE_0174,ex_bc84eb7f,DECELERATION,DIRECT,INHERITED_FROM_EXPLICIT_BADMINTON_RELATION_V1,BADMINTON_01142|BADMINTON_01146,PASS,Objective is supported by explicit canonical badminton relations; the prior exercise-wide transfer level is inherited for this initial objective-specific cutover.
BADMINTON_OBJECTIVE_0175,ex_bc84eb7f,FOOTWORK,DIRECT,INHERITED_FROM_EXPLICIT_BADMINTON_RELATION_V1,BADMINTON_01134|BADMINTON_01141|BADMINTON_01148|BADMINTON_01150,PASS,Objective is supported by explicit canonical badminton relations; the prior exercise-wide transfer level is inherited for this initial objective-specific cutover.
BADMINTON_OBJECTIVE_0176,ex_bc84eb7f,LUNGE_REACH,DIRECT,INHERITED_FROM_EXPLICIT_BADMINTON_RELATION_V1,BADMINTON_01135|BADMINTON_01139|BADMINTON_01140,PASS,Objective is supported by explicit canonical badminton relations; the prior exercise-wide transfer level is inherited for this initial objective-specific cutover.
BADMINTON_OBJECTIVE_0177,ex_bc84eb7f,REACTION,DIRECT,INHERITED_FROM_EXPLICIT_BADMINTON_RELATION_V1,BADMINTON_01136|BADMINTON_01144|BADMINTON_01149,PASS,Objective is supported by explicit canonical badminton relations; the prior exercise-wide transfer level is inherited for this initial objective-specific cutover.
BADMINTON_OBJECTIVE_0178,ex_c1bf2aa8,ACCELERATION,DIRECT,INHERITED_FROM_EXPLICIT_BADMINTON_RELATION_V1,BADMINTON_01171,PASS,Objective is supported by explicit canonical badminton relations; the prior exercise-wide transfer level is inherited for this initial objective-specific cutover.
BADMINTON_OBJECTIVE_0179,ex_c1bf2aa8,DECELERATION,DIRECT,INHERITED_FROM_EXPLICIT_BADMINTON_RELATION_V1,BADMINTON_01157|BADMINTON_01160|BADMINTON_01167|BADMINTON_01170,PASS,Objective is supported by explicit canonical badminton relations; the prior exercise-wide transfer level is inherited for this initial objective-specific cutover.
BADMINTON_OBJECTIVE_0180,ex_c1bf2aa8,FOOTWORK,DIRECT,INHERITED_FROM_EXPLICIT_BADMINTON_RELATION_V1,BADMINTON_01157|BADMINTON_01158|BADMINTON_01160|BADMINTON_01164|BADMINTON_01172|BADMINTON_01174,PASS,Objective is supported by explicit canonical badminton relations; the prior exercise-wide transfer level is inherited for this initial objective-specific cutover.
BADMINTON_OBJECTIVE_0181,ex_c1bf2aa8,REACTION,DIRECT,INHERITED_FROM_EXPLICIT_BADMINTON_RELATION_V1,BADMINTON_01168|BADMINTON_01173,PASS,Objective is supported by explicit canonical badminton relations; the prior exercise-wide transfer level is inherited for this initial objective-specific cutover.
BADMINTON_OBJECTIVE_0182,ex_c1bf2aa8,CONDITIONING,DIRECT,INHERITED_FROM_EXPLICIT_BADMINTON_RELATION_V1,BADMINTON_01159|BADMINTON_01162|BADMINTON_01163|BADMINTON_01165,PASS,Objective is supported by explicit canonical badminton relations; the prior exercise-wide transfer level is inherited for this initial objective-specific cutover.
BADMINTON_OBJECTIVE_0183,ex_c4ea0a2a,ACCELERATION,SUPPORTIVE,INHERITED_FROM_EXPLICIT_BADMINTON_RELATION_V1,BADMINTON_01193,PASS,Objective is supported by explicit canonical badminton relations; the prior exercise-wide transfer level is inherited for this initial objective-specific cutover.
BADMINTON_OBJECTIVE_0184,ex_c5c2fdef,ACCELERATION,SUPPORTIVE,INHERITED_FROM_EXPLICIT_BADMINTON_RELATION_V1,BADMINTON_01215,PASS,Objective is supported by explicit canonical badminton relations; the prior exercise-wide transfer level is inherited for this initial objective-specific cutover.
BADMINTON_OBJECTIVE_0185,ex_c5f4c242,ACCELERATION,DIRECT,INHERITED_FROM_EXPLICIT_BADMINTON_RELATION_V1,BADMINTON_01226|BADMINTON_01233,PASS,Objective is supported by explicit canonical badminton relations; the prior exercise-wide transfer level is inherited for this initial objective-specific cutover.
BADMINTON_OBJECTIVE_0186,ex_c5f4c242,DECELERATION,DIRECT,INHERITED_FROM_EXPLICIT_BADMINTON_RELATION_V1,BADMINTON_01221|BADMINTON_01224|BADMINTON_01229|BADMINTON_01232,PASS,Objective is supported by explicit canonical badminton relations; the prior exercise-wide transfer level is inherited for this initial objective-specific cutover.
BADMINTON_OBJECTIVE_0187,ex_c5f4c242,FOOTWORK,DIRECT,INHERITED_FROM_EXPLICIT_BADMINTON_RELATION_V1,BADMINTON_01221|BADMINTON_01222|BADMINTON_01224|BADMINTON_01227|BADMINTON_01234|BADMINTON_01236,PASS,Objective is supported by explicit canonical badminton relations; the prior exercise-wide transfer level is inherited for this initial objective-specific cutover.
BADMINTON_OBJECTIVE_0188,ex_c5f4c242,REACTION,DIRECT,INHERITED_FROM_EXPLICIT_BADMINTON_RELATION_V1,BADMINTON_01223|BADMINTON_01230|BADMINTON_01235,PASS,Objective is supported by explicit canonical badminton relations; the prior exercise-wide transfer level is inherited for this initial objective-specific cutover.
BADMINTON_OBJECTIVE_0189,ex_c6d9efef,ACCELERATION,DIRECT,INHERITED_FROM_EXPLICIT_BADMINTON_RELATION_V1,BADMINTON_01248,PASS,Objective is supported by explicit canonical badminton relations; the prior exercise-wide transfer level is inherited for this initial objective-specific cutover.
BADMINTON_OBJECTIVE_0190,ex_c6d9efef,DECELERATION,DIRECT,INHERITED_FROM_EXPLICIT_BADMINTON_RELATION_V1,BADMINTON_01243|BADMINTON_01246|BADMINTON_01251,PASS,Objective is supported by explicit canonical badminton relations; the prior exercise-wide transfer level is inherited for this initial objective-specific cutover.
BADMINTON_OBJECTIVE_0191,ex_c6d9efef,FOOTWORK,DIRECT,INHERITED_FROM_EXPLICIT_BADMINTON_RELATION_V1,BADMINTON_01243|BADMINTON_01244|BADMINTON_01246|BADMINTON_01249|BADMINTON_01255,PASS,Objective is supported by explicit canonical badminton relations; the prior exercise-wide transfer level is inherited for this initial objective-specific cutover.
BADMINTON_OBJECTIVE_0192,ex_c6d9efef,REACTION,DIRECT,INHERITED_FROM_EXPLICIT_BADMINTON_RELATION_V1,BADMINTON_01245|BADMINTON_01252|BADMINTON_01254,PASS,Objective is supported by explicit canonical badminton relations; the prior exercise-wide transfer level is inherited for this initial objective-specific cutover.
BADMINTON_OBJECTIVE_0193,ex_c7977dfd,ACCELERATION,DIRECT,INHERITED_FROM_EXPLICIT_BADMINTON_RELATION_V1,BADMINTON_01271,PASS,Objective is supported by explicit canonical badminton relations; the prior exercise-wide transfer level is inherited for this initial objective-specific cutover.
BADMINTON_OBJECTIVE_0194,ex_c7977dfd,DECELERATION,DIRECT,INHERITED_FROM_EXPLICIT_BADMINTON_RELATION_V1,BADMINTON_01257|BADMINTON_01260|BADMINTON_01267|BADMINTON_01270,PASS,Objective is supported by explicit canonical badminton relations; the prior exercise-wide transfer level is inherited for this initial objective-specific cutover.
BADMINTON_OBJECTIVE_0195,ex_c7977dfd,FOOTWORK,DIRECT,INHERITED_FROM_EXPLICIT_BADMINTON_RELATION_V1,BADMINTON_01257|BADMINTON_01258|BADMINTON_01260|BADMINTON_01264|BADMINTON_01272|BADMINTON_01274,PASS,Objective is supported by explicit canonical badminton relations; the prior exercise-wide transfer level is inherited for this initial objective-specific cutover.
BADMINTON_OBJECTIVE_0196,ex_c7977dfd,REACTION,DIRECT,INHERITED_FROM_EXPLICIT_BADMINTON_RELATION_V1,BADMINTON_01268|BADMINTON_01273,PASS,Objective is supported by explicit canonical badminton relations; the prior exercise-wide transfer level is inherited for this initial objective-specific cutover.
BADMINTON_OBJECTIVE_0197,ex_c7977dfd,CONDITIONING,DIRECT,INHERITED_FROM_EXPLICIT_BADMINTON_RELATION_V1,BADMINTON_01259|BADMINTON_01262|BADMINTON_01263|BADMINTON_01265,PASS,Objective is supported by explicit canonical badminton relations; the prior exercise-wide transfer level is inherited for this initial objective-specific cutover.
BADMINTON_OBJECTIVE_0198,ex_c8bcf3ce,ACCELERATION,SUPPORTIVE,INHERITED_FROM_EXPLICIT_BADMINTON_RELATION_V1,BADMINTON_01278,PASS,Objective is supported by explicit canonical badminton relations; the prior exercise-wide transfer level is inherited for this initial objective-specific cutover.
BADMINTON_OBJECTIVE_0199,ex_c8bcf3ce,DECELERATION,SUPPORTIVE,INHERITED_FROM_EXPLICIT_BADMINTON_RELATION_V1,BADMINTON_01277,PASS,Objective is supported by explicit canonical badminton relations; the prior exercise-wide transfer level is inherited for this initial objective-specific cutover.
BADMINTON_OBJECTIVE_0200,ex_c8bcf3ce,FOOTWORK,SUPPORTIVE,INHERITED_FROM_EXPLICIT_BADMINTON_RELATION_V1,BADMINTON_01277,PASS,Objective is supported by explicit canonical badminton relations; the prior exercise-wide transfer level is inherited for this initial objective-specific cutover.
BADMINTON_OBJECTIVE_0201,ex_d5bdffe1,DECELERATION,SUPPORTIVE,INHERITED_FROM_EXPLICIT_BADMINTON_RELATION_V1,BADMINTON_01303,PASS,Objective is supported by explicit canonical badminton relations; the prior exercise-wide transfer level is inherited for this initial objective-specific cutover.
BADMINTON_OBJECTIVE_0202,ex_d5bdffe1,FOOTWORK,SUPPORTIVE,INHERITED_FROM_EXPLICIT_BADMINTON_RELATION_V1,BADMINTON_01303,PASS,Objective is supported by explicit canonical badminton relations; the prior exercise-wide transfer level is inherited for this initial objective-specific cutover.
BADMINTON_OBJECTIVE_0203,ex_d6726746,ACCELERATION,SUPPORTIVE,INHERITED_FROM_EXPLICIT_BADMINTON_RELATION_V1,BADMINTON_01318|BADMINTON_01319,PASS,Objective is supported by explicit canonical badminton relations; the prior exercise-wide transfer level is inherited for this initial objective-specific cutover.
BADMINTON_OBJECTIVE_0204,ex_d6726746,DECELERATION,SUPPORTIVE,INHERITED_FROM_EXPLICIT_BADMINTON_RELATION_V1,BADMINTON_01317|BADMINTON_01320,PASS,Objective is supported by explicit canonical badminton relations; the prior exercise-wide transfer level is inherited for this initial objective-specific cutover.
BADMINTON_OBJECTIVE_0205,ex_d6726746,FOOTWORK,SUPPORTIVE,INHERITED_FROM_EXPLICIT_BADMINTON_RELATION_V1,BADMINTON_01317,PASS,Objective is supported by explicit canonical badminton relations; the prior exercise-wide transfer level is inherited for this initial objective-specific cutover.
BADMINTON_OBJECTIVE_0206,ex_d6726746,REACTION,SUPPORTIVE,INHERITED_FROM_EXPLICIT_BADMINTON_RELATION_V1,BADMINTON_01323,PASS,Objective is supported by explicit canonical badminton relations; the prior exercise-wide transfer level is inherited for this initial objective-specific cutover.
BADMINTON_OBJECTIVE_0207,ex_d67e5761,ACCELERATION,SUPPORTIVE,INHERITED_FROM_EXPLICIT_BADMINTON_RELATION_V1,BADMINTON_01328,PASS,Objective is supported by explicit canonical badminton relations; the prior exercise-wide transfer level is inherited for this initial objective-specific cutover.
BADMINTON_OBJECTIVE_0208,ex_d67e5761,DECELERATION,SUPPORTIVE,INHERITED_FROM_EXPLICIT_BADMINTON_RELATION_V1,BADMINTON_01327,PASS,Objective is supported by explicit canonical badminton relations; the prior exercise-wide transfer level is inherited for this initial objective-specific cutover.
BADMINTON_OBJECTIVE_0209,ex_d67e5761,FOOTWORK,SUPPORTIVE,INHERITED_FROM_EXPLICIT_BADMINTON_RELATION_V1,BADMINTON_01327,PASS,Objective is supported by explicit canonical badminton relations; the prior exercise-wide transfer level is inherited for this initial objective-specific cutover.
BADMINTON_OBJECTIVE_0210,ex_d7c90536,CONDITIONING,GENERAL,INHERITED_FROM_EXPLICIT_BADMINTON_RELATION_V1,BADMINTON_01336|BADMINTON_01338|BADMINTON_01339,PASS,Objective is supported by explicit canonical badminton relations; the prior exercise-wide transfer level is inherited for this initial objective-specific cutover.
BADMINTON_OBJECTIVE_0211,ex_d9e141e4,ACCELERATION,SUPPORTIVE,INHERITED_FROM_EXPLICIT_BADMINTON_RELATION_V1,BADMINTON_01344|BADMINTON_01345,PASS,Objective is supported by explicit canonical badminton relations; the prior exercise-wide transfer level is inherited for this initial objective-specific cutover.
BADMINTON_OBJECTIVE_0212,ex_d9e141e4,DECELERATION,SUPPORTIVE,INHERITED_FROM_EXPLICIT_BADMINTON_RELATION_V1,BADMINTON_01343|BADMINTON_01346,PASS,Objective is supported by explicit canonical badminton relations; the prior exercise-wide transfer level is inherited for this initial objective-specific cutover.
BADMINTON_OBJECTIVE_0213,ex_d9e141e4,FOOTWORK,SUPPORTIVE,INHERITED_FROM_EXPLICIT_BADMINTON_RELATION_V1,BADMINTON_01343,PASS,Objective is supported by explicit canonical badminton relations; the prior exercise-wide transfer level is inherited for this initial objective-specific cutover.
BADMINTON_OBJECTIVE_0214,ex_d9e141e4,REACTION,SUPPORTIVE,INHERITED_FROM_EXPLICIT_BADMINTON_RELATION_V1,BADMINTON_01349,PASS,Objective is supported by explicit canonical badminton relations; the prior exercise-wide transfer level is inherited for this initial objective-specific cutover.
BADMINTON_OBJECTIVE_0215,ex_df966b45,ACCELERATION,SUPPORTIVE,INHERITED_FROM_EXPLICIT_BADMINTON_RELATION_V1,BADMINTON_01386|BADMINTON_01387,PASS,Objective is supported by explicit canonical badminton relations; the prior exercise-wide transfer level is inherited for this initial objective-specific cutover.
BADMINTON_OBJECTIVE_0216,ex_df966b45,DECELERATION,SUPPORTIVE,INHERITED_FROM_EXPLICIT_BADMINTON_RELATION_V1,BADMINTON_01385|BADMINTON_01388,PASS,Objective is supported by explicit canonical badminton relations; the prior exercise-wide transfer level is inherited for this initial objective-specific cutover.
BADMINTON_OBJECTIVE_0217,ex_df966b45,FOOTWORK,SUPPORTIVE,INHERITED_FROM_EXPLICIT_BADMINTON_RELATION_V1,BADMINTON_01385,PASS,Objective is supported by explicit canonical badminton relations; the prior exercise-wide transfer level is inherited for this initial objective-specific cutover.
BADMINTON_OBJECTIVE_0218,ex_df966b45,REACTION,SUPPORTIVE,INHERITED_FROM_EXPLICIT_BADMINTON_RELATION_V1,BADMINTON_01393,PASS,Objective is supported by explicit canonical badminton relations; the prior exercise-wide transfer level is inherited for this initial objective-specific cutover.
BADMINTON_OBJECTIVE_0219,ex_e0b1e364,ACCELERATION,SUPPORTIVE,INHERITED_FROM_EXPLICIT_BADMINTON_RELATION_V1,BADMINTON_01399,PASS,Objective is supported by explicit canonical badminton relations; the prior exercise-wide transfer level is inherited for this initial objective-specific cutover.
BADMINTON_OBJECTIVE_0220,ex_e0b1e364,DECELERATION,SUPPORTIVE,INHERITED_FROM_EXPLICIT_BADMINTON_RELATION_V1,BADMINTON_01398,PASS,Objective is supported by explicit canonical badminton relations; the prior exercise-wide transfer level is inherited for this initial objective-specific cutover.
BADMINTON_OBJECTIVE_0221,ex_e0b1e364,FOOTWORK,SUPPORTIVE,INHERITED_FROM_EXPLICIT_BADMINTON_RELATION_V1,BADMINTON_01398,PASS,Objective is supported by explicit canonical badminton relations; the prior exercise-wide transfer level is inherited for this initial objective-specific cutover.
BADMINTON_OBJECTIVE_0222,ex_e2efd0fe,ACCELERATION,SUPPORTIVE,INHERITED_FROM_EXPLICIT_BADMINTON_RELATION_V1,BADMINTON_01416,PASS,Objective is supported by explicit canonical badminton relations; the prior exercise-wide transfer level is inherited for this initial objective-specific cutover.
BADMINTON_OBJECTIVE_0223,ex_e2efd0fe,DECELERATION,SUPPORTIVE,INHERITED_FROM_EXPLICIT_BADMINTON_RELATION_V1,BADMINTON_01415,PASS,Objective is supported by explicit canonical badminton relations; the prior exercise-wide transfer level is inherited for this initial objective-specific cutover.
BADMINTON_OBJECTIVE_0224,ex_e2efd0fe,FOOTWORK,SUPPORTIVE,INHERITED_FROM_EXPLICIT_BADMINTON_RELATION_V1,BADMINTON_01415,PASS,Objective is supported by explicit canonical badminton relations; the prior exercise-wide transfer level is inherited for this initial objective-specific cutover.
BADMINTON_OBJECTIVE_0225,ex_e3715c0b,ACCELERATION,SUPPORTIVE,INHERITED_FROM_EXPLICIT_BADMINTON_RELATION_V1,BADMINTON_01426,PASS,Objective is supported by explicit canonical badminton relations; the prior exercise-wide transfer level is inherited for this initial objective-specific cutover.
BADMINTON_OBJECTIVE_0226,ex_e3715c0b,DECELERATION,SUPPORTIVE,INHERITED_FROM_EXPLICIT_BADMINTON_RELATION_V1,BADMINTON_01425,PASS,Objective is supported by explicit canonical badminton relations; the prior exercise-wide transfer level is inherited for this initial objective-specific cutover.
BADMINTON_OBJECTIVE_0227,ex_e3715c0b,FOOTWORK,SUPPORTIVE,INHERITED_FROM_EXPLICIT_BADMINTON_RELATION_V1,BADMINTON_01425,PASS,Objective is supported by explicit canonical badminton relations; the prior exercise-wide transfer level is inherited for this initial objective-specific cutover.
BADMINTON_OBJECTIVE_0228,ex_e465d1e9,ACCELERATION,SUPPORTIVE,INHERITED_FROM_EXPLICIT_BADMINTON_RELATION_V1,BADMINTON_01448|BADMINTON_01450,PASS,Objective is supported by explicit canonical badminton relations; the prior exercise-wide transfer level is inherited for this initial objective-specific cutover.
BADMINTON_OBJECTIVE_0229,ex_e465d1e9,DECELERATION,SUPPORTIVE,INHERITED_FROM_EXPLICIT_BADMINTON_RELATION_V1,BADMINTON_01447,PASS,Objective is supported by explicit canonical badminton relations; the prior exercise-wide transfer level is inherited for this initial objective-specific cutover.
BADMINTON_OBJECTIVE_0230,ex_e465d1e9,FOOTWORK,SUPPORTIVE,INHERITED_FROM_EXPLICIT_BADMINTON_RELATION_V1,BADMINTON_01447|BADMINTON_01449,PASS,Objective is supported by explicit canonical badminton relations; the prior exercise-wide transfer level is inherited for this initial objective-specific cutover.
BADMINTON_OBJECTIVE_0231,ex_ee378da7,ACCELERATION,SUPPORTIVE,INHERITED_FROM_EXPLICIT_BADMINTON_RELATION_V1,BADMINTON_01488,PASS,Objective is supported by explicit canonical badminton relations; the prior exercise-wide transfer level is inherited for this initial objective-specific cutover.
BADMINTON_OBJECTIVE_0232,ex_ee378da7,DECELERATION,SUPPORTIVE,INHERITED_FROM_EXPLICIT_BADMINTON_RELATION_V1,BADMINTON_01487,PASS,Objective is supported by explicit canonical badminton relations; the prior exercise-wide transfer level is inherited for this initial objective-specific cutover.
BADMINTON_OBJECTIVE_0233,ex_ee378da7,FOOTWORK,SUPPORTIVE,INHERITED_FROM_EXPLICIT_BADMINTON_RELATION_V1,BADMINTON_01487,PASS,Objective is supported by explicit canonical badminton relations; the prior exercise-wide transfer level is inherited for this initial objective-specific cutover.
BADMINTON_OBJECTIVE_0234,ex_f2a79d37,ACCELERATION,SUPPORTIVE,INHERITED_FROM_EXPLICIT_BADMINTON_RELATION_V1,BADMINTON_01504,PASS,Objective is supported by explicit canonical badminton relations; the prior exercise-wide transfer level is inherited for this initial objective-specific cutover.
BADMINTON_OBJECTIVE_0235,ex_f2a79d37,DECELERATION,SUPPORTIVE,INHERITED_FROM_EXPLICIT_BADMINTON_RELATION_V1,BADMINTON_01503,PASS,Objective is supported by explicit canonical badminton relations; the prior exercise-wide transfer level is inherited for this initial objective-specific cutover.
BADMINTON_OBJECTIVE_0236,ex_f2a79d37,FOOTWORK,SUPPORTIVE,INHERITED_FROM_EXPLICIT_BADMINTON_RELATION_V1,BADMINTON_01503,PASS,Objective is supported by explicit canonical badminton relations; the prior exercise-wide transfer level is inherited for this initial objective-specific cutover.
BADMINTON_OBJECTIVE_0237,ex_f332aeab,ACCELERATION,SUPPORTIVE,INHERITED_FROM_EXPLICIT_BADMINTON_RELATION_V1,BADMINTON_01515,PASS,Objective is supported by explicit canonical badminton relations; the prior exercise-wide transfer level is inherited for this initial objective-specific cutover.
BADMINTON_OBJECTIVE_0238,ex_f6d43398,DECELERATION,SUPPORTIVE,INHERITED_FROM_EXPLICIT_BADMINTON_RELATION_V1,BADMINTON_01534,PASS,Objective is supported by explicit canonical badminton relations; the prior exercise-wide transfer level is inherited for this initial objective-specific cutover.
BADMINTON_OBJECTIVE_0239,ex_f6d43398,FOOTWORK,SUPPORTIVE,INHERITED_FROM_EXPLICIT_BADMINTON_RELATION_V1,BADMINTON_01534,PASS,Objective is supported by explicit canonical badminton relations; the prior exercise-wide transfer level is inherited for this initial objective-specific cutover.
BADMINTON_OBJECTIVE_0240,ex_faae2044,CONDITIONING,GENERAL,INHERITED_FROM_EXPLICIT_BADMINTON_RELATION_V1,BADMINTON_01580|BADMINTON_01582|BADMINTON_01583,PASS,Objective is supported by explicit canonical badminton relations; the prior exercise-wide transfer level is inherited for this initial objective-specific cutover.
BADMINTON_OBJECTIVE_0241,hip_adduction_machine,ACCELERATION,SUPPORTIVE,INHERITED_FROM_EXPLICIT_BADMINTON_RELATION_V1,BADMINTON_01651,PASS,Objective is supported by explicit canonical badminton relations; the prior exercise-wide transfer level is inherited for this initial objective-specific cutover.
BADMINTON_OBJECTIVE_0242,hip_adduction_machine,DECELERATION,SUPPORTIVE,INHERITED_FROM_EXPLICIT_BADMINTON_RELATION_V1,BADMINTON_01650,PASS,Objective is supported by explicit canonical badminton relations; the prior exercise-wide transfer level is inherited for this initial objective-specific cutover.
BADMINTON_OBJECTIVE_0243,hip_adduction_machine,FOOTWORK,SUPPORTIVE,INHERITED_FROM_EXPLICIT_BADMINTON_RELATION_V1,BADMINTON_01650,PASS,Objective is supported by explicit canonical badminton relations; the prior exercise-wide transfer level is inherited for this initial objective-specific cutover.
BADMINTON_OBJECTIVE_0244,kettlebell_farmer_carry,DECELERATION,SUPPORTIVE,INHERITED_FROM_EXPLICIT_BADMINTON_RELATION_V1,BADMINTON_01660,PASS,Objective is supported by explicit canonical badminton relations; the prior exercise-wide transfer level is inherited for this initial objective-specific cutover.
BADMINTON_OBJECTIVE_0245,kettlebell_farmer_carry,FOOTWORK,SUPPORTIVE,INHERITED_FROM_EXPLICIT_BADMINTON_RELATION_V1,BADMINTON_01660,PASS,Objective is supported by explicit canonical badminton relations; the prior exercise-wide transfer level is inherited for this initial objective-specific cutover.
BADMINTON_OBJECTIVE_0246,kettlebell_single_leg_rdl,ACCELERATION,SUPPORTIVE,INHERITED_FROM_EXPLICIT_BADMINTON_RELATION_V1,BADMINTON_01682,PASS,Objective is supported by explicit canonical badminton relations; the prior exercise-wide transfer level is inherited for this initial objective-specific cutover.
BADMINTON_OBJECTIVE_0247,kettlebell_single_leg_rdl,DECELERATION,SUPPORTIVE,INHERITED_FROM_EXPLICIT_BADMINTON_RELATION_V1,BADMINTON_01681,PASS,Objective is supported by explicit canonical badminton relations; the prior exercise-wide transfer level is inherited for this initial objective-specific cutover.
BADMINTON_OBJECTIVE_0248,kettlebell_single_leg_rdl,FOOTWORK,SUPPORTIVE,INHERITED_FROM_EXPLICIT_BADMINTON_RELATION_V1,BADMINTON_01681,PASS,Objective is supported by explicit canonical badminton relations; the prior exercise-wide transfer level is inherited for this initial objective-specific cutover.
BADMINTON_OBJECTIVE_0249,landmine_anti_rotation,ANTI_ROTATION,SUPPORTIVE,INHERITED_FROM_EXPLICIT_BADMINTON_RELATION_V1,BADMINTON_01690|BADMINTON_01691|BADMINTON_01692,PASS,Objective is supported by explicit canonical badminton relations; the prior exercise-wide transfer level is inherited for this initial objective-specific cutover.
BADMINTON_OBJECTIVE_0250,landmine_rotation,ROTATION_GENERATION,SUPPORTIVE,INHERITED_FROM_EXPLICIT_BADMINTON_RELATION_V1,BADMINTON_01697|BADMINTON_01698|BADMINTON_01700,PASS,Objective is supported by explicit canonical badminton relations; the prior exercise-wide transfer level is inherited for this initial objective-specific cutover.
BADMINTON_OBJECTIVE_0251,lateral_bound_continuous,ACCELERATION,SUPPORTIVE,INHERITED_FROM_EXPLICIT_BADMINTON_RELATION_V1,BADMINTON_01705|BADMINTON_01707,PASS,Objective is supported by explicit canonical badminton relations; the prior exercise-wide transfer level is inherited for this initial objective-specific cutover.
BADMINTON_OBJECTIVE_0252,lateral_bound_continuous,DECELERATION,SUPPORTIVE,INHERITED_FROM_EXPLICIT_BADMINTON_RELATION_V1,BADMINTON_01708,PASS,Objective is supported by explicit canonical badminton relations; the prior exercise-wide transfer level is inherited for this initial objective-specific cutover.
BADMINTON_OBJECTIVE_0253,lateral_bound_continuous,FOOTWORK,SUPPORTIVE,INHERITED_FROM_EXPLICIT_BADMINTON_RELATION_V1,BADMINTON_01706,PASS,Objective is supported by explicit canonical badminton relations; the prior exercise-wide transfer level is inherited for this initial objective-specific cutover.
BADMINTON_OBJECTIVE_0254,lateral_bound_continuous,REACTION,SUPPORTIVE,INHERITED_FROM_EXPLICIT_BADMINTON_RELATION_V1,BADMINTON_01713,PASS,Objective is supported by explicit canonical badminton relations; the prior exercise-wide transfer level is inherited for this initial objective-specific cutover.
BADMINTON_OBJECTIVE_0255,med_ball_rotational_scoop_toss,ROTATION_GENERATION,SUPPORTIVE,INHERITED_FROM_EXPLICIT_BADMINTON_RELATION_V1,BADMINTON_01730|BADMINTON_01731|BADMINTON_01734,PASS,Objective is supported by explicit canonical badminton relations; the prior exercise-wide transfer level is inherited for this initial objective-specific cutover.
BADMINTON_OBJECTIVE_0256,med_ball_rotational_slam,ROTATION_GENERATION,SUPPORTIVE,INHERITED_FROM_EXPLICIT_BADMINTON_RELATION_V1,BADMINTON_01738|BADMINTON_01740|BADMINTON_01742,PASS,Objective is supported by explicit canonical badminton relations; the prior exercise-wide transfer level is inherited for this initial objective-specific cutover.
BADMINTON_OBJECTIVE_0257,medicine_ball_rotational_throw,ROTATION_GENERATION,SUPPORTIVE,INHERITED_FROM_EXPLICIT_BADMINTON_RELATION_V1,BADMINTON_01746|BADMINTON_01748|BADMINTON_01750,PASS,Objective is supported by explicit canonical badminton relations; the prior exercise-wide transfer level is inherited for this initial objective-specific cutover.
BADMINTON_OBJECTIVE_0258,medicine_ball_three_step_acceleration_throw,ACCELERATION,SUPPORTIVE,INHERITED_FROM_EXPLICIT_BADMINTON_RELATION_V1,BADMINTON_01756|BADMINTON_01758,PASS,Objective is supported by explicit canonical badminton relations; the prior exercise-wide transfer level is inherited for this initial objective-specific cutover.
BADMINTON_OBJECTIVE_0259,medicine_ball_three_step_acceleration_throw,FOOTWORK,SUPPORTIVE,INHERITED_FROM_EXPLICIT_BADMINTON_RELATION_V1,BADMINTON_01761,PASS,Objective is supported by explicit canonical badminton relations; the prior exercise-wide transfer level is inherited for this initial objective-specific cutover.
BADMINTON_OBJECTIVE_0260,medicine_ball_three_step_acceleration_throw,ROTATION_GENERATION,SUPPORTIVE,INHERITED_FROM_EXPLICIT_BADMINTON_RELATION_V1,BADMINTON_01755|BADMINTON_01757|BADMINTON_01760,PASS,Objective is supported by explicit canonical badminton relations; the prior exercise-wide transfer level is inherited for this initial objective-specific cutover.
BADMINTON_OBJECTIVE_0261,medicine_ball_three_step_deceleration_throw,DECELERATION,SUPPORTIVE,INHERITED_FROM_EXPLICIT_BADMINTON_RELATION_V1,BADMINTON_01768|BADMINTON_01770,PASS,Objective is supported by explicit canonical badminton relations; the prior exercise-wide transfer level is inherited for this initial objective-specific cutover.
BADMINTON_OBJECTIVE_0262,medicine_ball_three_step_deceleration_throw,FOOTWORK,SUPPORTIVE,INHERITED_FROM_EXPLICIT_BADMINTON_RELATION_V1,BADMINTON_01771,PASS,Objective is supported by explicit canonical badminton relations; the prior exercise-wide transfer level is inherited for this initial objective-specific cutover.
BADMINTON_OBJECTIVE_0263,medicine_ball_three_step_deceleration_throw,ROTATION_GENERATION,SUPPORTIVE,INHERITED_FROM_EXPLICIT_BADMINTON_RELATION_V1,BADMINTON_01764|BADMINTON_01766|BADMINTON_01769,PASS,Objective is supported by explicit canonical badminton relations; the prior exercise-wide transfer level is inherited for this initial objective-specific cutover.
BADMINTON_OBJECTIVE_0264,plate_rotational_press_out,ANTI_ROTATION,SUPPORTIVE,INHERITED_FROM_EXPLICIT_BADMINTON_RELATION_V1,BADMINTON_01785|BADMINTON_01786|BADMINTON_01787,PASS,Objective is supported by explicit canonical badminton relations; the prior exercise-wide transfer level is inherited for this initial objective-specific cutover.
BADMINTON_OBJECTIVE_0265,standing_bodyweight_calf_raise,ACCELERATION,SUPPORTIVE,INHERITED_FROM_EXPLICIT_BADMINTON_RELATION_V1,BADMINTON_01806|BADMINTON_01808,PASS,Objective is supported by explicit canonical badminton relations; the prior exercise-wide transfer level is inherited for this initial objective-specific cutover.
BADMINTON_OBJECTIVE_0266,standing_bodyweight_calf_raise,DECELERATION,SUPPORTIVE,INHERITED_FROM_EXPLICIT_BADMINTON_RELATION_V1,BADMINTON_01805,PASS,Objective is supported by explicit canonical badminton relations; the prior exercise-wide transfer level is inherited for this initial objective-specific cutover.
BADMINTON_OBJECTIVE_0267,standing_bodyweight_calf_raise,FOOTWORK,SUPPORTIVE,INHERITED_FROM_EXPLICIT_BADMINTON_RELATION_V1,BADMINTON_01805|BADMINTON_01807,PASS,Objective is supported by explicit canonical badminton relations; the prior exercise-wide transfer level is inherited for this initial objective-specific cutover.
BADMINTON_OBJECTIVE_0268,standing_calf_raise_machine,ACCELERATION,SUPPORTIVE,INHERITED_FROM_EXPLICIT_BADMINTON_RELATION_V1,BADMINTON_01815|BADMINTON_01817,PASS,Objective is supported by explicit canonical badminton relations; the prior exercise-wide transfer level is inherited for this initial objective-specific cutover.
BADMINTON_OBJECTIVE_0269,standing_calf_raise_machine,DECELERATION,SUPPORTIVE,INHERITED_FROM_EXPLICIT_BADMINTON_RELATION_V1,BADMINTON_01814,PASS,Objective is supported by explicit canonical badminton relations; the prior exercise-wide transfer level is inherited for this initial objective-specific cutover.
BADMINTON_OBJECTIVE_0270,standing_calf_raise_machine,FOOTWORK,SUPPORTIVE,INHERITED_FROM_EXPLICIT_BADMINTON_RELATION_V1,BADMINTON_01814|BADMINTON_01816,PASS,Objective is supported by explicit canonical badminton relations; the prior exercise-wide transfer level is inherited for this initial objective-specific cutover.
BADMINTON_OBJECTIVE_0271,standing_dumbbell_calf_raise,ACCELERATION,SUPPORTIVE,INHERITED_FROM_EXPLICIT_BADMINTON_RELATION_V1,BADMINTON_01824|BADMINTON_01826,PASS,Objective is supported by explicit canonical badminton relations; the prior exercise-wide transfer level is inherited for this initial objective-specific cutover.
BADMINTON_OBJECTIVE_0272,standing_dumbbell_calf_raise,DECELERATION,SUPPORTIVE,INHERITED_FROM_EXPLICIT_BADMINTON_RELATION_V1,BADMINTON_01823,PASS,Objective is supported by explicit canonical badminton relations; the prior exercise-wide transfer level is inherited for this initial objective-specific cutover.
BADMINTON_OBJECTIVE_0273,standing_dumbbell_calf_raise,FOOTWORK,SUPPORTIVE,INHERITED_FROM_EXPLICIT_BADMINTON_RELATION_V1,BADMINTON_01823|BADMINTON_01825,PASS,Objective is supported by explicit canonical badminton relations; the prior exercise-wide transfer level is inherited for this initial objective-specific cutover.
BADMINTON_OBJECTIVE_0274,vipr_chop,ROTATION_GENERATION,SUPPORTIVE,INHERITED_FROM_EXPLICIT_BADMINTON_RELATION_V1,BADMINTON_01837|BADMINTON_01838|BADMINTON_01841,PASS,Objective is supported by explicit canonical badminton relations; the prior exercise-wide transfer level is inherited for this initial objective-specific cutover.
BADMINTON_OBJECTIVE_0275,vipr_rotational_lift,ROTATION_GENERATION,SUPPORTIVE,INHERITED_FROM_EXPLICIT_BADMINTON_RELATION_V1,BADMINTON_01844|BADMINTON_01845|BADMINTON_01848,PASS,Objective is supported by explicit canonical badminton relations; the prior exercise-wide transfer level is inherited for this initial objective-specific cutover.
BADMINTON_OBJECTIVE_0276,vipr_rotational_press_out,ROTATION_GENERATION,SUPPORTIVE,INHERITED_FROM_EXPLICIT_BADMINTON_RELATION_V1,BADMINTON_01852|BADMINTON_01854,PASS,Objective is supported by explicit canonical badminton relations; the prior exercise-wide transfer level is inherited for this initial objective-specific cutover.
BADMINTON_OBJECTIVE_0277,vipr_rotational_press_out,ANTI_ROTATION,SUPPORTIVE,INHERITED_FROM_EXPLICIT_BADMINTON_RELATION_V1,BADMINTON_01851|BADMINTON_01853|BADMINTON_01855,PASS,Objective is supported by explicit canonical badminton relations; the prior exercise-wide transfer level is inherited for this initial objective-specific cutover.
BADMINTON_OBJECTIVE_0278,vipr_step_and_rotate,ROTATION_GENERATION,SUPPORTIVE,INHERITED_FROM_EXPLICIT_BADMINTON_RELATION_V1,BADMINTON_01860|BADMINTON_01861|BADMINTON_01863,PASS,Objective is supported by explicit canonical badminton relations; the prior exercise-wide transfer level is inherited for this initial objective-specific cutover.
