stableKey,exerciseName,sourceRowOrder,classOrder,coreClass,directTarget,taxonomyFlag,inventorySnapshotMovementPattern,inventorySnapshotStabilityDemand,sourceEquipment,sourceCommit,classificationReason,evidenceGroup,evidenceApplicability,evidenceUrl,confidence,reviewStatus
band_pallof_press,밴드 팔로프 프레스,2,1,DIRECT,ANTI_ROTATION,,TRUNK_BRACE,HIGH,BAND,532d2343cafd9e54924dc52350c6e108893b4b07,운동 과제 자체가 외부 회전 토크에 저항하는 것,DIRECT_CORE,CLOSE_EXERCISE_CLASS,https://pubmed.ncbi.nlm.nih.gov/24149153/,HIGH,APPROVED_DRAFT
cable_pallof_press,케이블 팔로프 프레스,13,1,DIRECT,ANTI_ROTATION,,TRUNK_BRACE,HIGH,CABLE,532d2343cafd9e54924dc52350c6e108893b4b07,운동 과제 자체가 외부 회전 토크에 저항하는 것,DIRECT_CORE,CLOSE_EXERCISE_CLASS,https://pubmed.ncbi.nlm.nih.gov/24149153/,HIGH,APPROVED_DRAFT
landmine_anti_rotation,랜드마인 안티로테이션,219,1,DIRECT,ANTI_ROTATION,,TRUNK_BRACE,HIGH,LANDMINE,532d2343cafd9e54924dc52350c6e108893b4b07,운동 과제 자체가 외부 회전 토크에 저항하는 것,DIRECT_CORE,CLOSE_EXERCISE_CLASS,https://pubmed.ncbi.nlm.nih.gov/24149153/,HIGH,APPROVED_DRAFT
plate_rotational_press_out,플레이트 로테이셔널 프레스아웃,231,1,DIRECT,ANTI_ROTATION,,TRUNK_BRACE,HIGH,WEIGHT_PLATE,532d2343cafd9e54924dc52350c6e108893b4b07,운동 과제 자체가 외부 회전 토크에 저항하는 것,DIRECT_CORE,CLOSE_EXERCISE_CLASS,https://pubmed.ncbi.nlm.nih.gov/24149153/,HIGH,APPROVED_DRAFT
dumbbell_farmer_carry,덤벨 파머스 캐리,18,1,DIRECT,BRACING,,CARRY|GAIT,HIGH,DUMBBELL,532d2343cafd9e54924dc52350c6e108893b4b07,운동 과제 자체가 몸통 강성/정렬 유지 훈련,CARRY,DIRECT_EXERCISE_STUDY,https://pubmed.ncbi.nlm.nih.gov/38665162/,MEDIUM,REVIEW_RECOMMENDED
ex_28347c1f,버드독,43,1,DIRECT,BRACING,,TRUNK_BRACE,HIGH,,532d2343cafd9e54924dc52350c6e108893b4b07,운동 과제 자체가 몸통 강성/정렬 유지 훈련,DIRECT_CORE,CLOSE_EXERCISE_CLASS,https://pubmed.ncbi.nlm.nih.gov/24149153/,HIGH,APPROVED_DRAFT
ex_2a826c82,할로우 바디 홀드,47,1,DIRECT,BRACING,,TRUNK_BRACE,HIGH,,532d2343cafd9e54924dc52350c6e108893b4b07,운동 과제 자체가 몸통 강성/정렬 유지 훈련,DIRECT_CORE,CLOSE_EXERCISE_CLASS,https://pubmed.ncbi.nlm.nih.gov/24149153/,HIGH,APPROVED_DRAFT
ex_a44ae2ca,플랭크,127,1,DIRECT,BRACING,,TRUNK_BRACE,HIGH,,532d2343cafd9e54924dc52350c6e108893b4b07,운동 과제 자체가 몸통 강성/정렬 유지 훈련,DIRECT_CORE,CLOSE_EXERCISE_CLASS,https://pubmed.ncbi.nlm.nih.gov/24149153/,HIGH,APPROVED_DRAFT
ex_a9b52886,마운틴 클라이머,134,1,DIRECT,BRACING,,TRUNK_BRACE,HIGH,,532d2343cafd9e54924dc52350c6e108893b4b07,운동 과제 자체가 몸통 강성/정렬 유지 훈련,DIRECT_CORE,CLOSE_EXERCISE_CLASS,https://pubmed.ncbi.nlm.nih.gov/24149153/,HIGH,APPROVED_DRAFT
ex_d5bdffe1,데드버그,165,1,DIRECT,BRACING,,TRUNK_BRACE,HIGH,,532d2343cafd9e54924dc52350c6e108893b4b07,운동 과제 자체가 몸통 강성/정렬 유지 훈련,DIRECT_CORE,CLOSE_EXERCISE_CLASS,https://pubmed.ncbi.nlm.nih.gov/24149153/,HIGH,APPROVED_DRAFT
ex_f6d43398,사이드 플랭크,196,1,DIRECT,BRACING,,TRUNK_BRACE,HIGH,,532d2343cafd9e54924dc52350c6e108893b4b07,운동 과제 자체가 몸통 강성/정렬 유지 훈련,DIRECT_CORE,CLOSE_EXERCISE_CLASS,https://pubmed.ncbi.nlm.nih.gov/24149153/,HIGH,APPROVED_DRAFT
kettlebell_farmer_carry,케틀벨 파머스 캐리,215,1,DIRECT,BRACING,,CARRY|GAIT,HIGH,KETTLEBELL,532d2343cafd9e54924dc52350c6e108893b4b07,운동 과제 자체가 몸통 강성/정렬 유지 훈련,CARRY,DIRECT_EXERCISE_STUDY,https://pubmed.ncbi.nlm.nih.gov/38665162/,MEDIUM,REVIEW_RECOMMENDED
band_lift,밴드 리프트,1,1,DIRECT,ROTATION_GENERATION,,TRUNK_ROTATION,HIGH,BAND,532d2343cafd9e54924dc52350c6e108893b4b07,운동 과제 자체가 몸통 회전력 생성/전달을 훈련,ROTATION,CLOSE_EXERCISE_CLASS,https://pubmed.ncbi.nlm.nih.gov/19826303/ | https://pubmed.ncbi.nlm.nih.gov/37721721/,HIGH,APPROVED_DRAFT
band_woodchop,밴드 우드찹,3,1,DIRECT,ROTATION_GENERATION,,TRUNK_ROTATION,HIGH,BAND,532d2343cafd9e54924dc52350c6e108893b4b07,운동 과제 자체가 몸통 회전력 생성/전달을 훈련,ROTATION,CLOSE_EXERCISE_CLASS,https://pubmed.ncbi.nlm.nih.gov/19826303/ | https://pubmed.ncbi.nlm.nih.gov/37721721/,HIGH,APPROVED_DRAFT
cable_lift,케이블 리프트,11,1,DIRECT,ROTATION_GENERATION,,TRUNK_ROTATION,HIGH,CABLE,532d2343cafd9e54924dc52350c6e108893b4b07,운동 과제 자체가 몸통 회전력 생성/전달을 훈련,ROTATION,CLOSE_EXERCISE_CLASS,https://pubmed.ncbi.nlm.nih.gov/19826303/ | https://pubmed.ncbi.nlm.nih.gov/37721721/,HIGH,APPROVED_DRAFT
cable_woodchop,케이블 우드찹,15,1,DIRECT,ROTATION_GENERATION,,TRUNK_ROTATION,HIGH,CABLE,532d2343cafd9e54924dc52350c6e108893b4b07,운동 과제 자체가 몸통 회전력 생성/전달을 훈련,ROTATION,CLOSE_EXERCISE_CLASS,https://pubmed.ncbi.nlm.nih.gov/19826303/ | https://pubmed.ncbi.nlm.nih.gov/37721721/,HIGH,APPROVED_DRAFT
dumbbell_woodchop,덤벨 우드찹,28,1,DIRECT,ROTATION_GENERATION,,TRUNK_ROTATION,HIGH,DUMBBELL,532d2343cafd9e54924dc52350c6e108893b4b07,운동 과제 자체가 몸통 회전력 생성/전달을 훈련,ROTATION,CLOSE_EXERCISE_CLASS,https://pubmed.ncbi.nlm.nih.gov/19826303/ | https://pubmed.ncbi.nlm.nih.gov/37721721/,HIGH,APPROVED_DRAFT
landmine_rotation,랜드마인 좌우 회전,220,1,DIRECT,ROTATION_GENERATION,,TRUNK_ROTATION,MODERATE,LANDMINE,532d2343cafd9e54924dc52350c6e108893b4b07,운동 과제 자체가 몸통 회전력 생성/전달을 훈련,ROTATION,CLOSE_EXERCISE_CLASS,https://pubmed.ncbi.nlm.nih.gov/19826303/ | https://pubmed.ncbi.nlm.nih.gov/37721721/,HIGH,APPROVED_DRAFT
med_ball_rotational_scoop_toss,메디신볼 로테이셔널 스쿱 토스,224,1,DIRECT,ROTATION_GENERATION,,TRUNK_ROTATION|THROW,HIGH,MEDICINE_BALL,532d2343cafd9e54924dc52350c6e108893b4b07,운동 과제 자체가 몸통 회전력 생성/전달을 훈련,ROTATION,CLOSE_EXERCISE_CLASS,https://pubmed.ncbi.nlm.nih.gov/19826303/ | https://pubmed.ncbi.nlm.nih.gov/37721721/,HIGH,APPROVED_DRAFT
med_ball_rotational_slam,메디신볼 회전 아래로 슬램,225,1,DIRECT,ROTATION_GENERATION,,TRUNK_ROTATION|THROW,HIGH,MEDICINE_BALL,532d2343cafd9e54924dc52350c6e108893b4b07,운동 과제 자체가 몸통 회전력 생성/전달을 훈련,ROTATION,CLOSE_EXERCISE_CLASS,https://pubmed.ncbi.nlm.nih.gov/19826303/ | https://pubmed.ncbi.nlm.nih.gov/37721721/,HIGH,APPROVED_DRAFT
medicine_ball_rotational_throw,메디신볼 회전 옆으로 던지기,226,1,DIRECT,ROTATION_GENERATION,,TRUNK_ROTATION|THROW,HIGH,MEDICINE_BALL,532d2343cafd9e54924dc52350c6e108893b4b07,운동 과제 자체가 몸통 회전력 생성/전달을 훈련,ROTATION,CLOSE_EXERCISE_CLASS,https://pubmed.ncbi.nlm.nih.gov/19826303/ | https://pubmed.ncbi.nlm.nih.gov/37721721/,HIGH,APPROVED_DRAFT
medicine_ball_three_step_acceleration_throw,메디신볼 3스텝 가속 던지기,227,1,DIRECT,ROTATION_GENERATION,,TRUNK_ROTATION|STEP|THROW,HIGH,MEDICINE_BALL,532d2343cafd9e54924dc52350c6e108893b4b07,운동 과제 자체가 몸통 회전력 생성/전달을 훈련,ROTATION,CLOSE_EXERCISE_CLASS,https://pubmed.ncbi.nlm.nih.gov/19826303/ | https://pubmed.ncbi.nlm.nih.gov/37721721/,HIGH,APPROVED_DRAFT
medicine_ball_three_step_deceleration_throw,메디신볼 3스텝 감속 던지기,228,1,DIRECT,ROTATION_GENERATION,,TRUNK_ROTATION|STEP|THROW,HIGH,MEDICINE_BALL,532d2343cafd9e54924dc52350c6e108893b4b07,운동 과제 자체가 몸통 회전력 생성/전달을 훈련,ROTATION,CLOSE_EXERCISE_CLASS,https://pubmed.ncbi.nlm.nih.gov/19826303/ | https://pubmed.ncbi.nlm.nih.gov/37721721/,HIGH,APPROVED_DRAFT
vipr_chop,바이퍼 회전 아래로,238,1,DIRECT,ROTATION_GENERATION,,TRUNK_ROTATION,HIGH,VIPR,532d2343cafd9e54924dc52350c6e108893b4b07,운동 과제 자체가 몸통 회전력 생성/전달을 훈련,ROTATION,CLOSE_EXERCISE_CLASS,https://pubmed.ncbi.nlm.nih.gov/19826303/ | https://pubmed.ncbi.nlm.nih.gov/37721721/,HIGH,APPROVED_DRAFT
vipr_rotational_lift,바이퍼 회전 위로,239,1,DIRECT,ROTATION_GENERATION,,TRUNK_ROTATION,HIGH,VIPR,532d2343cafd9e54924dc52350c6e108893b4b07,운동 과제 자체가 몸통 회전력 생성/전달을 훈련,ROTATION,CLOSE_EXERCISE_CLASS,https://pubmed.ncbi.nlm.nih.gov/19826303/ | https://pubmed.ncbi.nlm.nih.gov/37721721/,HIGH,APPROVED_DRAFT
vipr_rotational_press_out,바이퍼 로테이셔널 프레스아웃,240,1,DIRECT,ROTATION_GENERATION,,TRUNK_ROTATION,HIGH,VIPR,532d2343cafd9e54924dc52350c6e108893b4b07,운동 과제 자체가 몸통 회전력 생성/전달을 훈련,ROTATION,CLOSE_EXERCISE_CLASS,https://pubmed.ncbi.nlm.nih.gov/19826303/ | https://pubmed.ncbi.nlm.nih.gov/37721721/,HIGH,APPROVED_DRAFT
vipr_step_and_rotate,바이퍼 스텝 앤 로테이트,241,1,DIRECT,ROTATION_GENERATION,,TRUNK_ROTATION|STEP,HIGH,VIPR,532d2343cafd9e54924dc52350c6e108893b4b07,운동 과제 자체가 몸통 회전력 생성/전달을 훈련,ROTATION,CLOSE_EXERCISE_CLASS,https://pubmed.ncbi.nlm.nih.gov/19826303/ | https://pubmed.ncbi.nlm.nih.gov/37721721/,HIGH,APPROVED_DRAFT
ex_284ecca6,슈퍼맨,44,1,DIRECT,TRUNK_EXTENSION,OUTSIDE_USER_3_PRIMARY_TARGETS,TRUNK_EXTENSION,MODERATE,,532d2343cafd9e54924dc52350c6e108893b4b07,몸통 신전근 기능이 직접 훈련 과제,DIRECT_CORE,CLOSE_EXERCISE_CLASS,https://pubmed.ncbi.nlm.nih.gov/24149153/,MEDIUM,REVIEW_TARGET_TAXONOMY
ex_644e0f9d,V업,79,1,DIRECT,TRUNK_FLEXION,OUTSIDE_USER_3_PRIMARY_TARGETS,TRUNK_FLEXION,MODERATE,,532d2343cafd9e54924dc52350c6e108893b4b07,몸통 굴곡/골반-흉곽 제어가 직접 훈련 과제,DIRECT_CORE,CLOSE_EXERCISE_CLASS,https://pubmed.ncbi.nlm.nih.gov/24149153/,MEDIUM,REVIEW_TARGET_TAXONOMY
ex_a345e30b,캡틴체어 레그 레이즈,122,1,DIRECT,TRUNK_FLEXION,OUTSIDE_USER_3_PRIMARY_TARGETS,TRUNK_FLEXION,MODERATE,CAPTAINS_CHAIR,532d2343cafd9e54924dc52350c6e108893b4b07,몸통 굴곡/골반-흉곽 제어가 직접 훈련 과제,DIRECT_CORE,CLOSE_EXERCISE_CLASS,https://pubmed.ncbi.nlm.nih.gov/24149153/,MEDIUM,REVIEW_TARGET_TAXONOMY
ex_b3f447be,행잉 레그 레이즈,140,1,DIRECT,TRUNK_FLEXION,OUTSIDE_USER_3_PRIMARY_TARGETS,TRUNK_FLEXION,MODERATE,PULL_UP_BAR,532d2343cafd9e54924dc52350c6e108893b4b07,몸통 굴곡/골반-흉곽 제어가 직접 훈련 과제,DIRECT_CORE,CLOSE_EXERCISE_CLASS,https://pubmed.ncbi.nlm.nih.gov/24149153/,MEDIUM,REVIEW_TARGET_TAXONOMY
barbell_back_squat,스쿼트,4,2,HIDDEN_HIGH,,,SQUAT,MODERATE,BARBELL,532d2343cafd9e54924dc52350c6e108893b4b07,코어가 직접 목표는 아니지만 몸통 강성/토크 제어/힘 전달이 수행의 주요 제약,SQUAT_DEADLIFT,CLOSE_EXERCISE_CLASS,https://pubmed.ncbi.nlm.nih.gov/18076231/ | https://pubmed.ncbi.nlm.nih.gov/18296961/ | https://pubmed.ncbi.nlm.nih.gov/19054687/,HIGH,APPROVED_DRAFT
barbell_deadlift,데드리프트,6,2,HIDDEN_HIGH,,,HINGE,MODERATE,BARBELL,532d2343cafd9e54924dc52350c6e108893b4b07,코어가 직접 목표는 아니지만 몸통 강성/토크 제어/힘 전달이 수행의 주요 제약,SQUAT_DEADLIFT,CLOSE_EXERCISE_CLASS,https://pubmed.ncbi.nlm.nih.gov/18076231/ | https://pubmed.ncbi.nlm.nih.gov/18296961/ | https://pubmed.ncbi.nlm.nih.gov/19054687/,HIGH,APPROVED_DRAFT
barbell_romanian_deadlift,루마니안 바벨 데드리프트,9,2,HIDDEN_HIGH,,,HINGE,MODERATE,BARBELL,532d2343cafd9e54924dc52350c6e108893b4b07,코어가 직접 목표는 아니지만 몸통 강성/토크 제어/힘 전달이 수행의 주요 제약,SQUAT_DEADLIFT,CLOSE_EXERCISE_CLASS,https://pubmed.ncbi.nlm.nih.gov/18076231/ | https://pubmed.ncbi.nlm.nih.gov/18296961/ | https://pubmed.ncbi.nlm.nih.gov/19054687/,HIGH,APPROVED_DRAFT
dumbbell_romanian_deadlift,루마니안 덤벨 데드리프트,25,2,HIDDEN_HIGH,,,HINGE,MODERATE,DUMBBELL,532d2343cafd9e54924dc52350c6e108893b4b07,코어가 직접 목표는 아니지만 몸통 강성/토크 제어/힘 전달이 수행의 주요 제약,SQUAT_DEADLIFT,CLOSE_EXERCISE_CLASS,https://pubmed.ncbi.nlm.nih.gov/18076231/ | https://pubmed.ncbi.nlm.nih.gov/18296961/ | https://pubmed.ncbi.nlm.nih.gov/19054687/,HIGH,APPROVED_DRAFT
dumbbell_single_leg_rdl,덤벨 원레그 루마니안 데드리프트,26,2,HIDDEN_HIGH,,,HINGE,HIGH,DUMBBELL,532d2343cafd9e54924dc52350c6e108893b4b07,코어가 직접 목표는 아니지만 몸통 강성/토크 제어/힘 전달이 수행의 주요 제약,SQUAT_DEADLIFT,ANALOGICAL_EXERCISE_CLASS,https://pubmed.ncbi.nlm.nih.gov/18076231/ | https://pubmed.ncbi.nlm.nih.gov/18296961/ | https://pubmed.ncbi.nlm.nih.gov/19054687/,MEDIUM,REVIEW_RECOMMENDED
ex_1a4858d7,농구,32,2,HIDDEN_HIGH,,,,HIGH,BASKETBALL,532d2343cafd9e54924dc52350c6e108893b4b07,코어가 직접 목표는 아니지만 몸통 강성/토크 제어/힘 전달이 수행의 주요 제약,MECHANICS_INFERENCE,MECHANICS_INFERENCE,,MEDIUM,REVIEW_RECOMMENDED
ex_1a4bbdcf,축구,33,2,HIDDEN_HIGH,,,,HIGH,SOCCER_BALL,532d2343cafd9e54924dc52350c6e108893b4b07,코어가 직접 목표는 아니지만 몸통 강성/토크 제어/힘 전달이 수행의 주요 제약,MECHANICS_INFERENCE,MECHANICS_INFERENCE,,MEDIUM,REVIEW_RECOMMENDED
ex_2f3b56d0,테니스,48,2,HIDDEN_HIGH,,,,HIGH,TENNIS_BALL|TENNIS_RACKET,532d2343cafd9e54924dc52350c6e108893b4b07,코어가 직접 목표는 아니지만 몸통 강성/토크 제어/힘 전달이 수행의 주요 제약,MECHANICS_INFERENCE,MECHANICS_INFERENCE,,MEDIUM,REVIEW_RECOMMENDED
ex_30a0e9aa,원암 덤벨 로우,49,2,HIDDEN_HIGH,,,HORIZONTAL_PULL,HIGH,DUMBBELL,532d2343cafd9e54924dc52350c6e108893b4b07,코어가 직접 목표는 아니지만 몸통 강성/토크 제어/힘 전달이 수행의 주요 제약,ROW,CLOSE_EXERCISE_CLASS,https://pubmed.ncbi.nlm.nih.gov/19197209/ | https://pubmed.ncbi.nlm.nih.gov/26134664/,HIGH,APPROVED_DRAFT
ex_32219f7a,오버헤드 프레스,51,2,HIDDEN_HIGH,,,VERTICAL_PUSH,MODERATE,BARBELL,532d2343cafd9e54924dc52350c6e108893b4b07,코어가 직접 목표는 아니지만 몸통 강성/토크 제어/힘 전달이 수행의 주요 제약,OHP,CLOSE_EXERCISE_CLASS,https://pubmed.ncbi.nlm.nih.gov/21877146/,HIGH,APPROVED_DRAFT
ex_389e0556,원암 덤벨 벤치프레스,58,2,HIDDEN_HIGH,,,HORIZONTAL_PUSH,HIGH,BENCH|DUMBBELL,532d2343cafd9e54924dc52350c6e108893b4b07,코어가 직접 목표는 아니지만 몸통 강성/토크 제어/힘 전달이 수행의 주요 제약,BENCH,CLOSE_EXERCISE_CLASS,https://pubmed.ncbi.nlm.nih.gov/25031673/,HIGH,APPROVED_DRAFT
ex_3c3692aa,케이블 원암 로우,60,2,HIDDEN_HIGH,,,HORIZONTAL_PULL,HIGH,CABLE,532d2343cafd9e54924dc52350c6e108893b4b07,코어가 직접 목표는 아니지만 몸통 강성/토크 제어/힘 전달이 수행의 주요 제약,ROW,CLOSE_EXERCISE_CLASS,https://pubmed.ncbi.nlm.nih.gov/19197209/ | https://pubmed.ncbi.nlm.nih.gov/26134664/,HIGH,APPROVED_DRAFT
ex_3f184ef9,버피,63,2,HIDDEN_HIGH,,,HORIZONTAL_PUSH|JUMP|SQUAT,HIGH,,532d2343cafd9e54924dc52350c6e108893b4b07,코어가 직접 목표는 아니지만 몸통 강성/토크 제어/힘 전달이 수행의 주요 제약,MECHANICS_INFERENCE,MECHANICS_INFERENCE,,MEDIUM,REVIEW_RECOMMENDED
ex_40fa57be,원암 케이블 하이 로우,64,2,HIDDEN_HIGH,,,HORIZONTAL_PULL,HIGH,CABLE,532d2343cafd9e54924dc52350c6e108893b4b07,코어가 직접 목표는 아니지만 몸통 강성/토크 제어/힘 전달이 수행의 주요 제약,ROW,CLOSE_EXERCISE_CLASS,https://pubmed.ncbi.nlm.nih.gov/19197209/ | https://pubmed.ncbi.nlm.nih.gov/26134664/,HIGH,APPROVED_DRAFT
ex_73b0b63f,아처 푸시업,94,2,HIDDEN_HIGH,,,HORIZONTAL_PUSH,HIGH,,532d2343cafd9e54924dc52350c6e108893b4b07,코어가 직접 목표는 아니지만 몸통 강성/토크 제어/힘 전달이 수행의 주요 제약,PUSHUP,CLOSE_EXERCISE_CLASS,https://pubmed.ncbi.nlm.nih.gov/18362038/ | https://pubmed.ncbi.nlm.nih.gov/18579905/ | https://pubmed.ncbi.nlm.nih.gov/16540847/,HIGH,APPROVED_DRAFT
ex_7404067c,케틀벨 스윙,95,2,HIDDEN_HIGH,,,HINGE|SWING,MODERATE,KETTLEBELL,532d2343cafd9e54924dc52350c6e108893b4b07,코어가 직접 목표는 아니지만 몸통 강성/토크 제어/힘 전달이 수행의 주요 제약,MECHANICS_INFERENCE,MECHANICS_INFERENCE,,MEDIUM,REVIEW_RECOMMENDED
ex_7814843a,원암 덤벨 숄더프레스,99,2,HIDDEN_HIGH,,,VERTICAL_PUSH,HIGH,DUMBBELL,532d2343cafd9e54924dc52350c6e108893b4b07,코어가 직접 목표는 아니지만 몸통 강성/토크 제어/힘 전달이 수행의 주요 제약,OHP,CLOSE_EXERCISE_CLASS,https://pubmed.ncbi.nlm.nih.gov/21877146/,HIGH,APPROVED_DRAFT
ex_7ce96a7a,프론트풋 엘리베이티드 스플릿 스쿼트,101,2,HIDDEN_HIGH,,,LUNGE,HIGH,BOX_STEP|DUMBBELL,532d2343cafd9e54924dc52350c6e108893b4b07,코어가 직접 목표는 아니지만 몸통 강성/토크 제어/힘 전달이 수행의 주요 제약,MECHANICS_INFERENCE,MECHANICS_INFERENCE,,MEDIUM,REVIEW_RECOMMENDED
ex_85f12271,원레그 박스 스쿼트,104,2,HIDDEN_HIGH,,,SQUAT,HIGH,BENCH|BOX_STEP,532d2343cafd9e54924dc52350c6e108893b4b07,코어가 직접 목표는 아니지만 몸통 강성/토크 제어/힘 전달이 수행의 주요 제약,MECHANICS_INFERENCE,MECHANICS_INFERENCE,,MEDIUM,REVIEW_RECOMMENDED
ex_8e4bf08e,Yates Row,109,2,HIDDEN_HIGH,,,HORIZONTAL_PULL,MODERATE,BARBELL,532d2343cafd9e54924dc52350c6e108893b4b07,코어가 직접 목표는 아니지만 몸통 강성/토크 제어/힘 전달이 수행의 주요 제약,MECHANICS_INFERENCE,MECHANICS_INFERENCE,,MEDIUM,REVIEW_RECOMMENDED
ex_91d8430b,30초 반복 스매시 테스트,112,2,HIDDEN_HIGH,,,TRUNK_ROTATION|STRIKE,MODERATE,BADMINTON_RACKET|SHUTTLECOCKS,532d2343cafd9e54924dc52350c6e108893b4b07,코어가 직접 목표는 아니지만 몸통 강성/토크 제어/힘 전달이 수행의 주요 제약,MECHANICS_INFERENCE,MECHANICS_INFERENCE,,MEDIUM,REVIEW_RECOMMENDED
ex_91f6958d,터키시 겟업,113,2,HIDDEN_HIGH,,,LUNGE,HIGH,KETTLEBELL,532d2343cafd9e54924dc52350c6e108893b4b07,코어가 직접 목표는 아니지만 몸통 강성/토크 제어/힘 전달이 수행의 주요 제약,MECHANICS_INFERENCE,MECHANICS_INFERENCE,,MEDIUM,REVIEW_RECOMMENDED
ex_9f283612,원암 인클라인 덤벨 프레스,118,2,HIDDEN_HIGH,,,HORIZONTAL_PUSH,HIGH,BENCH|DUMBBELL,532d2343cafd9e54924dc52350c6e108893b4b07,코어가 직접 목표는 아니지만 몸통 강성/토크 제어/힘 전달이 수행의 주요 제약,BENCH,CLOSE_EXERCISE_CLASS,https://pubmed.ncbi.nlm.nih.gov/25031673/,HIGH,APPROVED_DRAFT
ex_a611010d,코사크 스쿼트,129,2,HIDDEN_HIGH,,,SQUAT,HIGH,KETTLEBELL,532d2343cafd9e54924dc52350c6e108893b4b07,코어가 직접 목표는 아니지만 몸통 강성/토크 제어/힘 전달이 수행의 주요 제약,MECHANICS_INFERENCE,MECHANICS_INFERENCE,,MEDIUM,REVIEW_RECOMMENDED
ex_a8385c4a,코펜하겐 플랭크,133,2,HIDDEN_HIGH,,,TRUNK_BRACE,HIGH,BENCH,532d2343cafd9e54924dc52350c6e108893b4b07,코어가 직접 목표는 아니지만 몸통 강성/토크 제어/힘 전달이 수행의 주요 제약,MECHANICS_INFERENCE,MECHANICS_INFERENCE,,MEDIUM,REVIEW_RECOMMENDED
ex_aca9d312,러닝 풋살,137,2,HIDDEN_HIGH,,,,HIGH,SOCCER_BALL,532d2343cafd9e54924dc52350c6e108893b4b07,코어가 직접 목표는 아니지만 몸통 강성/토크 제어/힘 전달이 수행의 주요 제약,MECHANICS_INFERENCE,MECHANICS_INFERENCE,,MEDIUM,REVIEW_RECOMMENDED
ex_ae9ecdbc,배드민턴,138,2,HIDDEN_HIGH,,,,HIGH,BADMINTON_RACKET|SHUTTLECOCKS,532d2343cafd9e54924dc52350c6e108893b4b07,코어가 직접 목표는 아니지만 몸통 강성/토크 제어/힘 전달이 수행의 주요 제약,MECHANICS_INFERENCE,MECHANICS_INFERENCE,,MEDIUM,REVIEW_RECOMMENDED
ex_badminton_lesson,배드민턴 레슨,146,2,HIDDEN_HIGH,,,,HIGH,BADMINTON_RACKET|SHUTTLECOCKS,532d2343cafd9e54924dc52350c6e108893b4b07,코어가 직접 목표는 아니지만 몸통 강성/토크 제어/힘 전달이 수행의 주요 제약,MECHANICS_INFERENCE,MECHANICS_INFERENCE,,MEDIUM,REVIEW_RECOMMENDED
ex_c1bf2aa8,안세영 참고 고강도 랠리 풋워크,150,2,HIDDEN_HIGH,,,GAIT|STEP,HIGH,SHUTTLECOCKS,532d2343cafd9e54924dc52350c6e108893b4b07,코어가 직접 목표는 아니지만 몸통 강성/토크 제어/힘 전달이 수행의 주요 제약,MECHANICS_INFERENCE,MECHANICS_INFERENCE,,MEDIUM,REVIEW_RECOMMENDED
ex_c5043892,프론트 스쿼트,154,2,HIDDEN_HIGH,,,SQUAT,MODERATE,BARBELL,532d2343cafd9e54924dc52350c6e108893b4b07,코어가 직접 목표는 아니지만 몸통 강성/토크 제어/힘 전달이 수행의 주요 제약,SQUAT_DEADLIFT,CLOSE_EXERCISE_CLASS,https://pubmed.ncbi.nlm.nih.gov/18076231/ | https://pubmed.ncbi.nlm.nih.gov/18296961/ | https://pubmed.ncbi.nlm.nih.gov/19054687/,HIGH,APPROVED_DRAFT
ex_c536edc2,원암 케이블 숄더프레스,155,2,HIDDEN_HIGH,,,VERTICAL_PUSH,HIGH,CABLE,532d2343cafd9e54924dc52350c6e108893b4b07,코어가 직접 목표는 아니지만 몸통 강성/토크 제어/힘 전달이 수행의 주요 제약,OHP,CLOSE_EXERCISE_CLASS,https://pubmed.ncbi.nlm.nih.gov/21877146/,HIGH,APPROVED_DRAFT
ex_d67e5761,피스톨 스쿼트,168,2,HIDDEN_HIGH,,,SQUAT,HIGH,,532d2343cafd9e54924dc52350c6e108893b4b07,코어가 직접 목표는 아니지만 몸통 강성/토크 제어/힘 전달이 수행의 주요 제약,MECHANICS_INFERENCE,MECHANICS_INFERENCE,,MEDIUM,REVIEW_RECOMMENDED
ex_de46b7f6,바벨 로우,174,2,HIDDEN_HIGH,,,HORIZONTAL_PULL,MODERATE,BARBELL,532d2343cafd9e54924dc52350c6e108893b4b07,코어가 직접 목표는 아니지만 몸통 강성/토크 제어/힘 전달이 수행의 주요 제약,ROW,CLOSE_EXERCISE_CLASS,https://pubmed.ncbi.nlm.nih.gov/19197209/ | https://pubmed.ncbi.nlm.nih.gov/26134664/,HIGH,APPROVED_DRAFT
ex_e0b1e364,원암 덤벨 RDL,178,2,HIDDEN_HIGH,,,HINGE,HIGH,DUMBBELL,532d2343cafd9e54924dc52350c6e108893b4b07,코어가 직접 목표는 아니지만 몸통 강성/토크 제어/힘 전달이 수행의 주요 제약,MECHANICS_INFERENCE,MECHANICS_INFERENCE,,MEDIUM,REVIEW_RECOMMENDED
ex_e2efd0fe,불가리안 스플릿 스쿼트,180,2,HIDDEN_HIGH,,,LUNGE,HIGH,BENCH|DUMBBELL,532d2343cafd9e54924dc52350c6e108893b4b07,코어가 직접 목표는 아니지만 몸통 강성/토크 제어/힘 전달이 수행의 주요 제약,MECHANICS_INFERENCE,MECHANICS_INFERENCE,,MEDIUM,REVIEW_RECOMMENDED
ex_ee378da7,스케이터 스쿼트,190,2,HIDDEN_HIGH,,,SQUAT,HIGH,DUMBBELL,532d2343cafd9e54924dc52350c6e108893b4b07,코어가 직접 목표는 아니지만 몸통 강성/토크 제어/힘 전달이 수행의 주요 제약,MECHANICS_INFERENCE,MECHANICS_INFERENCE,,MEDIUM,REVIEW_RECOMMENDED
ex_f2a79d37,스플릿 스쿼트,192,2,HIDDEN_HIGH,,,LUNGE,HIGH,DUMBBELL,532d2343cafd9e54924dc52350c6e108893b4b07,코어가 직접 목표는 아니지만 몸통 강성/토크 제어/힘 전달이 수행의 주요 제약,MECHANICS_INFERENCE,MECHANICS_INFERENCE,,MEDIUM,REVIEW_RECOMMENDED
ex_f459ad2a,메도우즈 로우,194,2,HIDDEN_HIGH,,,HORIZONTAL_PULL,HIGH,BARBELL|LANDMINE,532d2343cafd9e54924dc52350c6e108893b4b07,코어가 직접 목표는 아니지만 몸통 강성/토크 제어/힘 전달이 수행의 주요 제약,ROW,CLOSE_EXERCISE_CLASS,https://pubmed.ncbi.nlm.nih.gov/19197209/ | https://pubmed.ncbi.nlm.nih.gov/26134664/,HIGH,APPROVED_DRAFT
ex_fa2e73b3,핸드스탠드 푸시업,198,2,HIDDEN_HIGH,,,VERTICAL_PUSH,MODERATE,WALL,532d2343cafd9e54924dc52350c6e108893b4b07,코어가 직접 목표는 아니지만 몸통 강성/토크 제어/힘 전달이 수행의 주요 제약,PUSHUP,CLOSE_EXERCISE_CLASS,https://pubmed.ncbi.nlm.nih.gov/18362038/ | https://pubmed.ncbi.nlm.nih.gov/18579905/ | https://pubmed.ncbi.nlm.nih.gov/16540847/,HIGH,APPROVED_DRAFT
half_kneeling_single_arm_dumbbell_press,하프 닐링 원암 덤벨 프레스,212,2,HIDDEN_HIGH,,,VERTICAL_PUSH,HIGH,DUMBBELL,532d2343cafd9e54924dc52350c6e108893b4b07,코어가 직접 목표는 아니지만 몸통 강성/토크 제어/힘 전달이 수행의 주요 제약,OHP,CLOSE_EXERCISE_CLASS,https://pubmed.ncbi.nlm.nih.gov/21877146/,HIGH,APPROVED_DRAFT
half_kneeling_single_arm_kettlebell_press,하프 닐링 원암 케틀벨 프레스,213,2,HIDDEN_HIGH,,,VERTICAL_PUSH,HIGH,KETTLEBELL,532d2343cafd9e54924dc52350c6e108893b4b07,코어가 직접 목표는 아니지만 몸통 강성/토크 제어/힘 전달이 수행의 주요 제약,OHP,CLOSE_EXERCISE_CLASS,https://pubmed.ncbi.nlm.nih.gov/21877146/,HIGH,APPROVED_DRAFT
kettlebell_single_leg_rdl,케틀벨 원레그 루마니안 데드리프트,218,2,HIDDEN_HIGH,,,HINGE,HIGH,KETTLEBELL,532d2343cafd9e54924dc52350c6e108893b4b07,코어가 직접 목표는 아니지만 몸통 강성/토크 제어/힘 전달이 수행의 주요 제약,SQUAT_DEADLIFT,ANALOGICAL_EXERCISE_CLASS,https://pubmed.ncbi.nlm.nih.gov/18076231/ | https://pubmed.ncbi.nlm.nih.gov/18296961/ | https://pubmed.ncbi.nlm.nih.gov/19054687/,MEDIUM,REVIEW_RECOMMENDED
med_ball_overhead_slam,메디신볼 위에서 아래로 슬램,223,2,HIDDEN_HIGH,,,THROW|TRUNK_FLEXION,MODERATE,MEDICINE_BALL,532d2343cafd9e54924dc52350c6e108893b4b07,코어가 직접 목표는 아니지만 몸통 강성/토크 제어/힘 전달이 수행의 주요 제약,MECHANICS_INFERENCE,MECHANICS_INFERENCE,,MEDIUM,REVIEW_RECOMMENDED
one_arm_gymnastic_ring_row,짐내스틱 링 원암 로우,229,2,HIDDEN_HIGH,,,HORIZONTAL_PULL,HIGH,GYMNASTIC_RINGS,532d2343cafd9e54924dc52350c6e108893b4b07,코어가 직접 목표는 아니지만 몸통 강성/토크 제어/힘 전달이 수행의 주요 제약,ROW,CLOSE_EXERCISE_CLASS,https://pubmed.ncbi.nlm.nih.gov/19197209/ | https://pubmed.ncbi.nlm.nih.gov/26134664/,HIGH,APPROVED_DRAFT
one_arm_suspension_trainer_row,서스펜션 트레이너 원암 로우,230,2,HIDDEN_HIGH,,,HORIZONTAL_PULL,HIGH,SUSPENSION_TRAINER,532d2343cafd9e54924dc52350c6e108893b4b07,코어가 직접 목표는 아니지만 몸통 강성/토크 제어/힘 전달이 수행의 주요 제약,ROW,CLOSE_EXERCISE_CLASS,https://pubmed.ncbi.nlm.nih.gov/19197209/ | https://pubmed.ncbi.nlm.nih.gov/26134664/,HIGH,APPROVED_DRAFT
barbell_bench_press,벤치프레스,5,3,HIDDEN_MODERATE,,,HORIZONTAL_PUSH,MODERATE,BARBELL|BENCH,532d2343cafd9e54924dc52350c6e108893b4b07,지속적인 몸통 안정화가 필요하지만 코어가 주 수행 제한요인은 아님,BENCH,CLOSE_EXERCISE_CLASS,https://pubmed.ncbi.nlm.nih.gov/25031673/,MEDIUM,APPROVED_DRAFT
dumbbell_goblet_squat,덤벨 고블릿 스쿼트,19,3,HIDDEN_MODERATE,,,SQUAT,MODERATE,DUMBBELL,532d2343cafd9e54924dc52350c6e108893b4b07,지속적인 몸통 안정화가 필요하지만 코어가 주 수행 제한요인은 아님,SQUAT_DEADLIFT,ANALOGICAL_EXERCISE_CLASS,https://pubmed.ncbi.nlm.nih.gov/18076231/ | https://pubmed.ncbi.nlm.nih.gov/18296961/ | https://pubmed.ncbi.nlm.nih.gov/19054687/,MEDIUM,REVIEW_RECOMMENDED
ex_1052e9fa,스미스 머신 런지,29,3,HIDDEN_MODERATE,,,LUNGE,MODERATE,SMITH_MACHINE,532d2343cafd9e54924dc52350c6e108893b4b07,지속적인 몸통 안정화가 필요하지만 코어가 주 수행 제한요인은 아님,SQUAT_DEADLIFT,ANALOGICAL_EXERCISE_CLASS,https://pubmed.ncbi.nlm.nih.gov/18076231/ | https://pubmed.ncbi.nlm.nih.gov/18296961/ | https://pubmed.ncbi.nlm.nih.gov/19054687/,MEDIUM,REVIEW_RECOMMENDED
ex_16b298db,미니밴드 사이드워크,31,3,HIDDEN_MODERATE,,,,HIGH,BAND,532d2343cafd9e54924dc52350c6e108893b4b07,지속적인 몸통 안정화가 필요하지만 코어가 주 수행 제한요인은 아님,MECHANICS_INFERENCE,MECHANICS_INFERENCE,,MEDIUM,REVIEW_RECOMMENDED
ex_1c7f2342,랜덤 풋워크,34,3,HIDDEN_MODERATE,,,GAIT|STEP,HIGH,,532d2343cafd9e54924dc52350c6e108893b4b07,지속적인 몸통 안정화가 필요하지만 코어가 주 수행 제한요인은 아님,MECHANICS_INFERENCE,MECHANICS_INFERENCE,,MEDIUM,REVIEW_RECOMMENDED
ex_1cf51b6b,노르딕 햄스트링 컬,35,3,HIDDEN_MODERATE,,,,LOW,HEEL_ANCHOR,532d2343cafd9e54924dc52350c6e108893b4b07,지속적인 몸통 안정화가 필요하지만 코어가 주 수행 제한요인은 아님,MECHANICS_INFERENCE,MECHANICS_INFERENCE,,MEDIUM,REVIEW_RECOMMENDED
ex_2055b629,애질리티 래더,37,3,HIDDEN_MODERATE,,,GAIT|STEP,HIGH,AGILITY_LADDER,532d2343cafd9e54924dc52350c6e108893b4b07,지속적인 몸통 안정화가 필요하지만 코어가 주 수행 제한요인은 아님,MECHANICS_INFERENCE,MECHANICS_INFERENCE,,MEDIUM,REVIEW_RECOMMENDED
ex_216351a1,가벼운 콕줍기,38,3,HIDDEN_MODERATE,,,GAIT|STEP,HIGH,SHUTTLECOCKS,532d2343cafd9e54924dc52350c6e108893b4b07,지속적인 몸통 안정화가 필요하지만 코어가 주 수행 제한요인은 아님,MECHANICS_INFERENCE,MECHANICS_INFERENCE,,MEDIUM,REVIEW_RECOMMENDED
ex_27b3deb5,클로즈그립 벤치프레스,39,3,HIDDEN_MODERATE,,,HORIZONTAL_PUSH,MODERATE,BARBELL|BENCH,532d2343cafd9e54924dc52350c6e108893b4b07,지속적인 몸통 안정화가 필요하지만 코어가 주 수행 제한요인은 아님,BENCH,CLOSE_EXERCISE_CLASS,https://pubmed.ncbi.nlm.nih.gov/25031673/,MEDIUM,APPROVED_DRAFT
ex_282a9d87,링 로우,42,3,HIDDEN_MODERATE,,,HORIZONTAL_PULL,HIGH,GYMNASTIC_RINGS,532d2343cafd9e54924dc52350c6e108893b4b07,지속적인 몸통 안정화가 필요하지만 코어가 주 수행 제한요인은 아님,ROW,CLOSE_EXERCISE_CLASS,https://pubmed.ncbi.nlm.nih.gov/19197209/ | https://pubmed.ncbi.nlm.nih.gov/26134664/,MEDIUM,APPROVED_DRAFT
ex_28902b13,푸시업,45,3,HIDDEN_MODERATE,,,HORIZONTAL_PUSH,MODERATE,,532d2343cafd9e54924dc52350c6e108893b4b07,지속적인 몸통 안정화가 필요하지만 코어가 주 수행 제한요인은 아님,PUSHUP,CLOSE_EXERCISE_CLASS,https://pubmed.ncbi.nlm.nih.gov/18362038/ | https://pubmed.ncbi.nlm.nih.gov/18579905/ | https://pubmed.ncbi.nlm.nih.gov/16540847/,MEDIUM,APPROVED_DRAFT
ex_314df428,원레그 홉 투 스틱,50,3,HIDDEN_MODERATE,,,BOUND|HOP,HIGH,,532d2343cafd9e54924dc52350c6e108893b4b07,지속적인 몸통 안정화가 필요하지만 코어가 주 수행 제한요인은 아님,MECHANICS_INFERENCE,MECHANICS_INFERENCE,,MEDIUM,REVIEW_RECOMMENDED
ex_32eb8457,원암 랫풀다운,52,3,HIDDEN_MODERATE,,,VERTICAL_PULL,HIGH,CABLE,532d2343cafd9e54924dc52350c6e108893b4b07,지속적인 몸통 안정화가 필요하지만 코어가 주 수행 제한요인은 아님,MECHANICS_INFERENCE,MECHANICS_INFERENCE,,MEDIUM,REVIEW_RECOMMENDED
ex_33841b88,6코너 풋워크,53,3,HIDDEN_MODERATE,,,GAIT|STEP,HIGH,,532d2343cafd9e54924dc52350c6e108893b4b07,지속적인 몸통 안정화가 필요하지만 코어가 주 수행 제한요인은 아님,MECHANICS_INFERENCE,MECHANICS_INFERENCE,,MEDIUM,REVIEW_RECOMMENDED
ex_34e7d21,래터럴 바운드 투 스틱,55,3,HIDDEN_MODERATE,,,BOUND,HIGH,,532d2343cafd9e54924dc52350c6e108893b4b07,지속적인 몸통 안정화가 필요하지만 코어가 주 수행 제한요인은 아님,MECHANICS_INFERENCE,MECHANICS_INFERENCE,,MEDIUM,REVIEW_RECOMMENDED
ex_377448a9,스플릿 스텝 후 좌우 런지,56,3,HIDDEN_MODERATE,,,HOP|LUNGE|STEP,HIGH,,532d2343cafd9e54924dc52350c6e108893b4b07,지속적인 몸통 안정화가 필요하지만 코어가 주 수행 제한요인은 아님,SQUAT_DEADLIFT,ANALOGICAL_EXERCISE_CLASS,https://pubmed.ncbi.nlm.nih.gov/18076231/ | https://pubmed.ncbi.nlm.nih.gov/18296961/ | https://pubmed.ncbi.nlm.nih.gov/19054687/,MEDIUM,REVIEW_RECOMMENDED
ex_3a7d3eda,덤벨 벤치프레스,59,3,HIDDEN_MODERATE,,,HORIZONTAL_PUSH,MODERATE,BENCH|DUMBBELL,532d2343cafd9e54924dc52350c6e108893b4b07,지속적인 몸통 안정화가 필요하지만 코어가 주 수행 제한요인은 아님,BENCH,CLOSE_EXERCISE_CLASS,https://pubmed.ncbi.nlm.nih.gov/25031673/,MEDIUM,APPROVED_DRAFT
ex_3caa236b,파이크 푸시업,61,3,HIDDEN_MODERATE,,,VERTICAL_PUSH,MODERATE,,532d2343cafd9e54924dc52350c6e108893b4b07,지속적인 몸통 안정화가 필요하지만 코어가 주 수행 제한요인은 아님,PUSHUP,CLOSE_EXERCISE_CLASS,https://pubmed.ncbi.nlm.nih.gov/18362038/ | https://pubmed.ncbi.nlm.nih.gov/18579905/ | https://pubmed.ncbi.nlm.nih.gov/16540847/,MEDIUM,APPROVED_DRAFT
ex_421ba24b,좌우 랜덤 콕줍기,65,3,HIDDEN_MODERATE,,,GAIT|SHUFFLE_CHASSE|STEP,HIGH,SHUTTLECOCKS,532d2343cafd9e54924dc52350c6e108893b4b07,지속적인 몸통 안정화가 필요하지만 코어가 주 수행 제한요인은 아님,MECHANICS_INFERENCE,MECHANICS_INFERENCE,,MEDIUM,REVIEW_RECOMMENDED
ex_4255e429,앞뒤 랜덤 콕줍기,66,3,HIDDEN_MODERATE,,,GAIT|STEP,HIGH,SHUTTLECOCKS,532d2343cafd9e54924dc52350c6e108893b4b07,지속적인 몸통 안정화가 필요하지만 코어가 주 수행 제한요인은 아님,MECHANICS_INFERENCE,MECHANICS_INFERENCE,,MEDIUM,REVIEW_RECOMMENDED
ex_4773b6ea,린단 참고 트랙 스프린트,69,3,HIDDEN_MODERATE,,,GAIT,MODERATE,,532d2343cafd9e54924dc52350c6e108893b4b07,지속적인 몸통 안정화가 필요하지만 코어가 주 수행 제한요인은 아님,MECHANICS_INFERENCE,MECHANICS_INFERENCE,,MEDIUM,REVIEW_RECOMMENDED
ex_4c76dbb2,케이블 풀스루,71,3,HIDDEN_MODERATE,,,HINGE,MODERATE,CABLE,532d2343cafd9e54924dc52350c6e108893b4b07,지속적인 몸통 안정화가 필요하지만 코어가 주 수행 제한요인은 아님,MECHANICS_INFERENCE,MECHANICS_INFERENCE,,MEDIUM,REVIEW_RECOMMENDED
ex_5004ca76,린단 참고 페이스 체인지 풋워크,73,3,HIDDEN_MODERATE,,,GAIT|STEP,HIGH,,532d2343cafd9e54924dc52350c6e108893b4b07,지속적인 몸통 안정화가 필요하지만 코어가 주 수행 제한요인은 아님,MECHANICS_INFERENCE,MECHANICS_INFERENCE,,MEDIUM,REVIEW_RECOMMENDED
ex_6232f4bc,박스 스텝업,77,3,HIDDEN_MODERATE,,,SQUAT|STEP,MODERATE,BOX_STEP,532d2343cafd9e54924dc52350c6e108893b4b07,지속적인 몸통 안정화가 필요하지만 코어가 주 수행 제한요인은 아님,SQUAT_DEADLIFT,ANALOGICAL_EXERCISE_CLASS,https://pubmed.ncbi.nlm.nih.gov/18076231/ | https://pubmed.ncbi.nlm.nih.gov/18296961/ | https://pubmed.ncbi.nlm.nih.gov/19054687/,MEDIUM,REVIEW_RECOMMENDED
ex_64422511,랜덤 방향전환 드릴,78,3,HIDDEN_MODERATE,,,GAIT|STEP,HIGH,,532d2343cafd9e54924dc52350c6e108893b4b07,지속적인 몸통 안정화가 필요하지만 코어가 주 수행 제한요인은 아님,MECHANICS_INFERENCE,MECHANICS_INFERENCE,,MEDIUM,REVIEW_RECOMMENDED
ex_6463edad,딥스,80,3,HIDDEN_MODERATE,,,VERTICAL_PUSH,MODERATE,PARALLEL_BARS,532d2343cafd9e54924dc52350c6e108893b4b07,지속적인 몸통 안정화가 필요하지만 코어가 주 수행 제한요인은 아님,MECHANICS_INFERENCE,MECHANICS_INFERENCE,,MEDIUM,REVIEW_RECOMMENDED
ex_64644b5e,런지,81,3,HIDDEN_MODERATE,,,LUNGE,MODERATE,DUMBBELL,532d2343cafd9e54924dc52350c6e108893b4b07,지속적인 몸통 안정화가 필요하지만 코어가 주 수행 제한요인은 아님,SQUAT_DEADLIFT,ANALOGICAL_EXERCISE_CLASS,https://pubmed.ncbi.nlm.nih.gov/18076231/ | https://pubmed.ncbi.nlm.nih.gov/18296961/ | https://pubmed.ncbi.nlm.nih.gov/19054687/,MEDIUM,REVIEW_RECOMMENDED
ex_6466fe77,친업,83,3,HIDDEN_MODERATE,,,VERTICAL_PULL,MODERATE,PULL_UP_BAR,532d2343cafd9e54924dc52350c6e108893b4b07,지속적인 몸통 안정화가 필요하지만 코어가 주 수행 제한요인은 아님,MECHANICS_INFERENCE,MECHANICS_INFERENCE,,MEDIUM,REVIEW_RECOMMENDED
ex_681d9ed2,러닝,84,3,HIDDEN_MODERATE,,,GAIT,MODERATE,,532d2343cafd9e54924dc52350c6e108893b4b07,지속적인 몸통 안정화가 필요하지만 코어가 주 수행 제한요인은 아님,MECHANICS_INFERENCE,MECHANICS_INFERENCE,,MEDIUM,REVIEW_RECOMMENDED
ex_681eed4a,수영,85,3,HIDDEN_MODERATE,,,,MODERATE,SWIMMING_POOL,532d2343cafd9e54924dc52350c6e108893b4b07,지속적인 몸통 안정화가 필요하지만 코어가 주 수행 제한요인은 아님,MECHANICS_INFERENCE,MECHANICS_INFERENCE,,MEDIUM,REVIEW_RECOMMENDED
ex_69a56484,래터럴 스텝다운,86,3,HIDDEN_MODERATE,,,SQUAT|SHUFFLE_CHASSE|STEP,MODERATE,BOX_STEP,532d2343cafd9e54924dc52350c6e108893b4b07,지속적인 몸통 안정화가 필요하지만 코어가 주 수행 제한요인은 아님,MECHANICS_INFERENCE,MECHANICS_INFERENCE,,MEDIUM,REVIEW_RECOMMENDED
ex_704cbf1a,덤벨 스텝업,88,3,HIDDEN_MODERATE,,,SQUAT|STEP,MODERATE,BOX_STEP|DUMBBELL,532d2343cafd9e54924dc52350c6e108893b4b07,지속적인 몸통 안정화가 필요하지만 코어가 주 수행 제한요인은 아님,SQUAT_DEADLIFT,ANALOGICAL_EXERCISE_CLASS,https://pubmed.ncbi.nlm.nih.gov/18076231/ | https://pubmed.ncbi.nlm.nih.gov/18296961/ | https://pubmed.ncbi.nlm.nih.gov/19054687/,MEDIUM,REVIEW_RECOMMENDED
ex_74c2d13b,계단 오르기,96,3,HIDDEN_MODERATE,,,GAIT|STEP,MODERATE,STAIRS,532d2343cafd9e54924dc52350c6e108893b4b07,지속적인 몸통 안정화가 필요하지만 코어가 주 수행 제한요인은 아님,MECHANICS_INFERENCE,MECHANICS_INFERENCE,,MEDIUM,REVIEW_RECOMMENDED
ex_752b45ae,멀티셔틀 풋워크,97,3,HIDDEN_MODERATE,,,GAIT|STEP,HIGH,SHUTTLECOCKS,532d2343cafd9e54924dc52350c6e108893b4b07,지속적인 몸통 안정화가 필요하지만 코어가 주 수행 제한요인은 아님,MECHANICS_INFERENCE,MECHANICS_INFERENCE,,MEDIUM,REVIEW_RECOMMENDED
ex_767e188e,아놀드 프레스,98,3,HIDDEN_MODERATE,,,VERTICAL_PUSH,MODERATE,DUMBBELL,532d2343cafd9e54924dc52350c6e108893b4b07,지속적인 몸통 안정화가 필요하지만 코어가 주 수행 제한요인은 아님,OHP,CLOSE_EXERCISE_CLASS,https://pubmed.ncbi.nlm.nih.gov/21877146/,MEDIUM,APPROVED_DRAFT
ex_79f3bdbe,덤벨 숄더프레스,100,3,HIDDEN_MODERATE,,,VERTICAL_PUSH,MODERATE,DUMBBELL,532d2343cafd9e54924dc52350c6e108893b4b07,지속적인 몸통 안정화가 필요하지만 코어가 주 수행 제한요인은 아님,OHP,CLOSE_EXERCISE_CLASS,https://pubmed.ncbi.nlm.nih.gov/21877146/,MEDIUM,APPROVED_DRAFT
ex_8a3800f1,리버스 노르딕 컬,108,3,HIDDEN_MODERATE,,,,LOW,,532d2343cafd9e54924dc52350c6e108893b4b07,지속적인 몸통 안정화가 필요하지만 코어가 주 수행 제한요인은 아님,MECHANICS_INFERENCE,MECHANICS_INFERENCE,,MEDIUM,REVIEW_RECOMMENDED
ex_8e69fc74,스플릿 스텝 리액션,110,3,HIDDEN_MODERATE,,,HOP|STEP,HIGH,,532d2343cafd9e54924dc52350c6e108893b4b07,지속적인 몸통 안정화가 필요하지만 코어가 주 수행 제한요인은 아님,MECHANICS_INFERENCE,MECHANICS_INFERENCE,,MEDIUM,REVIEW_RECOMMENDED
ex_9b132c23,사이드 스텝 후 정지,116,3,HIDDEN_MODERATE,,,GAIT|SHUFFLE_CHASSE|STEP,HIGH,,532d2343cafd9e54924dc52350c6e108893b4b07,지속적인 몸통 안정화가 필요하지만 코어가 주 수행 제한요인은 아님,MECHANICS_INFERENCE,MECHANICS_INFERENCE,,MEDIUM,REVIEW_RECOMMENDED
ex_9bd6dddb,줄넘기,117,3,HIDDEN_MODERATE,,,HOP,HIGH,JUMP_ROPE,532d2343cafd9e54924dc52350c6e108893b4b07,지속적인 몸통 안정화가 필요하지만 코어가 주 수행 제한요인은 아님,MECHANICS_INFERENCE,MECHANICS_INFERENCE,,MEDIUM,REVIEW_RECOMMENDED
ex_a12de111,A스킵,120,3,HIDDEN_MODERATE,,,GAIT,MODERATE,,532d2343cafd9e54924dc52350c6e108893b4b07,지속적인 몸통 안정화가 필요하지만 코어가 주 수행 제한요인은 아님,MECHANICS_INFERENCE,MECHANICS_INFERENCE,,MEDIUM,REVIEW_RECOMMENDED
ex_a12de4d2,B스킵,121,3,HIDDEN_MODERATE,,,GAIT,MODERATE,,532d2343cafd9e54924dc52350c6e108893b4b07,지속적인 몸통 안정화가 필요하지만 코어가 주 수행 제한요인은 아님,MECHANICS_INFERENCE,MECHANICS_INFERENCE,,MEDIUM,REVIEW_RECOMMENDED
ex_a3ddd8ac,라인 홉,123,3,HIDDEN_MODERATE,,,HOP,HIGH,,532d2343cafd9e54924dc52350c6e108893b4b07,지속적인 몸통 안정화가 필요하지만 코어가 주 수행 제한요인은 아님,MECHANICS_INFERENCE,MECHANICS_INFERENCE,,MEDIUM,REVIEW_RECOMMENDED
ex_a4040be3,셔틀런,124,3,HIDDEN_MODERATE,,,GAIT|STEP,HIGH,,532d2343cafd9e54924dc52350c6e108893b4b07,지속적인 몸통 안정화가 필요하지만 코어가 주 수행 제한요인은 아님,MECHANICS_INFERENCE,MECHANICS_INFERENCE,,MEDIUM,REVIEW_RECOMMENDED
ex_a412dd45,앙클링,125,3,HIDDEN_MODERATE,,,HOP|GAIT,HIGH,,532d2343cafd9e54924dc52350c6e108893b4b07,지속적인 몸통 안정화가 필요하지만 코어가 주 수행 제한요인은 아님,MECHANICS_INFERENCE,MECHANICS_INFERENCE,,MEDIUM,REVIEW_RECOMMENDED
ex_a4350c0f,콘 드릴,126,3,HIDDEN_MODERATE,,,GAIT|STEP,HIGH,CONE_MARKER,532d2343cafd9e54924dc52350c6e108893b4b07,지속적인 몸통 안정화가 필요하지만 코어가 주 수행 제한요인은 아님,MECHANICS_INFERENCE,MECHANICS_INFERENCE,,MEDIUM,REVIEW_RECOMMENDED
ex_a61f1e96,인클라인 덤벨 프레스,130,3,HIDDEN_MODERATE,,,HORIZONTAL_PUSH,MODERATE,BENCH|DUMBBELL,532d2343cafd9e54924dc52350c6e108893b4b07,지속적인 몸통 안정화가 필요하지만 코어가 주 수행 제한요인은 아님,BENCH,CLOSE_EXERCISE_CLASS,https://pubmed.ncbi.nlm.nih.gov/25031673/,MEDIUM,APPROVED_DRAFT
ex_a76f20b6,시티드 원암 케이블 로우,132,3,HIDDEN_MODERATE,,,HORIZONTAL_PULL,HIGH,CABLE,532d2343cafd9e54924dc52350c6e108893b4b07,지속적인 몸통 안정화가 필요하지만 코어가 주 수행 제한요인은 아님,ROW,CLOSE_EXERCISE_CLASS,https://pubmed.ncbi.nlm.nih.gov/19197209/ | https://pubmed.ncbi.nlm.nih.gov/26134664/,MEDIUM,APPROVED_DRAFT
ex_b4b198de,래터럴 런지,141,3,HIDDEN_MODERATE,,,LUNGE,MODERATE,DUMBBELL,532d2343cafd9e54924dc52350c6e108893b4b07,지속적인 몸통 안정화가 필요하지만 코어가 주 수행 제한요인은 아님,SQUAT_DEADLIFT,ANALOGICAL_EXERCISE_CLASS,https://pubmed.ncbi.nlm.nih.gov/18076231/ | https://pubmed.ncbi.nlm.nih.gov/18296961/ | https://pubmed.ncbi.nlm.nih.gov/19054687/,MEDIUM,REVIEW_RECOMMENDED
ex_bb4b4276,등받이 없는 덤벨 시티드 숄더프레스,147,3,HIDDEN_MODERATE,,,VERTICAL_PUSH,MODERATE,DUMBBELL,532d2343cafd9e54924dc52350c6e108893b4b07,지속적인 몸통 안정화가 필요하지만 코어가 주 수행 제한요인은 아님,OHP,CLOSE_EXERCISE_CLASS,https://pubmed.ncbi.nlm.nih.gov/21877146/,MEDIUM,APPROVED_DRAFT
ex_bc84eb7f,6방향 랜덤 콕줍기,148,3,HIDDEN_MODERATE,,,GAIT|STEP,HIGH,SHUTTLECOCKS,532d2343cafd9e54924dc52350c6e108893b4b07,지속적인 몸통 안정화가 필요하지만 코어가 주 수행 제한요인은 아님,MECHANICS_INFERENCE,MECHANICS_INFERENCE,,MEDIUM,REVIEW_RECOMMENDED
ex_c4535de3,스캡 푸시업,152,3,HIDDEN_MODERATE,,,HORIZONTAL_PUSH,MODERATE,,532d2343cafd9e54924dc52350c6e108893b4b07,지속적인 몸통 안정화가 필요하지만 코어가 주 수행 제한요인은 아님,PUSHUP,CLOSE_EXERCISE_CLASS,https://pubmed.ncbi.nlm.nih.gov/18362038/ | https://pubmed.ncbi.nlm.nih.gov/18579905/ | https://pubmed.ncbi.nlm.nih.gov/16540847/,MEDIUM,APPROVED_DRAFT
ex_c4ea0a2a,스킵 바운드,153,3,HIDDEN_MODERATE,,,BOUND|GAIT,HIGH,,532d2343cafd9e54924dc52350c6e108893b4b07,지속적인 몸통 안정화가 필요하지만 코어가 주 수행 제한요인은 아님,MECHANICS_INFERENCE,MECHANICS_INFERENCE,,MEDIUM,REVIEW_RECOMMENDED
ex_c5c2fdef,스트라이드,156,3,HIDDEN_MODERATE,,,GAIT,MODERATE,,532d2343cafd9e54924dc52350c6e108893b4b07,지속적인 몸통 안정화가 필요하지만 코어가 주 수행 제한요인은 아님,MECHANICS_INFERENCE,MECHANICS_INFERENCE,,MEDIUM,REVIEW_RECOMMENDED
ex_c5f4c242,랜덤 비프 풋워크,157,3,HIDDEN_MODERATE,,,GAIT|STEP,HIGH,AUDIO_CUE_DEVICE,532d2343cafd9e54924dc52350c6e108893b4b07,지속적인 몸통 안정화가 필요하지만 코어가 주 수행 제한요인은 아님,MECHANICS_INFERENCE,MECHANICS_INFERENCE,,MEDIUM,REVIEW_RECOMMENDED
ex_c6d9efef,스플릿 스텝,159,3,HIDDEN_MODERATE,,,HOP,HIGH,,532d2343cafd9e54924dc52350c6e108893b4b07,지속적인 몸통 안정화가 필요하지만 코어가 주 수행 제한요인은 아님,MECHANICS_INFERENCE,MECHANICS_INFERENCE,,MEDIUM,REVIEW_RECOMMENDED
ex_c7977dfd,6코너 풋워크 최대반복 테스트,160,3,HIDDEN_MODERATE,,,GAIT|STEP,HIGH,,532d2343cafd9e54924dc52350c6e108893b4b07,지속적인 몸통 안정화가 필요하지만 코어가 주 수행 제한요인은 아님,MECHANICS_INFERENCE,MECHANICS_INFERENCE,,MEDIUM,REVIEW_RECOMMENDED
ex_c8bcf3ce,리버스 런지,161,3,HIDDEN_MODERATE,,,LUNGE,MODERATE,DUMBBELL,532d2343cafd9e54924dc52350c6e108893b4b07,지속적인 몸통 안정화가 필요하지만 코어가 주 수행 제한요인은 아님,SQUAT_DEADLIFT,ANALOGICAL_EXERCISE_CLASS,https://pubmed.ncbi.nlm.nih.gov/18076231/ | https://pubmed.ncbi.nlm.nih.gov/18296961/ | https://pubmed.ncbi.nlm.nih.gov/19054687/,MEDIUM,REVIEW_RECOMMENDED
ex_cb3c4dc2,맨몸 스쿼트,163,3,HIDDEN_MODERATE,,,SQUAT,MODERATE,,532d2343cafd9e54924dc52350c6e108893b4b07,지속적인 몸통 안정화가 필요하지만 코어가 주 수행 제한요인은 아님,SQUAT_DEADLIFT,ANALOGICAL_EXERCISE_CLASS,https://pubmed.ncbi.nlm.nih.gov/18076231/ | https://pubmed.ncbi.nlm.nih.gov/18296961/ | https://pubmed.ncbi.nlm.nih.gov/19054687/,MEDIUM,REVIEW_RECOMMENDED
ex_d6726746,드롭 점프,167,3,HIDDEN_MODERATE,,,JUMP,HIGH,BOX_STEP,532d2343cafd9e54924dc52350c6e108893b4b07,지속적인 몸통 안정화가 필요하지만 코어가 주 수행 제한요인은 아님,MECHANICS_INFERENCE,MECHANICS_INFERENCE,,MEDIUM,REVIEW_RECOMMENDED
ex_d7c90536,로잉머신,169,3,HIDDEN_MODERATE,,,HINGE|HORIZONTAL_PULL,LOW,ROWING_MACHINE,532d2343cafd9e54924dc52350c6e108893b4b07,지속적인 몸통 안정화가 필요하지만 코어가 주 수행 제한요인은 아님,MECHANICS_INFERENCE,MECHANICS_INFERENCE,,MEDIUM,REVIEW_RECOMMENDED
ex_d9e141e4,박스 점프,170,3,HIDDEN_MODERATE,,,JUMP,HIGH,BOX_STEP,532d2343cafd9e54924dc52350c6e108893b4b07,지속적인 몸통 안정화가 필요하지만 코어가 주 수행 제한요인은 아님,MECHANICS_INFERENCE,MECHANICS_INFERENCE,,MEDIUM,REVIEW_RECOMMENDED
ex_debf6a8b,다이아몬드 푸시업,175,3,HIDDEN_MODERATE,,,HORIZONTAL_PUSH,MODERATE,,532d2343cafd9e54924dc52350c6e108893b4b07,지속적인 몸통 안정화가 필요하지만 코어가 주 수행 제한요인은 아님,PUSHUP,CLOSE_EXERCISE_CLASS,https://pubmed.ncbi.nlm.nih.gov/18362038/ | https://pubmed.ncbi.nlm.nih.gov/18579905/ | https://pubmed.ncbi.nlm.nih.gov/16540847/,MEDIUM,APPROVED_DRAFT
ex_deca2b61,벤치 딥스,176,3,HIDDEN_MODERATE,,,VERTICAL_PUSH,MODERATE,BENCH,532d2343cafd9e54924dc52350c6e108893b4b07,지속적인 몸통 안정화가 필요하지만 코어가 주 수행 제한요인은 아님,BENCH,CLOSE_EXERCISE_CLASS,https://pubmed.ncbi.nlm.nih.gov/25031673/,MEDIUM,APPROVED_DRAFT
ex_df966b45,점프 런지,177,3,HIDDEN_MODERATE,,,JUMP|LUNGE,HIGH,,532d2343cafd9e54924dc52350c6e108893b4b07,지속적인 몸통 안정화가 필요하지만 코어가 주 수행 제한요인은 아님,SQUAT_DEADLIFT,ANALOGICAL_EXERCISE_CLASS,https://pubmed.ncbi.nlm.nih.gov/18076231/ | https://pubmed.ncbi.nlm.nih.gov/18296961/ | https://pubmed.ncbi.nlm.nih.gov/19054687/,MEDIUM,REVIEW_RECOMMENDED
ex_e1894690,스캡 풀업,179,3,HIDDEN_MODERATE,,,VERTICAL_PULL,MODERATE,PULL_UP_BAR,532d2343cafd9e54924dc52350c6e108893b4b07,지속적인 몸통 안정화가 필요하지만 코어가 주 수행 제한요인은 아님,MECHANICS_INFERENCE,MECHANICS_INFERENCE,,MEDIUM,REVIEW_RECOMMENDED
ex_e3715c0b,워킹 런지,181,3,HIDDEN_MODERATE,,,LUNGE,MODERATE,DUMBBELL,532d2343cafd9e54924dc52350c6e108893b4b07,지속적인 몸통 안정화가 필요하지만 코어가 주 수행 제한요인은 아님,SQUAT_DEADLIFT,ANALOGICAL_EXERCISE_CLASS,https://pubmed.ncbi.nlm.nih.gov/18076231/ | https://pubmed.ncbi.nlm.nih.gov/18296961/ | https://pubmed.ncbi.nlm.nih.gov/19054687/,MEDIUM,REVIEW_RECOMMENDED
ex_e41e8dcf,중량 친업,182,3,HIDDEN_MODERATE,,,VERTICAL_PULL,MODERATE,DUMBBELL|PULL_UP_BAR|WEIGHT_BELT,532d2343cafd9e54924dc52350c6e108893b4b07,지속적인 몸통 안정화가 필요하지만 코어가 주 수행 제한요인은 아님,MECHANICS_INFERENCE,MECHANICS_INFERENCE,,MEDIUM,REVIEW_RECOMMENDED
ex_e41f4c2b,중량 풀업,183,3,HIDDEN_MODERATE,,,VERTICAL_PULL,MODERATE,DUMBBELL|PULL_UP_BAR|WEIGHT_BELT,532d2343cafd9e54924dc52350c6e108893b4b07,지속적인 몸통 안정화가 필요하지만 코어가 주 수행 제한요인은 아님,MECHANICS_INFERENCE,MECHANICS_INFERENCE,,MEDIUM,REVIEW_RECOMMENDED
ex_e465d1e9,포고 점프,184,3,HIDDEN_MODERATE,,,HOP,HIGH,,532d2343cafd9e54924dc52350c6e108893b4b07,지속적인 몸통 안정화가 필요하지만 코어가 주 수행 제한요인은 아님,MECHANICS_INFERENCE,MECHANICS_INFERENCE,,MEDIUM,REVIEW_RECOMMENDED
ex_e4f911bb,네거티브 풀업,185,3,HIDDEN_MODERATE,,,VERTICAL_PULL,MODERATE,PULL_UP_BAR,532d2343cafd9e54924dc52350c6e108893b4b07,지속적인 몸통 안정화가 필요하지만 코어가 주 수행 제한요인은 아님,MECHANICS_INFERENCE,MECHANICS_INFERENCE,,MEDIUM,REVIEW_RECOMMENDED
ex_f332aeab,월 드라이브,193,3,HIDDEN_MODERATE,,,GAIT,MODERATE,WALL,532d2343cafd9e54924dc52350c6e108893b4b07,지속적인 몸통 안정화가 필요하지만 코어가 주 수행 제한요인은 아님,MECHANICS_INFERENCE,MECHANICS_INFERENCE,,MEDIUM,REVIEW_RECOMMENDED
ex_fa31f7a6,케이블 로우,199,3,HIDDEN_MODERATE,,,HORIZONTAL_PULL,MODERATE,CABLE,532d2343cafd9e54924dc52350c6e108893b4b07,지속적인 몸통 안정화가 필요하지만 코어가 주 수행 제한요인은 아님,ROW,CLOSE_EXERCISE_CLASS,https://pubmed.ncbi.nlm.nih.gov/19197209/ | https://pubmed.ncbi.nlm.nih.gov/26134664/,MEDIUM,APPROVED_DRAFT
ex_fa3416f6,스미스 머신 스쿼트,200,3,HIDDEN_MODERATE,,,SQUAT,MODERATE,SMITH_MACHINE,532d2343cafd9e54924dc52350c6e108893b4b07,지속적인 몸통 안정화가 필요하지만 코어가 주 수행 제한요인은 아님,SQUAT_DEADLIFT,ANALOGICAL_EXERCISE_CLASS,https://pubmed.ncbi.nlm.nih.gov/18076231/ | https://pubmed.ncbi.nlm.nih.gov/18296961/ | https://pubmed.ncbi.nlm.nih.gov/19054687/,MEDIUM,REVIEW_RECOMMENDED
ex_faae2044,인터벌 러닝,203,3,HIDDEN_MODERATE,,,GAIT,MODERATE,,532d2343cafd9e54924dc52350c6e108893b4b07,지속적인 몸통 안정화가 필요하지만 코어가 주 수행 제한요인은 아님,MECHANICS_INFERENCE,MECHANICS_INFERENCE,,MEDIUM,REVIEW_RECOMMENDED
ex_fb67af37,디클라인 푸시업,204,3,HIDDEN_MODERATE,,,HORIZONTAL_PUSH,MODERATE,BENCH,532d2343cafd9e54924dc52350c6e108893b4b07,지속적인 몸통 안정화가 필요하지만 코어가 주 수행 제한요인은 아님,PUSHUP,CLOSE_EXERCISE_CLASS,https://pubmed.ncbi.nlm.nih.gov/18362038/ | https://pubmed.ncbi.nlm.nih.gov/18579905/ | https://pubmed.ncbi.nlm.nih.gov/16540847/,MEDIUM,APPROVED_DRAFT
gymnastic_ring_inverted_row,짐내스틱 링 인버티드 로우,211,3,HIDDEN_MODERATE,,,HORIZONTAL_PULL,HIGH,GYMNASTIC_RINGS,532d2343cafd9e54924dc52350c6e108893b4b07,지속적인 몸통 안정화가 필요하지만 코어가 주 수행 제한요인은 아님,ROW,CLOSE_EXERCISE_CLASS,https://pubmed.ncbi.nlm.nih.gov/19197209/ | https://pubmed.ncbi.nlm.nih.gov/26134664/,MEDIUM,APPROVED_DRAFT
kettlebell_goblet_squat,케틀벨 고블릿 스쿼트,216,3,HIDDEN_MODERATE,,,SQUAT,MODERATE,KETTLEBELL,532d2343cafd9e54924dc52350c6e108893b4b07,지속적인 몸통 안정화가 필요하지만 코어가 주 수행 제한요인은 아님,SQUAT_DEADLIFT,ANALOGICAL_EXERCISE_CLASS,https://pubmed.ncbi.nlm.nih.gov/18076231/ | https://pubmed.ncbi.nlm.nih.gov/18296961/ | https://pubmed.ncbi.nlm.nih.gov/19054687/,MEDIUM,REVIEW_RECOMMENDED
lateral_bound_continuous,래터럴 바운드,221,3,HIDDEN_MODERATE,,,BOUND,HIGH,,532d2343cafd9e54924dc52350c6e108893b4b07,지속적인 몸통 안정화가 필요하지만 코어가 주 수행 제한요인은 아님,MECHANICS_INFERENCE,MECHANICS_INFERENCE,,MEDIUM,REVIEW_RECOMMENDED
med_ball_chest_pass,메디신볼 체스트 패스,222,3,HIDDEN_MODERATE,,,HORIZONTAL_PUSH|THROW,MODERATE,MEDICINE_BALL,532d2343cafd9e54924dc52350c6e108893b4b07,지속적인 몸통 안정화가 필요하지만 코어가 주 수행 제한요인은 아님,MECHANICS_INFERENCE,MECHANICS_INFERENCE,,MEDIUM,REVIEW_RECOMMENDED
pull_up,풀업,232,3,HIDDEN_MODERATE,,,VERTICAL_PULL,MODERATE,PULL_UP_BAR,532d2343cafd9e54924dc52350c6e108893b4b07,지속적인 몸통 안정화가 필요하지만 코어가 주 수행 제한요인은 아님,MECHANICS_INFERENCE,MECHANICS_INFERENCE,,MEDIUM,REVIEW_RECOMMENDED
suspension_trainer_inverted_row,서스펜션 트레이너 인버티드 로우,237,3,HIDDEN_MODERATE,,,HORIZONTAL_PULL,HIGH,SUSPENSION_TRAINER,532d2343cafd9e54924dc52350c6e108893b4b07,지속적인 몸통 안정화가 필요하지만 코어가 주 수행 제한요인은 아님,ROW,CLOSE_EXERCISE_CLASS,https://pubmed.ncbi.nlm.nih.gov/19197209/ | https://pubmed.ncbi.nlm.nih.gov/26134664/,MEDIUM,APPROVED_DRAFT
barbell_reverse_curl,바벨 리버스 컬,7,4,HIDDEN_LOW,,,,LOW,BARBELL,532d2343cafd9e54924dc52350c6e108893b4b07,자세 유지 수준의 몸통 동원은 있으나 지지/기구/낮은 토크로 요구가 작음,MECHANICS_INFERENCE,MECHANICS_INFERENCE,,MEDIUM,APPROVED_DRAFT
cable_hip_adduction,케이블 힙 어덕션,10,4,HIDDEN_LOW,,,,LOW,CABLE,532d2343cafd9e54924dc52350c6e108893b4b07,자세 유지 수준의 몸통 동원은 있으나 지지/기구/낮은 토크로 요구가 작음,MECHANICS_INFERENCE,MECHANICS_INFERENCE,,MEDIUM,APPROVED_DRAFT
cable_overhead_triceps_extension,케이블 오버헤드 트라이셉스 익스텐션,12,4,HIDDEN_LOW,,,,LOW,CABLE,532d2343cafd9e54924dc52350c6e108893b4b07,자세 유지 수준의 몸통 동원은 있으나 지지/기구/낮은 토크로 요구가 작음,MECHANICS_INFERENCE,MECHANICS_INFERENCE,,MEDIUM,APPROVED_DRAFT
cable_rear_delt_fly,케이블 리어델트 플라이,14,4,HIDDEN_LOW,,,,LOW,CABLE,532d2343cafd9e54924dc52350c6e108893b4b07,자세 유지 수준의 몸통 동원은 있으나 지지/기구/낮은 토크로 요구가 작음,MECHANICS_INFERENCE,MECHANICS_INFERENCE,,MEDIUM,APPROVED_DRAFT
chest_supported_row_machine,체스트 서포티드 로우 머신,16,4,HIDDEN_LOW,,,HORIZONTAL_PULL,LOW,ROW_MACHINE,532d2343cafd9e54924dc52350c6e108893b4b07,자세 유지 수준의 몸통 동원은 있으나 지지/기구/낮은 토크로 요구가 작음,MECHANICS_INFERENCE,MECHANICS_INFERENCE,,MEDIUM,APPROVED_DRAFT
dumbbell_chest_supported_row,덤벨 체스트 서포티드 로우,17,4,HIDDEN_LOW,,,HORIZONTAL_PULL,LOW,DUMBBELL|BENCH,532d2343cafd9e54924dc52350c6e108893b4b07,자세 유지 수준의 몸통 동원은 있으나 지지/기구/낮은 토크로 요구가 작음,MECHANICS_INFERENCE,MECHANICS_INFERENCE,,MEDIUM,APPROVED_DRAFT
dumbbell_overhead_triceps_extension,덤벨 오버헤드 트라이셉스 익스텐션,21,4,HIDDEN_LOW,,,,LOW,DUMBBELL,532d2343cafd9e54924dc52350c6e108893b4b07,자세 유지 수준의 몸통 동원은 있으나 지지/기구/낮은 토크로 요구가 작음,MECHANICS_INFERENCE,MECHANICS_INFERENCE,,MEDIUM,APPROVED_DRAFT
dumbbell_rear_delt_fly,덤벨 리어델트 플라이,23,4,HIDDEN_LOW,,,,LOW,DUMBBELL,532d2343cafd9e54924dc52350c6e108893b4b07,자세 유지 수준의 몸통 동원은 있으나 지지/기구/낮은 토크로 요구가 작음,MECHANICS_INFERENCE,MECHANICS_INFERENCE,,MEDIUM,APPROVED_DRAFT
ex_1dbee10e,머신 체스트프레스,36,4,HIDDEN_LOW,,,HORIZONTAL_PUSH,LOW,CHEST_PRESS_MACHINE,532d2343cafd9e54924dc52350c6e108893b4b07,자세 유지 수준의 몸통 동원은 있으나 지지/기구/낮은 토크로 요구가 작음,MECHANICS_INFERENCE,MECHANICS_INFERENCE,,MEDIUM,APPROVED_DRAFT
ex_281347da,덤벨 컬,40,4,HIDDEN_LOW,,,,LOW,DUMBBELL,532d2343cafd9e54924dc52350c6e108893b4b07,자세 유지 수준의 몸통 동원은 있으나 지지/기구/낮은 토크로 요구가 작음,MECHANICS_INFERENCE,MECHANICS_INFERENCE,,MEDIUM,APPROVED_DRAFT
ex_2892da5a,해머 컬,46,4,HIDDEN_LOW,,,,LOW,DUMBBELL,532d2343cafd9e54924dc52350c6e108893b4b07,자세 유지 수준의 몸통 동원은 있으나 지지/기구/낮은 토크로 요구가 작음,MECHANICS_INFERENCE,MECHANICS_INFERENCE,,MEDIUM,APPROVED_DRAFT
ex_33d2da8e,원암 머신 로우,54,4,HIDDEN_LOW,,,HORIZONTAL_PULL,LOW,ROW_MACHINE,532d2343cafd9e54924dc52350c6e108893b4b07,자세 유지 수준의 몸통 동원은 있으나 지지/기구/낮은 토크로 요구가 작음,MECHANICS_INFERENCE,MECHANICS_INFERENCE,,MEDIUM,APPROVED_DRAFT
ex_389920ab,글루트 브릿지,57,4,HIDDEN_LOW,,,,LOW,BARBELL,532d2343cafd9e54924dc52350c6e108893b4b07,자세 유지 수준의 몸통 동원은 있으나 지지/기구/낮은 토크로 요구가 작음,MECHANICS_INFERENCE,MECHANICS_INFERENCE,,MEDIUM,APPROVED_DRAFT
ex_3d5719de,원암 케이블 컬,62,4,HIDDEN_LOW,,,,LOW,CABLE,532d2343cafd9e54924dc52350c6e108893b4b07,자세 유지 수준의 몸통 동원은 있으나 지지/기구/낮은 토크로 요구가 작음,MECHANICS_INFERENCE,MECHANICS_INFERENCE,,MEDIUM,APPROVED_DRAFT
ex_442617f6,원암 케이블 플라이,67,4,HIDDEN_LOW,,,,LOW,CABLE,532d2343cafd9e54924dc52350c6e108893b4b07,자세 유지 수준의 몸통 동원은 있으나 지지/기구/낮은 토크로 요구가 작음,MECHANICS_INFERENCE,MECHANICS_INFERENCE,,MEDIUM,APPROVED_DRAFT
ex_462c760e,체스트 서포티드 원암 머신 로우,68,4,HIDDEN_LOW,,,HORIZONTAL_PULL,LOW,ROW_MACHINE,532d2343cafd9e54924dc52350c6e108893b4b07,자세 유지 수준의 몸통 동원은 있으나 지지/기구/낮은 토크로 요구가 작음,MECHANICS_INFERENCE,MECHANICS_INFERENCE,,MEDIUM,APPROVED_DRAFT
ex_4aa3725a,머신 숄더프레스,70,4,HIDDEN_LOW,,,VERTICAL_PUSH,LOW,SHOULDER_PRESS_MACHINE,532d2343cafd9e54924dc52350c6e108893b4b07,자세 유지 수준의 몸통 동원은 있으나 지지/기구/낮은 토크로 요구가 작음,MECHANICS_INFERENCE,MECHANICS_INFERENCE,,MEDIUM,APPROVED_DRAFT
ex_4c779df2,케이블 플라이,72,4,HIDDEN_LOW,,,,LOW,CABLE,532d2343cafd9e54924dc52350c6e108893b4b07,자세 유지 수준의 몸통 동원은 있으나 지지/기구/낮은 토크로 요구가 작음,MECHANICS_INFERENCE,MECHANICS_INFERENCE,,MEDIUM,APPROVED_DRAFT
ex_5322f2d1,원암 케이블 트라이셉스 푸시다운,74,4,HIDDEN_LOW,,,,LOW,CABLE,532d2343cafd9e54924dc52350c6e108893b4b07,자세 유지 수준의 몸통 동원은 있으나 지지/기구/낮은 토크로 요구가 작음,MECHANICS_INFERENCE,MECHANICS_INFERENCE,,MEDIUM,APPROVED_DRAFT
ex_5ca7133f,원레그 카프 레이즈,76,4,HIDDEN_LOW,,,,LOW,DUMBBELL,532d2343cafd9e54924dc52350c6e108893b4b07,자세 유지 수준의 몸통 동원은 있으나 지지/기구/낮은 토크로 요구가 작음,MECHANICS_INFERENCE,MECHANICS_INFERENCE,,MEDIUM,APPROVED_DRAFT
ex_64661229,월싯,82,4,HIDDEN_LOW,,,,LOW,WALL,532d2343cafd9e54924dc52350c6e108893b4b07,자세 유지 수준의 몸통 동원은 있으나 지지/기구/낮은 토크로 요구가 작음,MECHANICS_INFERENCE,MECHANICS_INFERENCE,,MEDIUM,APPROVED_DRAFT
ex_6a966452,체스트 서포티드 원암 덤벨 로우,87,4,HIDDEN_LOW,,,HORIZONTAL_PULL,HIGH,BENCH|DUMBBELL,532d2343cafd9e54924dc52350c6e108893b4b07,자세 유지 수준의 몸통 동원은 있으나 지지/기구/낮은 토크로 요구가 작음,MECHANICS_INFERENCE,MECHANICS_INFERENCE,,MEDIUM,APPROVED_DRAFT
ex_70f19bf,리닝 래터럴 레이즈,90,4,HIDDEN_LOW,,,,LOW,DUMBBELL,532d2343cafd9e54924dc52350c6e108893b4b07,자세 유지 수준의 몸통 동원은 있으나 지지/기구/낮은 토크로 요구가 작음,MECHANICS_INFERENCE,MECHANICS_INFERENCE,,MEDIUM,APPROVED_DRAFT
ex_721f7b5b,힙 쓰러스트,91,4,HIDDEN_LOW,,,,LOW,BARBELL,532d2343cafd9e54924dc52350c6e108893b4b07,자세 유지 수준의 몸통 동원은 있으나 지지/기구/낮은 토크로 요구가 작음,MECHANICS_INFERENCE,MECHANICS_INFERENCE,,MEDIUM,APPROVED_DRAFT
ex_7deabeba,리어델트 케이블 플라이,102,4,HIDDEN_LOW,,,,LOW,CABLE,532d2343cafd9e54924dc52350c6e108893b4b07,자세 유지 수준의 몸통 동원은 있으나 지지/기구/낮은 토크로 요구가 작음,MECHANICS_INFERENCE,MECHANICS_INFERENCE,,MEDIUM,APPROVED_DRAFT
ex_85b2ac56,원암 덤벨 컬,103,4,HIDDEN_LOW,,,,LOW,DUMBBELL,532d2343cafd9e54924dc52350c6e108893b4b07,자세 유지 수준의 몸통 동원은 있으나 지지/기구/낮은 토크로 요구가 작음,MECHANICS_INFERENCE,MECHANICS_INFERENCE,,MEDIUM,APPROVED_DRAFT
ex_86323ed6,원암 해머 컬,105,4,HIDDEN_LOW,,,,LOW,DUMBBELL,532d2343cafd9e54924dc52350c6e108893b4b07,자세 유지 수준의 몸통 동원은 있으나 지지/기구/낮은 토크로 요구가 작음,MECHANICS_INFERENCE,MECHANICS_INFERENCE,,MEDIUM,APPROVED_DRAFT
ex_8633d8db,EZ바 컬,106,4,HIDDEN_LOW,,,,LOW,EZ_BAR,532d2343cafd9e54924dc52350c6e108893b4b07,자세 유지 수준의 몸통 동원은 있으나 지지/기구/낮은 토크로 요구가 작음,MECHANICS_INFERENCE,MECHANICS_INFERENCE,,MEDIUM,APPROVED_DRAFT
ex_93538692,덤벨 래터럴 레이즈,114,4,HIDDEN_LOW,,,,LOW,DUMBBELL,532d2343cafd9e54924dc52350c6e108893b4b07,자세 유지 수준의 몸통 동원은 있으나 지지/기구/낮은 토크로 요구가 작음,MECHANICS_INFERENCE,MECHANICS_INFERENCE,,MEDIUM,APPROVED_DRAFT
ex_a091b9fe,원레그 레그 프레스,119,4,HIDDEN_LOW,,,SQUAT,MODERATE,LEG_PRESS_MACHINE,532d2343cafd9e54924dc52350c6e108893b4b07,자세 유지 수준의 몸통 동원은 있으나 지지/기구/낮은 토크로 요구가 작음,MECHANICS_INFERENCE,MECHANICS_INFERENCE,,MEDIUM,APPROVED_DRAFT
ex_a60496be,원암 리어델트 케이블 플라이,128,4,HIDDEN_LOW,,,,LOW,CABLE,532d2343cafd9e54924dc52350c6e108893b4b07,자세 유지 수준의 몸통 동원은 있으나 지지/기구/낮은 토크로 요구가 작음,MECHANICS_INFERENCE,MECHANICS_INFERENCE,,MEDIUM,APPROVED_DRAFT
ex_ab468462,레그 프레스,135,4,HIDDEN_LOW,,,SQUAT,MODERATE,LEG_PRESS_MACHINE,532d2343cafd9e54924dc52350c6e108893b4b07,자세 유지 수준의 몸통 동원은 있으나 지지/기구/낮은 토크로 요구가 작음,MECHANICS_INFERENCE,MECHANICS_INFERENCE,,MEDIUM,APPROVED_DRAFT
ex_ab918e2b,실내 자전거,136,4,HIDDEN_LOW,,,,LOW,STATIONARY_BIKE,532d2343cafd9e54924dc52350c6e108893b4b07,자세 유지 수준의 몸통 동원은 있으나 지지/기구/낮은 토크로 요구가 작음,MECHANICS_INFERENCE,MECHANICS_INFERENCE,,MEDIUM,APPROVED_DRAFT
ex_b076570e,원암 케이블 래터럴 레이즈,139,4,HIDDEN_LOW,,,,LOW,CABLE,532d2343cafd9e54924dc52350c6e108893b4b07,자세 유지 수준의 몸통 동원은 있으나 지지/기구/낮은 토크로 요구가 작음,MECHANICS_INFERENCE,MECHANICS_INFERENCE,,MEDIUM,APPROVED_DRAFT
ex_b69ab702,크로스바디 해머 컬,143,4,HIDDEN_LOW,,,,LOW,DUMBBELL,532d2343cafd9e54924dc52350c6e108893b4b07,자세 유지 수준의 몸통 동원은 있으나 지지/기구/낮은 토크로 요구가 작음,MECHANICS_INFERENCE,MECHANICS_INFERENCE,,MEDIUM,APPROVED_DRAFT
ex_b76d3f92,케이블 래터럴 레이즈,144,4,HIDDEN_LOW,,,,LOW,CABLE,532d2343cafd9e54924dc52350c6e108893b4b07,자세 유지 수준의 몸통 동원은 있으나 지지/기구/낮은 토크로 요구가 작음,MECHANICS_INFERENCE,MECHANICS_INFERENCE,,MEDIUM,APPROVED_DRAFT
ex_c1a81cb2,로프 해머 컬,149,4,HIDDEN_LOW,,,,LOW,CABLE,532d2343cafd9e54924dc52350c6e108893b4b07,자세 유지 수준의 몸통 동원은 있으나 지지/기구/낮은 토크로 요구가 작음,MECHANICS_INFERENCE,MECHANICS_INFERENCE,,MEDIUM,APPROVED_DRAFT
ex_c365e5e2,원암 스트레이트암 풀다운,151,4,HIDDEN_LOW,,,,LOW,CABLE,532d2343cafd9e54924dc52350c6e108893b4b07,자세 유지 수준의 몸통 동원은 있으나 지지/기구/낮은 토크로 요구가 작음,MECHANICS_INFERENCE,MECHANICS_INFERENCE,,MEDIUM,APPROVED_DRAFT
ex_ca5cce66,스트레이트암 풀다운,162,4,HIDDEN_LOW,,,,LOW,CABLE,532d2343cafd9e54924dc52350c6e108893b4b07,자세 유지 수준의 몸통 동원은 있으나 지지/기구/낮은 토크로 요구가 작음,MECHANICS_INFERENCE,MECHANICS_INFERENCE,,MEDIUM,APPROVED_DRAFT
ex_da56a4fe,덤벨 킥백,171,4,HIDDEN_LOW,,,,LOW,DUMBBELL,532d2343cafd9e54924dc52350c6e108893b4b07,자세 유지 수준의 몸통 동원은 있으나 지지/기구/낮은 토크로 요구가 작음,MECHANICS_INFERENCE,MECHANICS_INFERENCE,,MEDIUM,APPROVED_DRAFT
ex_dc9e5953,랫풀다운,172,4,HIDDEN_LOW,,,VERTICAL_PULL,LOW,LAT_PULLDOWN_MACHINE,532d2343cafd9e54924dc52350c6e108893b4b07,자세 유지 수준의 몸통 동원은 있으나 지지/기구/낮은 토크로 요구가 작음,MECHANICS_INFERENCE,MECHANICS_INFERENCE,,MEDIUM,APPROVED_DRAFT
ex_e709eeda,케이블 컬,186,4,HIDDEN_LOW,,,,LOW,CABLE,532d2343cafd9e54924dc52350c6e108893b4b07,자세 유지 수준의 몸통 동원은 있으나 지지/기구/낮은 토크로 요구가 작음,MECHANICS_INFERENCE,MECHANICS_INFERENCE,,MEDIUM,APPROVED_DRAFT
ex_e9e97659,핵 스쿼트,188,4,HIDDEN_LOW,,,SQUAT,MODERATE,HACK_SQUAT_MACHINE,532d2343cafd9e54924dc52350c6e108893b4b07,자세 유지 수준의 몸통 동원은 있으나 지지/기구/낮은 토크로 요구가 작음,MECHANICS_INFERENCE,MECHANICS_INFERENCE,,MEDIUM,APPROVED_DRAFT
ex_eb636bac,원암 케이블 오버헤드 트라이셉스 익스텐션,189,4,HIDDEN_LOW,,,,LOW,CABLE,532d2343cafd9e54924dc52350c6e108893b4b07,자세 유지 수준의 몸통 동원은 있으나 지지/기구/낮은 토크로 요구가 작음,MECHANICS_INFERENCE,MECHANICS_INFERENCE,,MEDIUM,APPROVED_DRAFT
ex_f1d31d3d,원레그 핵 스쿼트,191,4,HIDDEN_LOW,,,SQUAT,MODERATE,HACK_SQUAT_MACHINE,532d2343cafd9e54924dc52350c6e108893b4b07,자세 유지 수준의 몸통 동원은 있으나 지지/기구/낮은 토크로 요구가 작음,MECHANICS_INFERENCE,MECHANICS_INFERENCE,,MEDIUM,APPROVED_DRAFT
ex_fa34ddfe,케이블 킥백,201,4,HIDDEN_LOW,,,,LOW,CABLE,532d2343cafd9e54924dc52350c6e108893b4b07,자세 유지 수준의 몸통 동원은 있으나 지지/기구/낮은 토크로 요구가 작음,MECHANICS_INFERENCE,MECHANICS_INFERENCE,,MEDIUM,APPROVED_DRAFT
ex_fa570291,트라이셉스 푸시다운,202,4,HIDDEN_LOW,,,,LOW,CABLE,532d2343cafd9e54924dc52350c6e108893b4b07,자세 유지 수준의 몸통 동원은 있으나 지지/기구/낮은 토크로 요구가 작음,MECHANICS_INFERENCE,MECHANICS_INFERENCE,,MEDIUM,APPROVED_DRAFT
ex_fdbdf454,원암 덤벨 오버헤드 트라이셉스 익스텐션,205,4,HIDDEN_LOW,,,,LOW,DUMBBELL,532d2343cafd9e54924dc52350c6e108893b4b07,자세 유지 수준의 몸통 동원은 있으나 지지/기구/낮은 토크로 요구가 작음,MECHANICS_INFERENCE,MECHANICS_INFERENCE,,MEDIUM,APPROVED_DRAFT
ez_bar_reverse_curl,EZ바 리버스 컬,208,4,HIDDEN_LOW,,,,LOW,EZ_BAR,532d2343cafd9e54924dc52350c6e108893b4b07,자세 유지 수준의 몸통 동원은 있으나 지지/기구/낮은 토크로 요구가 작음,MECHANICS_INFERENCE,MECHANICS_INFERENCE,,MEDIUM,APPROVED_DRAFT
face_pull,페이스풀,210,4,HIDDEN_LOW,,,,MODERATE,CABLE,532d2343cafd9e54924dc52350c6e108893b4b07,자세 유지 수준의 몸통 동원은 있으나 지지/기구/낮은 토크로 요구가 작음,MECHANICS_INFERENCE,MECHANICS_INFERENCE,,MEDIUM,APPROVED_DRAFT
kettlebell_halo,케틀벨 헤일로,217,4,HIDDEN_LOW,,,,LOW,KETTLEBELL,532d2343cafd9e54924dc52350c6e108893b4b07,자세 유지 수준의 몸통 동원은 있으나 지지/기구/낮은 토크로 요구가 작음,MECHANICS_INFERENCE,MECHANICS_INFERENCE,,MEDIUM,APPROVED_DRAFT
single_leg_hip_bridge,원레그 힙 브릿지,233,4,HIDDEN_LOW,,,,LOW,,532d2343cafd9e54924dc52350c6e108893b4b07,자세 유지 수준의 몸통 동원은 있으나 지지/기구/낮은 토크로 요구가 작음,MECHANICS_INFERENCE,MECHANICS_INFERENCE,,MEDIUM,APPROVED_DRAFT
standing_bodyweight_calf_raise,맨몸 스탠딩 카프 레이즈,234,4,HIDDEN_LOW,,,,LOW,,532d2343cafd9e54924dc52350c6e108893b4b07,자세 유지 수준의 몸통 동원은 있으나 지지/기구/낮은 토크로 요구가 작음,MECHANICS_INFERENCE,MECHANICS_INFERENCE,,MEDIUM,APPROVED_DRAFT
standing_calf_raise_machine,스탠딩 카프 레이즈 머신,235,4,HIDDEN_LOW,,,,LOW,STANDING_CALF_RAISE_MACHINE,532d2343cafd9e54924dc52350c6e108893b4b07,자세 유지 수준의 몸통 동원은 있으나 지지/기구/낮은 토크로 요구가 작음,MECHANICS_INFERENCE,MECHANICS_INFERENCE,,MEDIUM,APPROVED_DRAFT
standing_dumbbell_calf_raise,덤벨 스탠딩 카프 레이즈,236,4,HIDDEN_LOW,,,,LOW,DUMBBELL,532d2343cafd9e54924dc52350c6e108893b4b07,자세 유지 수준의 몸통 동원은 있으나 지지/기구/낮은 토크로 요구가 작음,MECHANICS_INFERENCE,MECHANICS_INFERENCE,,MEDIUM,APPROVED_DRAFT
barbell_reverse_wrist_curl,바벨 리버스 리스트 컬,8,5,NONE,,,,LOW,BARBELL,532d2343cafd9e54924dc52350c6e108893b4b07,운동 구조상 코어 요구를 의미 있는 훈련 특성으로 계약할 근거가 부족함,MECHANICS_INFERENCE,MECHANICS_INFERENCE,,MEDIUM,APPROVED_DRAFT
dumbbell_lying_triceps_extension,덤벨 라잉 트라이셉스 익스텐션,20,5,NONE,,,,LOW,DUMBBELL,532d2343cafd9e54924dc52350c6e108893b4b07,운동 구조상 코어 요구를 의미 있는 훈련 특성으로 계약할 근거가 부족함,MECHANICS_INFERENCE,MECHANICS_INFERENCE,,MEDIUM,APPROVED_DRAFT
dumbbell_preacher_curl,덤벨 프리처 컬,22,5,NONE,,,,LOW,DUMBBELL,532d2343cafd9e54924dc52350c6e108893b4b07,운동 구조상 코어 요구를 의미 있는 훈련 특성으로 계약할 근거가 부족함,MECHANICS_INFERENCE,MECHANICS_INFERENCE,,MEDIUM,APPROVED_DRAFT
dumbbell_reverse_wrist_curl,덤벨 리버스 리스트 컬,24,5,NONE,,,,LOW,DUMBBELL,532d2343cafd9e54924dc52350c6e108893b4b07,운동 구조상 코어 요구를 의미 있는 훈련 특성으로 계약할 근거가 부족함,MECHANICS_INFERENCE,MECHANICS_INFERENCE,,MEDIUM,APPROVED_DRAFT
dumbbell_spider_curl,덤벨 스파이더 컬,27,5,NONE,,,,LOW,DUMBBELL|BENCH,532d2343cafd9e54924dc52350c6e108893b4b07,운동 구조상 코어 요구를 의미 있는 훈련 특성으로 계약할 근거가 부족함,MECHANICS_INFERENCE,MECHANICS_INFERENCE,,MEDIUM,APPROVED_DRAFT
ex_149730de,발목/고관절 가동성,30,5,NONE,,,,LOW,,532d2343cafd9e54924dc52350c6e108893b4b07,운동 구조상 코어 요구를 의미 있는 훈련 특성으로 계약할 근거가 부족함,MECHANICS_INFERENCE,MECHANICS_INFERENCE,,MEDIUM,APPROVED_DRAFT
ex_2822ec2e,레그 컬,41,5,NONE,,,,LOW,LEG_CURL_MACHINE,532d2343cafd9e54924dc52350c6e108893b4b07,운동 구조상 코어 요구를 의미 있는 훈련 특성으로 계약할 근거가 부족함,MECHANICS_INFERENCE,MECHANICS_INFERENCE,,MEDIUM,APPROVED_DRAFT
ex_5c8751d2,시티드 카프 레이즈,75,5,NONE,,,,LOW,SEATED_CALF_RAISE_MACHINE,532d2343cafd9e54924dc52350c6e108893b4b07,운동 구조상 코어 요구를 의미 있는 훈련 특성으로 계약할 근거가 부족함,MECHANICS_INFERENCE,MECHANICS_INFERENCE,,MEDIUM,APPROVED_DRAFT
ex_708e64ce,덤벨 풀오버,89,5,NONE,,,,LOW,DUMBBELL,532d2343cafd9e54924dc52350c6e108893b4b07,운동 구조상 코어 요구를 의미 있는 훈련 특성으로 계약할 근거가 부족함,MECHANICS_INFERENCE,MECHANICS_INFERENCE,,MEDIUM,APPROVED_DRAFT
ex_728da646,힙 어브덕션,92,5,NONE,,,,LOW,HIP_ABDUCTION_MACHINE,532d2343cafd9e54924dc52350c6e108893b4b07,운동 구조상 코어 요구를 의미 있는 훈련 특성으로 계약할 근거가 부족함,MECHANICS_INFERENCE,MECHANICS_INFERENCE,,MEDIUM,APPROVED_DRAFT
ex_72f11dc5,덤벨 리스트 익스텐션,93,5,NONE,,,,LOW,DUMBBELL,532d2343cafd9e54924dc52350c6e108893b4b07,운동 구조상 코어 요구를 의미 있는 훈련 특성으로 계약할 근거가 부족함,MECHANICS_INFERENCE,MECHANICS_INFERENCE,,MEDIUM,APPROVED_DRAFT
ex_8824026f,원레그 레그 컬,107,5,NONE,,,,LOW,LEG_CURL_MACHINE,532d2343cafd9e54924dc52350c6e108893b4b07,운동 구조상 코어 요구를 의미 있는 훈련 특성으로 계약할 근거가 부족함,MECHANICS_INFERENCE,MECHANICS_INFERENCE,,MEDIUM,APPROVED_DRAFT
ex_91b749b3,플랫 덤벨 플라이,111,5,NONE,,,,LOW,DUMBBELL,532d2343cafd9e54924dc52350c6e108893b4b07,운동 구조상 코어 요구를 의미 있는 훈련 특성으로 계약할 근거가 부족함,MECHANICS_INFERENCE,MECHANICS_INFERENCE,,MEDIUM,APPROVED_DRAFT
ex_95028bfe,덤벨 리스트 컬,115,5,NONE,,,,LOW,DUMBBELL,532d2343cafd9e54924dc52350c6e108893b4b07,운동 구조상 코어 요구를 의미 있는 훈련 특성으로 계약할 근거가 부족함,MECHANICS_INFERENCE,MECHANICS_INFERENCE,,MEDIUM,APPROVED_DRAFT
ex_a61f307a,인클라인 덤벨 플라이,131,5,NONE,,,,LOW,BENCH|DUMBBELL,532d2343cafd9e54924dc52350c6e108893b4b07,운동 구조상 코어 요구를 의미 있는 훈련 특성으로 계약할 근거가 부족함,MECHANICS_INFERENCE,MECHANICS_INFERENCE,,MEDIUM,APPROVED_DRAFT
ex_b59bed7d,스탠딩 레그 컬,142,5,NONE,,,,LOW,LEG_CURL_MACHINE,532d2343cafd9e54924dc52350c6e108893b4b07,운동 구조상 코어 요구를 의미 있는 훈련 특성으로 계약할 근거가 부족함,MECHANICS_INFERENCE,MECHANICS_INFERENCE,,MEDIUM,APPROVED_DRAFT
ex_b78a8f95,레그 익스텐션,145,5,NONE,,,,LOW,LEG_EXTENSION_MACHINE,532d2343cafd9e54924dc52350c6e108893b4b07,운동 구조상 코어 요구를 의미 있는 훈련 특성으로 계약할 근거가 부족함,MECHANICS_INFERENCE,MECHANICS_INFERENCE,,MEDIUM,APPROVED_DRAFT
ex_c62c0716,컨센트레이션 컬,158,5,NONE,,,,LOW,DUMBBELL,532d2343cafd9e54924dc52350c6e108893b4b07,운동 구조상 코어 요구를 의미 있는 훈련 특성으로 계약할 근거가 부족함,MECHANICS_INFERENCE,MECHANICS_INFERENCE,,MEDIUM,APPROVED_DRAFT
ex_d5048362,인클라인 덤벨 컬,164,5,NONE,,,,LOW,BENCH|DUMBBELL,532d2343cafd9e54924dc52350c6e108893b4b07,운동 구조상 코어 요구를 의미 있는 훈련 특성으로 계약할 근거가 부족함,MECHANICS_INFERENCE,MECHANICS_INFERENCE,,MEDIUM,APPROVED_DRAFT
ex_d60745b4,원레그 레그 익스텐션,166,5,NONE,,,,LOW,LEG_EXTENSION_MACHINE,532d2343cafd9e54924dc52350c6e108893b4b07,운동 구조상 코어 요구를 의미 있는 훈련 특성으로 계약할 근거가 부족함,MECHANICS_INFERENCE,MECHANICS_INFERENCE,,MEDIUM,APPROVED_DRAFT
ex_dd16e07a,스트레칭,173,5,NONE,,,,LOW,,532d2343cafd9e54924dc52350c6e108893b4b07,운동 구조상 코어 요구를 의미 있는 훈련 특성으로 계약할 근거가 부족함,MECHANICS_INFERENCE,MECHANICS_INFERENCE,,MEDIUM,APPROVED_DRAFT
ex_e8ff8cfa,밴드 외회전,187,5,NONE,,,,LOW,BAND,532d2343cafd9e54924dc52350c6e108893b4b07,운동 구조상 코어 요구를 의미 있는 훈련 특성으로 계약할 근거가 부족함,MECHANICS_INFERENCE,MECHANICS_INFERENCE,,MEDIUM,APPROVED_DRAFT
ex_f6703b06,덤벨 프로네이션/수피네이션,195,5,NONE,,,,LOW,DUMBBELL,532d2343cafd9e54924dc52350c6e108893b4b07,운동 구조상 코어 요구를 의미 있는 훈련 특성으로 계약할 근거가 부족함,MECHANICS_INFERENCE,MECHANICS_INFERENCE,,MEDIUM,APPROVED_DRAFT
ex_f97a05ab,월 슬라이드,197,5,NONE,,,,LOW,WALL,532d2343cafd9e54924dc52350c6e108893b4b07,운동 구조상 코어 요구를 의미 있는 훈련 특성으로 계약할 근거가 부족함,MECHANICS_INFERENCE,MECHANICS_INFERENCE,,MEDIUM,APPROVED_DRAFT
ez_bar_lying_triceps_extension,EZ바 라잉 트라이셉스 익스텐션,206,5,NONE,,,,LOW,EZ_BAR,532d2343cafd9e54924dc52350c6e108893b4b07,운동 구조상 코어 요구를 의미 있는 훈련 특성으로 계약할 근거가 부족함,MECHANICS_INFERENCE,MECHANICS_INFERENCE,,MEDIUM,APPROVED_DRAFT
ez_bar_preacher_curl,EZ바 프리처 컬,207,5,NONE,,,,LOW,EZ_BAR,532d2343cafd9e54924dc52350c6e108893b4b07,운동 구조상 코어 요구를 의미 있는 훈련 특성으로 계약할 근거가 부족함,MECHANICS_INFERENCE,MECHANICS_INFERENCE,,MEDIUM,APPROVED_DRAFT
ez_bar_spider_curl,EZ바 스파이더 컬,209,5,NONE,,,,LOW,EZ_BAR|BENCH,532d2343cafd9e54924dc52350c6e108893b4b07,운동 구조상 코어 요구를 의미 있는 훈련 특성으로 계약할 근거가 부족함,MECHANICS_INFERENCE,MECHANICS_INFERENCE,,MEDIUM,APPROVED_DRAFT
hip_adduction_machine,힙 어덕션 머신,214,5,NONE,,,,LOW,HIP_ADDUCTION_MACHINE,532d2343cafd9e54924dc52350c6e108893b4b07,운동 구조상 코어 요구를 의미 있는 훈련 특성으로 계약할 근거가 부족함,MECHANICS_INFERENCE,MECHANICS_INFERENCE,,MEDIUM,APPROVED_DRAFT
