"stableKey","exerciseName","bootstrapActivityKind","runtimeActivityKind","runtimeBadmintonTransferLevel","sportContextTags","courtMovementTypes","badmintonTransferRoles","objectiveIds","setA_currentPractice","setB_courtExposure","setC_legacyFootworkReactive","setD_legacySupport","setE_canonicalObjectiveStimulus","setF_readinessBadmintonCourtPositiveDose"
"band_lift","밴드 리프트","TRAINING_EXERCISE","EXERCISE","SUPPORTIVE","NONE","NONE","ROTATION_POWER,GRIP_FOREARM,SHOULDER_CARE","ROTATION_GENERATION","FALSE","FALSE","FALSE","TRUE","TRUE","TRUE"
"band_pallof_press","밴드 팔로프 프레스","EXERCISE","EXERCISE","SUPPORTIVE","NONE","NONE","CORE_STABILITY_SUPPORTIVE","ANTI_ROTATION|DECELERATION|FOOTWORK","FALSE","FALSE","FALSE","TRUE","TRUE","TRUE"
"band_woodchop","밴드 우드찹","TRAINING_EXERCISE","EXERCISE","SUPPORTIVE","NONE","NONE","ROTATION_POWER,GRIP_FOREARM,SHOULDER_CARE","ROTATION_GENERATION","FALSE","FALSE","FALSE","TRUE","TRUE","TRUE"
"barbell_back_squat","스쿼트","TRAINING_EXERCISE","EXERCISE","GENERAL","NONE","NONE","NONE",,"FALSE","FALSE","FALSE","TRUE","FALSE","TRUE"
"barbell_bench_press","벤치프레스","TRAINING_EXERCISE","EXERCISE","NONE","NONE","NONE","NONE",,"FALSE","FALSE","FALSE","FALSE","FALSE","FALSE"
"barbell_deadlift","데드리프트","TRAINING_EXERCISE","EXERCISE","GENERAL","NONE","NONE","NONE",,"FALSE","FALSE","FALSE","TRUE","FALSE","TRUE"
"barbell_reverse_curl","바벨 리버스 컬","EXERCISE","EXERCISE","GENERAL","NONE","NONE","GENERAL_STRENGTH_SUPPORTIVE",,"FALSE","FALSE","FALSE","TRUE","FALSE","TRUE"
"barbell_reverse_wrist_curl","바벨 리버스 리스트 컬","EXERCISE","EXERCISE","SUPPORTIVE","NONE","NONE","GRIP_WRIST_SUPPORTIVE",,"FALSE","FALSE","FALSE","TRUE","FALSE","TRUE"
"barbell_romanian_deadlift","루마니안 바벨 데드리프트","TRAINING_EXERCISE","EXERCISE","GENERAL","NONE","NONE","NONE",,"FALSE","FALSE","FALSE","TRUE","FALSE","TRUE"
"cable_hip_adduction","케이블 힙 어덕션","EXERCISE","EXERCISE","SUPPORTIVE","NONE","JUMP_LANDING,RECOVERY_STEP","LOWER_BODY_SUPPORTIVE","ACCELERATION|DECELERATION|FOOTWORK","FALSE","FALSE","TRUE","TRUE","TRUE","TRUE"
"cable_lift","케이블 리프트","TRAINING_EXERCISE","EXERCISE","SUPPORTIVE","NONE","NONE","ROTATION_POWER,GRIP_FOREARM,SHOULDER_CARE","ROTATION_GENERATION","FALSE","FALSE","FALSE","TRUE","TRUE","TRUE"
"cable_overhead_triceps_extension","케이블 오버헤드 트라이셉스 익스텐션","EXERCISE","EXERCISE","NONE","NONE","NONE","NONE",,"FALSE","FALSE","FALSE","FALSE","FALSE","TRUE"
"cable_pallof_press","케이블 팔로프 프레스","EXERCISE","EXERCISE","SUPPORTIVE","NONE","NONE","CORE_STABILITY_SUPPORTIVE","ANTI_ROTATION|DECELERATION|FOOTWORK","FALSE","FALSE","FALSE","TRUE","TRUE","TRUE"
"cable_rear_delt_fly","케이블 리어델트 플라이","EXERCISE","EXERCISE","GENERAL","NONE","NONE","GENERAL_STRENGTH_SUPPORTIVE",,"FALSE","FALSE","FALSE","TRUE","FALSE","TRUE"
"cable_woodchop","케이블 우드찹","TRAINING_EXERCISE","EXERCISE","SUPPORTIVE","NONE","NONE","ROTATION_POWER,GRIP_FOREARM,SHOULDER_CARE","ROTATION_GENERATION","FALSE","FALSE","FALSE","TRUE","TRUE","TRUE"
"chest_supported_row_machine","체스트 서포티드 로우 머신","EXERCISE","EXERCISE","GENERAL","NONE","NONE","GENERAL_STRENGTH_SUPPORTIVE",,"FALSE","FALSE","FALSE","TRUE","FALSE","TRUE"
"dumbbell_chest_supported_row","덤벨 체스트 서포티드 로우","EXERCISE","EXERCISE","GENERAL","NONE","NONE","GENERAL_STRENGTH_SUPPORTIVE",,"FALSE","FALSE","FALSE","TRUE","FALSE","TRUE"
"dumbbell_farmer_carry","덤벨 파머스 캐리","EXERCISE","EXERCISE","SUPPORTIVE","NONE","NONE","CORE_STABILITY_SUPPORTIVE","DECELERATION|FOOTWORK","FALSE","FALSE","FALSE","TRUE","TRUE","TRUE"
"dumbbell_goblet_squat","덤벨 고블릿 스쿼트","EXERCISE","EXERCISE","GENERAL","NONE","NONE","GENERAL_STRENGTH_SUPPORTIVE",,"FALSE","FALSE","FALSE","TRUE","FALSE","TRUE"
"dumbbell_lying_triceps_extension","덤벨 라잉 트라이셉스 익스텐션","EXERCISE","EXERCISE","NONE","NONE","NONE","NONE",,"FALSE","FALSE","FALSE","FALSE","FALSE","TRUE"
"dumbbell_overhead_triceps_extension","덤벨 오버헤드 트라이셉스 익스텐션","EXERCISE","EXERCISE","NONE","NONE","NONE","NONE",,"FALSE","FALSE","FALSE","FALSE","FALSE","TRUE"
"dumbbell_preacher_curl","덤벨 프리처 컬","EXERCISE","EXERCISE","GENERAL","NONE","NONE","GENERAL_STRENGTH_SUPPORTIVE",,"FALSE","FALSE","FALSE","TRUE","FALSE","TRUE"
"dumbbell_rear_delt_fly","덤벨 리어델트 플라이","EXERCISE","EXERCISE","GENERAL","NONE","NONE","GENERAL_STRENGTH_SUPPORTIVE",,"FALSE","FALSE","FALSE","TRUE","FALSE","TRUE"
"dumbbell_reverse_wrist_curl","덤벨 리버스 리스트 컬","EXERCISE","EXERCISE","SUPPORTIVE","NONE","NONE","GRIP_WRIST_SUPPORTIVE",,"FALSE","FALSE","FALSE","TRUE","FALSE","TRUE"
"dumbbell_romanian_deadlift","루마니안 덤벨 데드리프트","TRAINING_EXERCISE","EXERCISE","GENERAL","NONE","NONE","NONE",,"FALSE","FALSE","FALSE","TRUE","FALSE","TRUE"
"dumbbell_single_leg_rdl","덤벨 원레그 루마니안 데드리프트","EXERCISE","EXERCISE","SUPPORTIVE","NONE","NONE","LOWER_BODY_SUPPORTIVE","ACCELERATION|DECELERATION|FOOTWORK","FALSE","FALSE","FALSE","TRUE","TRUE","TRUE"
"dumbbell_spider_curl","덤벨 스파이더 컬","EXERCISE","EXERCISE","GENERAL","NONE","NONE","GENERAL_STRENGTH_SUPPORTIVE",,"FALSE","FALSE","FALSE","TRUE","FALSE","TRUE"
"dumbbell_woodchop","덤벨 우드찹","TRAINING_EXERCISE","EXERCISE","SUPPORTIVE","NONE","NONE","ROTATION_POWER,GRIP_FOREARM,SHOULDER_CARE","ROTATION_GENERATION","FALSE","FALSE","FALSE","TRUE","TRUE","TRUE"
"ex_1052e9fa","스미스 머신 런지","TRAINING_EXERCISE","EXERCISE","SUPPORTIVE","NONE","NONE","NONE","ACCELERATION|DECELERATION|FOOTWORK","FALSE","FALSE","FALSE","TRUE","TRUE","TRUE"
"ex_149730de","발목/고관절 가동성","TRAINING_EXERCISE","EXERCISE","NONE","NONE","NONE","NONE",,"FALSE","FALSE","FALSE","FALSE","FALSE","FALSE"
"ex_16b298db","미니밴드 사이드워크","TRAINING_EXERCISE","EXERCISE","SUPPORTIVE","NONE","NONE","NONE","ACCELERATION|DECELERATION|FOOTWORK","FALSE","FALSE","FALSE","TRUE","TRUE","TRUE"
"ex_1a4858d7","농구","SPORT_SESSION","SPORT_SESSION","NONE","OTHER_SPORT_SESSION","JUMP_LANDING,RECOVERY_STEP","JUMP_LANDING",,"FALSE","FALSE","TRUE","FALSE","FALSE","TRUE"
"ex_1a4bbdcf","축구","SPORT_SESSION","SPORT_SESSION","NONE","OTHER_SPORT_SESSION","RECOVERY_STEP","CONDITIONING",,"FALSE","FALSE","TRUE","FALSE","FALSE","TRUE"
"ex_1c7f2342","랜덤 풋워크","TRAINING_EXERCISE","EXERCISE","DIRECT","BADMINTON_FOOTWORK|BADMINTON_DIRECT_TRANSFER","MULTI_DIRECTION,FIRST_STEP,REACTION_RANDOM,DECELERATION,RECOVERY_STEP","FOOTWORK,REACTION,DECELERATION","ACCELERATION|DECELERATION|FOOTWORK|REACTION","FALSE","FALSE","TRUE","TRUE","TRUE","TRUE"
"ex_1cf51b6b","노르딕 햄스트링 컬","TRAINING_EXERCISE","EXERCISE","SUPPORTIVE","NONE","JUMP_LANDING,RECOVERY_STEP","JUMP_LANDING","ACCELERATION|DECELERATION|FOOTWORK","FALSE","FALSE","TRUE","TRUE","TRUE","TRUE"
"ex_1dbee10e","머신 체스트프레스","TRAINING_EXERCISE","EXERCISE","NONE","NONE","NONE","SHOULDER_CARE",,"FALSE","FALSE","FALSE","FALSE","FALSE","TRUE"
"ex_2055b629","애질리티 래더","TRAINING_EXERCISE","EXERCISE","SUPPORTIVE","GENERAL_COURT_SPORT","MULTI_DIRECTION,FIRST_STEP,REACTION_RANDOM,DECELERATION,RECOVERY_STEP","FOOTWORK,REACTION,DECELERATION","ACCELERATION|DECELERATION|FOOTWORK|REACTION","FALSE","FALSE","TRUE","TRUE","TRUE","TRUE"
"ex_216351a1","가벼운 콕줍기","TRAINING_EXERCISE","EXERCISE","DIRECT","BADMINTON_LUNGE_REACH|BADMINTON_FOOTWORK|BADMINTON_DIRECT_TRANSFER","MULTI_DIRECTION,FIRST_STEP,RECOVERY_STEP","FOOTWORK,CONDITIONING","ACCELERATION|DECELERATION|FOOTWORK|LUNGE_REACH|REACTION","FALSE","FALSE","TRUE","TRUE","TRUE","TRUE"
"ex_27b3deb5","클로즈그립 벤치프레스","TRAINING_EXERCISE","EXERCISE","NONE","NONE","NONE","GRIP_FOREARM,SHOULDER_CARE",,"FALSE","FALSE","FALSE","FALSE","FALSE","TRUE"
"ex_281347da","덤벨 컬","TRAINING_EXERCISE","EXERCISE","GENERAL","NONE","NONE","GRIP_FOREARM",,"FALSE","FALSE","FALSE","TRUE","FALSE","TRUE"
"ex_2822ec2e","레그 컬","TRAINING_EXERCISE","EXERCISE","GENERAL","NONE","NONE","NONE",,"FALSE","FALSE","FALSE","TRUE","FALSE","TRUE"
"ex_282a9d87","링 로우","TRAINING_EXERCISE","EXERCISE","GENERAL","NONE","NONE","GRIP_FOREARM,SHOULDER_CARE",,"FALSE","FALSE","FALSE","TRUE","FALSE","TRUE"
"ex_28347c1f","버드독","TRAINING_EXERCISE","EXERCISE","SUPPORTIVE","NONE","NONE","ANTI_ROTATION_STABILITY,SHOULDER_CARE","DECELERATION|FOOTWORK","FALSE","FALSE","FALSE","TRUE","TRUE","TRUE"
"ex_284ecca6","슈퍼맨","TRAINING_EXERCISE","EXERCISE","GENERAL","NONE","NONE","SHOULDER_CARE",,"FALSE","FALSE","FALSE","TRUE","FALSE","TRUE"
"ex_28902b13","푸시업","TRAINING_EXERCISE","EXERCISE","GENERAL","NONE","NONE","NONE",,"FALSE","FALSE","FALSE","TRUE","FALSE","TRUE"
"ex_2892da5a","해머 컬","TRAINING_EXERCISE","EXERCISE","GENERAL","NONE","NONE","GRIP_FOREARM",,"FALSE","FALSE","FALSE","TRUE","FALSE","TRUE"
"ex_2a826c82","할로우 바디 홀드","TRAINING_EXERCISE","EXERCISE","SUPPORTIVE","NONE","NONE","ANTI_ROTATION_STABILITY","DECELERATION|FOOTWORK","FALSE","FALSE","FALSE","TRUE","TRUE","TRUE"
"ex_2f3b56d0","테니스","SPORT_SESSION","SPORT_SESSION","NONE","OTHER_SPORT_SESSION","NONE","ROTATION_POWER",,"FALSE","FALSE","FALSE","FALSE","FALSE","TRUE"
"ex_30a0e9aa","원암 덤벨 로우","TRAINING_EXERCISE","EXERCISE","GENERAL","NONE","NONE","SHOULDER_CARE",,"FALSE","FALSE","FALSE","TRUE","FALSE","TRUE"
"ex_314df428","원레그 홉 투 스틱","TRAINING_EXERCISE","EXERCISE","SUPPORTIVE","NONE","DECELERATION,JUMP_LANDING,RECOVERY_STEP","DECELERATION,JUMP_LANDING","ACCELERATION|DECELERATION|FOOTWORK|JUMP_LANDING|REACTION","FALSE","FALSE","TRUE","TRUE","TRUE","TRUE"
"ex_32219f7a","오버헤드 프레스","TRAINING_EXERCISE","EXERCISE","GENERAL","NONE","NONE","NONE",,"FALSE","FALSE","FALSE","TRUE","FALSE","TRUE"
"ex_32eb8457","원암 랫풀다운","TRAINING_EXERCISE","EXERCISE","GENERAL","NONE","NONE","NONE",,"FALSE","FALSE","FALSE","TRUE","FALSE","TRUE"
"ex_33841b88","6코너 풋워크","TRAINING_EXERCISE","EXERCISE","DIRECT","BADMINTON_FOOTWORK|BADMINTON_DIRECT_TRANSFER","MULTI_DIRECTION,FIRST_STEP,REACTION_RANDOM,DECELERATION,RECOVERY_STEP","FOOTWORK,REACTION,DECELERATION,CONDITIONING","ACCELERATION|DECELERATION|FOOTWORK|REACTION","FALSE","FALSE","TRUE","TRUE","TRUE","TRUE"
"ex_33d2da8e","원암 머신 로우","TRAINING_EXERCISE","EXERCISE","GENERAL","NONE","NONE","NONE",,"FALSE","FALSE","FALSE","TRUE","FALSE","TRUE"
"ex_34e7d21","래터럴 바운드 투 스틱","TRAINING_EXERCISE","EXERCISE","SUPPORTIVE","NONE","DECELERATION,JUMP_LANDING,LATERAL_MOVE,RECOVERY_STEP","DECELERATION,JUMP_LANDING","ACCELERATION|DECELERATION|FOOTWORK|JUMP_LANDING|REACTION","FALSE","FALSE","TRUE","TRUE","TRUE","TRUE"
"ex_377448a9","스플릿 스텝 후 좌우 런지","TRAINING_EXERCISE","EXERCISE","DIRECT","BADMINTON_LUNGE_REACH|BADMINTON_FOOTWORK|BADMINTON_DIRECT_TRANSFER","NONE","NONE","DECELERATION|FOOTWORK|LUNGE_REACH","FALSE","FALSE","FALSE","TRUE","TRUE","TRUE"
"ex_389920ab","글루트 브릿지","TRAINING_EXERCISE","EXERCISE","GENERAL","NONE","NONE","NONE",,"FALSE","FALSE","FALSE","TRUE","FALSE","TRUE"
"ex_389e0556","원암 덤벨 벤치프레스","TRAINING_EXERCISE","EXERCISE","NONE","NONE","NONE","NONE",,"FALSE","FALSE","FALSE","FALSE","FALSE","FALSE"
"ex_3a7d3eda","덤벨 벤치프레스","TRAINING_EXERCISE","EXERCISE","NONE","NONE","NONE","NONE",,"FALSE","FALSE","FALSE","FALSE","FALSE","FALSE"
"ex_3c3692aa","케이블 원암 로우","TRAINING_EXERCISE","EXERCISE","SUPPORTIVE","NONE","NONE","NONE",,"FALSE","FALSE","FALSE","TRUE","FALSE","TRUE"
"ex_3caa236b","파이크 푸시업","TRAINING_EXERCISE","EXERCISE","GENERAL","NONE","NONE","NONE",,"FALSE","FALSE","FALSE","TRUE","FALSE","TRUE"
"ex_3d5719de","원암 케이블 컬","TRAINING_EXERCISE","EXERCISE","GENERAL","NONE","NONE","ANTI_ROTATION_STABILITY,GRIP_FOREARM",,"FALSE","FALSE","FALSE","TRUE","FALSE","TRUE"
"ex_3f184ef9","버피","TRAINING_EXERCISE","EXERCISE","GENERAL","NONE","RECOVERY_STEP","CONDITIONING","CONDITIONING","FALSE","FALSE","TRUE","TRUE","TRUE","TRUE"
"ex_40fa57be","원암 케이블 하이 로우","TRAINING_EXERCISE","EXERCISE","SUPPORTIVE","NONE","NONE","SHOULDER_CARE",,"FALSE","FALSE","FALSE","TRUE","FALSE","TRUE"
"ex_421ba24b","좌우 랜덤 콕줍기","TRAINING_EXERCISE","EXERCISE","DIRECT","BADMINTON_LUNGE_REACH|BADMINTON_FOOTWORK|BADMINTON_DIRECT_TRANSFER","MULTI_DIRECTION,FIRST_STEP,REACTION_RANDOM,DECELERATION,LATERAL_MOVE,RECOVERY_STEP","FOOTWORK,REACTION,DECELERATION,CONDITIONING","ACCELERATION|DECELERATION|FOOTWORK|LUNGE_REACH|REACTION","FALSE","FALSE","TRUE","TRUE","TRUE","TRUE"
"ex_4255e429","앞뒤 랜덤 콕줍기","TRAINING_EXERCISE","EXERCISE","DIRECT","BADMINTON_LUNGE_REACH|BADMINTON_FOOTWORK|BADMINTON_DIRECT_TRANSFER","MULTI_DIRECTION,FIRST_STEP,REACTION_RANDOM,DECELERATION,RECOVERY_STEP","FOOTWORK,REACTION,DECELERATION,CONDITIONING","ACCELERATION|DECELERATION|FOOTWORK|LUNGE_REACH|REACTION","FALSE","FALSE","TRUE","TRUE","TRUE","TRUE"
"ex_442617f6","원암 케이블 플라이","TRAINING_EXERCISE","EXERCISE","NONE","NONE","NONE","ANTI_ROTATION_STABILITY",,"FALSE","FALSE","FALSE","FALSE","FALSE","FALSE"
"ex_462c760e","체스트 서포티드 원암 머신 로우","TRAINING_EXERCISE","EXERCISE","GENERAL","NONE","NONE","NONE",,"FALSE","FALSE","FALSE","TRUE","FALSE","TRUE"
"ex_4773b6ea","린단 참고 트랙 스프린트","TRAINING_EXERCISE","EXERCISE","GENERAL","NONE","NONE","NONE","ACCELERATION|CONDITIONING","FALSE","FALSE","FALSE","TRUE","TRUE","TRUE"
"ex_4aa3725a","머신 숄더프레스","TRAINING_EXERCISE","EXERCISE","GENERAL","NONE","NONE","SHOULDER_CARE",,"FALSE","FALSE","FALSE","TRUE","FALSE","TRUE"
"ex_4c76dbb2","케이블 풀스루","TRAINING_EXERCISE","EXERCISE","GENERAL","NONE","NONE","NONE",,"FALSE","FALSE","FALSE","TRUE","FALSE","TRUE"
"ex_4c779df2","케이블 플라이","TRAINING_EXERCISE","EXERCISE","NONE","NONE","NONE","ANTI_ROTATION_STABILITY",,"FALSE","FALSE","FALSE","FALSE","FALSE","FALSE"
"ex_5004ca76","린단 참고 페이스 체인지 풋워크","TRAINING_EXERCISE","EXERCISE","DIRECT","BADMINTON_FOOTWORK|BADMINTON_DIRECT_TRANSFER","MULTI_DIRECTION,FIRST_STEP,REACTION_RANDOM,DECELERATION,RECOVERY_STEP","FOOTWORK,REACTION,ACCELERATION,DECELERATION","ACCELERATION|DECELERATION|FOOTWORK|REACTION","FALSE","FALSE","TRUE","TRUE","TRUE","TRUE"
"ex_516f4456","스파이더 컬","TRAINING_EXERCISE","EXERCISE","GENERAL","NONE","NONE","GRIP_FOREARM",,"FALSE","FALSE","FALSE","TRUE","FALSE","TRUE"
"ex_5322f2d1","원암 케이블 트라이셉스 푸시다운","TRAINING_EXERCISE","EXERCISE","NONE","NONE","NONE","ANTI_ROTATION_STABILITY,GRIP_FOREARM",,"FALSE","FALSE","FALSE","FALSE","FALSE","TRUE"
"ex_5c8751d2","시티드 카프 레이즈","TRAINING_EXERCISE","EXERCISE","SUPPORTIVE","NONE","NONE","NONE","ACCELERATION|DECELERATION|FOOTWORK","FALSE","FALSE","FALSE","TRUE","TRUE","TRUE"
"ex_5ca7133f","원레그 카프 레이즈","TRAINING_EXERCISE","EXERCISE","SUPPORTIVE","NONE","NONE","NONE","ACCELERATION|DECELERATION|FOOTWORK","FALSE","FALSE","FALSE","TRUE","TRUE","TRUE"
"ex_6232f4bc","박스 스텝업","TRAINING_EXERCISE","EXERCISE","SUPPORTIVE","NONE","NONE","NONE","ACCELERATION|DECELERATION|FOOTWORK","FALSE","FALSE","FALSE","TRUE","TRUE","TRUE"
"ex_64422511","랜덤 방향전환 드릴","TRAINING_EXERCISE","EXERCISE","DIRECT","BADMINTON_FOOTWORK|BADMINTON_DIRECT_TRANSFER","MULTI_DIRECTION,FIRST_STEP,REACTION_RANDOM,DECELERATION,RECOVERY_STEP","FOOTWORK,REACTION,DECELERATION","ACCELERATION|DECELERATION|FOOTWORK|REACTION","FALSE","FALSE","TRUE","TRUE","TRUE","TRUE"
"ex_644e0f9d","V업","TRAINING_EXERCISE","EXERCISE","GENERAL","NONE","NONE","ANTI_ROTATION_STABILITY",,"FALSE","FALSE","FALSE","TRUE","FALSE","TRUE"
"ex_6463edad","딥스","TRAINING_EXERCISE","EXERCISE","NONE","NONE","NONE","ANTI_ROTATION_STABILITY",,"FALSE","FALSE","FALSE","FALSE","FALSE","FALSE"
"ex_64644b5e","런지","TRAINING_EXERCISE","EXERCISE","SUPPORTIVE","NONE","NONE","NONE","ACCELERATION|DECELERATION|FOOTWORK","FALSE","FALSE","FALSE","TRUE","TRUE","TRUE"
"ex_64661229","월싯","TRAINING_EXERCISE","EXERCISE","GENERAL","NONE","NONE","NONE",,"FALSE","FALSE","FALSE","TRUE","FALSE","TRUE"
"ex_6466fe77","친업","TRAINING_EXERCISE","EXERCISE","GENERAL","NONE","NONE","GRIP_FOREARM",,"FALSE","FALSE","FALSE","TRUE","FALSE","TRUE"
"ex_681d9ed2","러닝","TRAINING_EXERCISE","EXERCISE","GENERAL","GENERAL_CONDITIONING","RECOVERY_STEP","CONDITIONING","CONDITIONING","FALSE","FALSE","TRUE","TRUE","TRUE","TRUE"
"ex_681eed4a","수영","TRAINING_EXERCISE","EXERCISE","GENERAL","GENERAL_CONDITIONING","RECOVERY_STEP","CONDITIONING","CONDITIONING","FALSE","FALSE","TRUE","TRUE","TRUE","TRUE"
"ex_69a56484","래터럴 스텝다운","TRAINING_EXERCISE","EXERCISE","SUPPORTIVE","NONE","NONE","NONE","ACCELERATION|DECELERATION|FOOTWORK","FALSE","FALSE","FALSE","TRUE","TRUE","TRUE"
"ex_6a966452","체스트 서포티드 원암 덤벨 로우","TRAINING_EXERCISE","EXERCISE","GENERAL","NONE","NONE","NONE",,"FALSE","FALSE","FALSE","TRUE","FALSE","TRUE"
"ex_704cbf1a","덤벨 스텝업","TRAINING_EXERCISE","EXERCISE","SUPPORTIVE","NONE","NONE","NONE","ACCELERATION|DECELERATION|FOOTWORK","FALSE","FALSE","FALSE","TRUE","TRUE","TRUE"
"ex_708e64ce","덤벨 풀오버","TRAINING_EXERCISE","EXERCISE","NONE","NONE","NONE","ANTI_ROTATION_STABILITY",,"FALSE","FALSE","FALSE","FALSE","FALSE","FALSE"
"ex_70f19bf","리닝 래터럴 레이즈","TRAINING_EXERCISE","EXERCISE","GENERAL","NONE","NONE","ANTI_ROTATION_STABILITY,SHOULDER_CARE",,"FALSE","FALSE","FALSE","TRUE","FALSE","TRUE"
"ex_7176cbee","리어델트 플라이","TRAINING_EXERCISE","EXERCISE","GENERAL","NONE","NONE","ANTI_ROTATION_STABILITY,SHOULDER_CARE",,"FALSE","FALSE","FALSE","TRUE","FALSE","TRUE"
"ex_721f7b5b","힙 쓰러스트","TRAINING_EXERCISE","EXERCISE","GENERAL","NONE","NONE","NONE",,"FALSE","FALSE","FALSE","TRUE","FALSE","TRUE"
"ex_728da646","힙 어브덕션","TRAINING_EXERCISE","EXERCISE","SUPPORTIVE","NONE","JUMP_LANDING,RECOVERY_STEP","JUMP_LANDING","ACCELERATION|DECELERATION|FOOTWORK","FALSE","FALSE","TRUE","TRUE","TRUE","TRUE"
"ex_72f11dc5","덤벨 리스트 익스텐션","TRAINING_EXERCISE","EXERCISE","SUPPORTIVE","NONE","NONE","GRIP_FOREARM",,"FALSE","FALSE","FALSE","TRUE","FALSE","TRUE"
"ex_73b0b63f","아처 푸시업","TRAINING_EXERCISE","EXERCISE","GENERAL","NONE","NONE","NONE",,"FALSE","FALSE","FALSE","TRUE","FALSE","TRUE"
"ex_7404067c","케틀벨 스윙","TRAINING_EXERCISE","EXERCISE","SUPPORTIVE","NONE","NONE","NONE","ACCELERATION|DECELERATION|FOOTWORK|REACTION","FALSE","FALSE","FALSE","TRUE","TRUE","TRUE"
"ex_74c2d13b","계단 오르기","TRAINING_EXERCISE","EXERCISE","GENERAL","GENERAL_CONDITIONING","NONE","NONE","CONDITIONING","FALSE","FALSE","FALSE","TRUE","TRUE","TRUE"
"ex_752b45ae","멀티셔틀 풋워크","TRAINING_EXERCISE","EXERCISE","DIRECT","BADMINTON_MULTI_SHUTTLE|BADMINTON_RALLY|BADMINTON_DIRECT_TRANSFER","MULTI_DIRECTION,FIRST_STEP,REACTION_RANDOM,DECELERATION,RECOVERY_STEP","FOOTWORK,REACTION,DECELERATION,CONDITIONING","ACCELERATION|CONDITIONING|DECELERATION|FOOTWORK|REACTION","FALSE","FALSE","TRUE","TRUE","TRUE","TRUE"
"ex_767e188e","아놀드 프레스","TRAINING_EXERCISE","EXERCISE","GENERAL","NONE","NONE","SHOULDER_CARE",,"FALSE","FALSE","FALSE","TRUE","FALSE","TRUE"
"ex_7814843a","원암 덤벨 숄더프레스","TRAINING_EXERCISE","EXERCISE","GENERAL","NONE","NONE","SHOULDER_CARE",,"FALSE","FALSE","FALSE","TRUE","FALSE","TRUE"
"ex_79f3bdbe","덤벨 숄더프레스","TRAINING_EXERCISE","EXERCISE","GENERAL","NONE","NONE","SHOULDER_CARE",,"FALSE","FALSE","FALSE","TRUE","FALSE","TRUE"
"ex_7ce96a7a","프론트풋 엘리베이티드 스플릿 스쿼트","TRAINING_EXERCISE","EXERCISE","SUPPORTIVE","NONE","NONE","NONE","ACCELERATION|DECELERATION|FOOTWORK","FALSE","FALSE","FALSE","TRUE","TRUE","TRUE"
"ex_7deabeba","리어델트 케이블 플라이","TRAINING_EXERCISE","EXERCISE","GENERAL","NONE","NONE","ANTI_ROTATION_STABILITY,SHOULDER_CARE",,"FALSE","FALSE","FALSE","TRUE","FALSE","TRUE"
"ex_85b2ac56","원암 덤벨 컬","TRAINING_EXERCISE","EXERCISE","GENERAL","NONE","NONE","ANTI_ROTATION_STABILITY,GRIP_FOREARM",,"FALSE","FALSE","FALSE","TRUE","FALSE","TRUE"
"ex_85f12271","원레그 박스 스쿼트","TRAINING_EXERCISE","EXERCISE","SUPPORTIVE","NONE","NONE","NONE","ACCELERATION|DECELERATION|FOOTWORK","FALSE","FALSE","FALSE","TRUE","TRUE","TRUE"
"ex_86323ed6","원암 해머 컬","TRAINING_EXERCISE","EXERCISE","GENERAL","NONE","NONE","GRIP_FOREARM",,"FALSE","FALSE","FALSE","TRUE","FALSE","TRUE"
"ex_8633d8db","EZ바 컬","TRAINING_EXERCISE","EXERCISE","GENERAL","NONE","NONE","GRIP_FOREARM",,"FALSE","FALSE","FALSE","TRUE","FALSE","TRUE"
"ex_8824026f","원레그 레그 컬","TRAINING_EXERCISE","EXERCISE","GENERAL","NONE","JUMP_LANDING,RECOVERY_STEP","JUMP_LANDING",,"FALSE","FALSE","TRUE","TRUE","FALSE","TRUE"
"ex_8a3800f1","리버스 노르딕 컬","TRAINING_EXERCISE","EXERCISE","SUPPORTIVE","NONE","NONE","ANTI_ROTATION_STABILITY","ACCELERATION|DECELERATION|FOOTWORK","FALSE","FALSE","FALSE","TRUE","TRUE","TRUE"
"ex_8e18b02a","리버스 리스트 컬","TRAINING_EXERCISE","EXERCISE","SUPPORTIVE","NONE","NONE","GRIP_FOREARM",,"FALSE","FALSE","FALSE","TRUE","FALSE","TRUE"
"ex_8e4bf08e","Yates Row","TRAINING_EXERCISE","EXERCISE","GENERAL","NONE","NONE","NONE",,"FALSE","FALSE","FALSE","TRUE","FALSE","TRUE"
"ex_8e51640a","체스트 서포티드 로우","TRAINING_EXERCISE","EXERCISE","GENERAL","NONE","NONE","NONE",,"FALSE","FALSE","FALSE","TRUE","FALSE","TRUE"
"ex_8e69fc74","스플릿 스텝 리액션","TRAINING_EXERCISE","EXERCISE","DIRECT","BADMINTON_FOOTWORK|BADMINTON_DIRECT_TRANSFER","MULTI_DIRECTION,FIRST_STEP,REACTION_RANDOM,DECELERATION,RECOVERY_STEP","FOOTWORK,REACTION,DECELERATION","ACCELERATION|DECELERATION|FOOTWORK|REACTION","FALSE","FALSE","TRUE","TRUE","TRUE","TRUE"
"ex_91b749b3","플랫 덤벨 플라이","TRAINING_EXERCISE","EXERCISE","NONE","NONE","NONE","NONE",,"FALSE","FALSE","FALSE","FALSE","FALSE","FALSE"
"ex_91d8430b","30초 반복 스매시 테스트","TRAINING_EXERCISE","EXERCISE","DIRECT","BADMINTON_OVERHEAD_TEST|BADMINTON_DIRECT_TRANSFER","NONE","OVERHEAD_POWER,ROTATION_POWER","CONDITIONING","FALSE","FALSE","FALSE","TRUE","TRUE","TRUE"
"ex_91f6958d","터키시 겟업","TRAINING_EXERCISE","EXERCISE","SUPPORTIVE","NONE","NONE","SHOULDER_CARE","DECELERATION|FOOTWORK","FALSE","FALSE","FALSE","TRUE","TRUE","TRUE"
"ex_93538692","덤벨 래터럴 레이즈","TRAINING_EXERCISE","EXERCISE","GENERAL","NONE","NONE","ANTI_ROTATION_STABILITY,SHOULDER_CARE",,"FALSE","FALSE","FALSE","TRUE","FALSE","TRUE"
"ex_95028bfe","덤벨 리스트 컬","TRAINING_EXERCISE","EXERCISE","SUPPORTIVE","NONE","NONE","GRIP_FOREARM",,"FALSE","FALSE","FALSE","TRUE","FALSE","TRUE"
"ex_99728d25","팔로프 프레스","TRAINING_EXERCISE","EXERCISE","SUPPORTIVE","NONE","NONE","ANTI_ROTATION_STABILITY",,"FALSE","FALSE","FALSE","TRUE","FALSE","TRUE"
"ex_9b132c23","사이드 스텝 후 정지","TRAINING_EXERCISE","EXERCISE","SUPPORTIVE","NONE","MULTI_DIRECTION,FIRST_STEP,REACTION_RANDOM,DECELERATION,LATERAL_MOVE,RECOVERY_STEP","FOOTWORK,REACTION,DECELERATION","ACCELERATION|DECELERATION|FOOTWORK|REACTION","FALSE","FALSE","TRUE","TRUE","TRUE","TRUE"
"ex_9bd6dddb","줄넘기","TRAINING_EXERCISE","EXERCISE","SUPPORTIVE","NONE","JUMP_LANDING,RECOVERY_STEP","JUMP_LANDING","ACCELERATION|DECELERATION|FOOTWORK","FALSE","FALSE","TRUE","TRUE","TRUE","TRUE"
"ex_9f283612","원암 인클라인 덤벨 프레스","TRAINING_EXERCISE","EXERCISE","NONE","NONE","NONE","SHOULDER_CARE",,"FALSE","FALSE","FALSE","FALSE","FALSE","TRUE"
"ex_a091b9fe","원레그 레그 프레스","TRAINING_EXERCISE","EXERCISE","GENERAL","NONE","NONE","NONE",,"FALSE","FALSE","FALSE","TRUE","FALSE","TRUE"
"ex_a12de111","A스킵","TRAINING_EXERCISE","EXERCISE","SUPPORTIVE","NONE","RECOVERY_STEP","CONDITIONING","ACCELERATION","FALSE","FALSE","TRUE","TRUE","TRUE","TRUE"
"ex_a12de4d2","B스킵","TRAINING_EXERCISE","EXERCISE","SUPPORTIVE","NONE","RECOVERY_STEP","CONDITIONING","ACCELERATION","FALSE","FALSE","TRUE","TRUE","TRUE","TRUE"
"ex_a1fc4533","파머스 캐리","TRAINING_EXERCISE","EXERCISE","SUPPORTIVE","NONE","NONE","GRIP_FOREARM",,"FALSE","FALSE","FALSE","TRUE","FALSE","TRUE"
"ex_a345e30b","캡틴체어 레그 레이즈","TRAINING_EXERCISE","EXERCISE","GENERAL","NONE","NONE","SHOULDER_CARE",,"FALSE","FALSE","FALSE","TRUE","FALSE","TRUE"
"ex_a3ddd8ac","라인 홉","TRAINING_EXERCISE","EXERCISE","SUPPORTIVE","NONE","JUMP_LANDING,RECOVERY_STEP","JUMP_LANDING","ACCELERATION|DECELERATION|FOOTWORK","FALSE","FALSE","TRUE","TRUE","TRUE","TRUE"
"ex_a4040be3","셔틀런","TRAINING_EXERCISE","EXERCISE","SUPPORTIVE","GENERAL_COURT_SPORT","MULTI_DIRECTION,FIRST_STEP,REACTION_RANDOM,DECELERATION,RECOVERY_STEP","FOOTWORK,REACTION,DECELERATION","ACCELERATION|DECELERATION|FOOTWORK|REACTION","FALSE","FALSE","TRUE","TRUE","TRUE","TRUE"
"ex_a412dd45","앙클링","TRAINING_EXERCISE","EXERCISE","SUPPORTIVE","NONE","JUMP_LANDING,RECOVERY_STEP","JUMP_LANDING","ACCELERATION","FALSE","FALSE","TRUE","TRUE","TRUE","TRUE"
"ex_a4350c0f","콘 드릴","TRAINING_EXERCISE","EXERCISE","SUPPORTIVE","GENERAL_COURT_SPORT","MULTI_DIRECTION,FIRST_STEP,REACTION_RANDOM,DECELERATION,RECOVERY_STEP","FOOTWORK,REACTION,DECELERATION","ACCELERATION|DECELERATION|FOOTWORK|REACTION","FALSE","FALSE","TRUE","TRUE","TRUE","TRUE"
"ex_a44ae2ca","플랭크","TRAINING_EXERCISE","EXERCISE","SUPPORTIVE","NONE","NONE","ANTI_ROTATION_STABILITY","DECELERATION|FOOTWORK","FALSE","FALSE","FALSE","TRUE","TRUE","TRUE"
"ex_a60496be","원암 리어델트 케이블 플라이","TRAINING_EXERCISE","EXERCISE","GENERAL","NONE","NONE","ANTI_ROTATION_STABILITY,SHOULDER_CARE",,"FALSE","FALSE","FALSE","TRUE","FALSE","TRUE"
"ex_a611010d","코사크 스쿼트","TRAINING_EXERCISE","EXERCISE","SUPPORTIVE","NONE","NONE","NONE","ACCELERATION|DECELERATION|FOOTWORK","FALSE","FALSE","FALSE","TRUE","TRUE","TRUE"
"ex_a61f1e96","인클라인 덤벨 프레스","TRAINING_EXERCISE","EXERCISE","NONE","NONE","NONE","NONE",,"FALSE","FALSE","FALSE","FALSE","FALSE","FALSE"
"ex_a61f307a","인클라인 덤벨 플라이","TRAINING_EXERCISE","EXERCISE","NONE","NONE","NONE","SHOULDER_CARE",,"FALSE","FALSE","FALSE","FALSE","FALSE","TRUE"
"ex_a76f20b6","시티드 원암 케이블 로우","TRAINING_EXERCISE","EXERCISE","SUPPORTIVE","NONE","NONE","NONE",,"FALSE","FALSE","FALSE","TRUE","FALSE","TRUE"
"ex_a8385c4a","코펜하겐 플랭크","TRAINING_EXERCISE","EXERCISE","SUPPORTIVE","NONE","NONE","ANTI_ROTATION_STABILITY","DECELERATION|FOOTWORK","FALSE","FALSE","FALSE","TRUE","TRUE","TRUE"
"ex_a9b52886","마운틴 클라이머","TRAINING_EXERCISE","EXERCISE","GENERAL","NONE","NONE","ANTI_ROTATION_STABILITY,SHOULDER_CARE","CONDITIONING","FALSE","FALSE","FALSE","TRUE","TRUE","TRUE"
"ex_a9e8859c","오버헤드 트라이셉스 익스텐션","TRAINING_EXERCISE","EXERCISE","NONE","NONE","NONE","ANTI_ROTATION_STABILITY,GRIP_FOREARM",,"FALSE","FALSE","FALSE","FALSE","FALSE","TRUE"
"ex_ab468462","레그 프레스","TRAINING_EXERCISE","EXERCISE","GENERAL","NONE","NONE","NONE",,"FALSE","FALSE","FALSE","TRUE","FALSE","TRUE"
"ex_ab918e2b","실내 자전거","TRAINING_EXERCISE","EXERCISE","GENERAL","GENERAL_CONDITIONING","RECOVERY_STEP","CONDITIONING","CONDITIONING","FALSE","FALSE","TRUE","TRUE","TRUE","TRUE"
"ex_ac7df636","고블릿 스쿼트","TRAINING_EXERCISE","EXERCISE","GENERAL","NONE","NONE","NONE",,"FALSE","FALSE","FALSE","TRUE","FALSE","TRUE"
"ex_aca9d312","러닝 풋살","SPORT_SESSION","SPORT_SESSION","NONE","OTHER_SPORT_SESSION","RECOVERY_STEP","CONDITIONING",,"FALSE","FALSE","TRUE","FALSE","FALSE","TRUE"
"ex_ae9ecdbc","배드민턴","SPORT_SESSION","SPORT_SESSION","DIRECT","BADMINTON_MATCH|BADMINTON_RALLY|BADMINTON_DIRECT_TRANSFER","MULTI_DIRECTION,FIRST_STEP,RECOVERY_STEP","FOOTWORK,CONDITIONING","ACCELERATION|CONDITIONING|DECELERATION|FOOTWORK|REACTION","TRUE","TRUE","FALSE","FALSE","FALSE","TRUE"
"ex_b076570e","원암 케이블 래터럴 레이즈","TRAINING_EXERCISE","EXERCISE","GENERAL","NONE","NONE","ANTI_ROTATION_STABILITY,SHOULDER_CARE",,"FALSE","FALSE","FALSE","TRUE","FALSE","TRUE"
"ex_b3f447be","행잉 레그 레이즈","TRAINING_EXERCISE","EXERCISE","GENERAL","NONE","NONE","ANTI_ROTATION_STABILITY,GRIP_FOREARM",,"FALSE","FALSE","FALSE","TRUE","FALSE","TRUE"
"ex_b4b198de","래터럴 런지","TRAINING_EXERCISE","EXERCISE","SUPPORTIVE","NONE","NONE","NONE","ACCELERATION|DECELERATION|FOOTWORK","FALSE","FALSE","FALSE","TRUE","TRUE","TRUE"
"ex_b59bed7d","스탠딩 레그 컬","TRAINING_EXERCISE","EXERCISE","GENERAL","NONE","NONE","NONE",,"FALSE","FALSE","FALSE","TRUE","FALSE","TRUE"
"ex_b69ab702","크로스바디 해머 컬","TRAINING_EXERCISE","EXERCISE","GENERAL","NONE","NONE","GRIP_FOREARM",,"FALSE","FALSE","FALSE","TRUE","FALSE","TRUE"
"ex_b76d3f92","케이블 래터럴 레이즈","TRAINING_EXERCISE","EXERCISE","GENERAL","NONE","NONE","ANTI_ROTATION_STABILITY,SHOULDER_CARE",,"FALSE","FALSE","FALSE","TRUE","FALSE","TRUE"
"ex_b78a8f95","레그 익스텐션","TRAINING_EXERCISE","EXERCISE","GENERAL","NONE","NONE","NONE",,"FALSE","FALSE","FALSE","TRUE","FALSE","TRUE"
"ex_badminton_lesson","배드민턴 레슨","SPORT_SESSION","SPORT_SESSION","DIRECT","BADMINTON_LESSON|BADMINTON_DIRECT_TRANSFER","MULTI_DIRECTION,FIRST_STEP,RECOVERY_STEP","FOOTWORK,CONDITIONING","ACCELERATION|DECELERATION|FOOTWORK|REACTION","TRUE","TRUE","FALSE","FALSE","FALSE","TRUE"
"ex_bb4b4276","등받이 없는 덤벨 시티드 숄더프레스","TRAINING_EXERCISE","EXERCISE","GENERAL","NONE","NONE","SHOULDER_CARE",,"FALSE","FALSE","FALSE","TRUE","FALSE","TRUE"
"ex_bc84eb7f","6방향 랜덤 콕줍기","TRAINING_EXERCISE","EXERCISE","DIRECT","BADMINTON_LUNGE_REACH|BADMINTON_FOOTWORK|BADMINTON_DIRECT_TRANSFER","MULTI_DIRECTION,FIRST_STEP,REACTION_RANDOM,DECELERATION,RECOVERY_STEP","FOOTWORK,REACTION,DECELERATION,CONDITIONING","ACCELERATION|DECELERATION|FOOTWORK|LUNGE_REACH|REACTION","FALSE","FALSE","TRUE","TRUE","TRUE","TRUE"
"ex_bd072cd","스탠딩 카프 레이즈","TRAINING_EXERCISE","EXERCISE","SUPPORTIVE","NONE","NONE","NONE",,"FALSE","FALSE","FALSE","TRUE","FALSE","TRUE"
"ex_c1a81cb2","로프 해머 컬","TRAINING_EXERCISE","EXERCISE","GENERAL","NONE","NONE","GRIP_FOREARM",,"FALSE","FALSE","FALSE","TRUE","FALSE","TRUE"
"ex_c1bf2aa8","안세영 참고 고강도 랠리 풋워크","TRAINING_EXERCISE","EXERCISE","DIRECT","BADMINTON_MULTI_SHUTTLE|BADMINTON_RALLY|BADMINTON_DIRECT_TRANSFER","MULTI_DIRECTION,FIRST_STEP,REACTION_RANDOM,DECELERATION,RECOVERY_STEP","FOOTWORK,REACTION,DECELERATION","ACCELERATION|CONDITIONING|DECELERATION|FOOTWORK|REACTION","FALSE","FALSE","TRUE","TRUE","TRUE","TRUE"
"ex_c365e5e2","원암 스트레이트암 풀다운","TRAINING_EXERCISE","EXERCISE","NONE","NONE","NONE","ANTI_ROTATION_STABILITY",,"FALSE","FALSE","FALSE","FALSE","FALSE","FALSE"
"ex_c4535de3","스캡 푸시업","TRAINING_EXERCISE","EXERCISE","SUPPORTIVE","NONE","NONE","SHOULDER_CARE",,"FALSE","FALSE","FALSE","TRUE","FALSE","TRUE"
"ex_c4ea0a2a","스킵 바운드","TRAINING_EXERCISE","EXERCISE","SUPPORTIVE","NONE","JUMP_LANDING,RECOVERY_STEP","JUMP_LANDING","ACCELERATION","FALSE","FALSE","TRUE","TRUE","TRUE","TRUE"
"ex_c5043892","프론트 스쿼트","TRAINING_EXERCISE","EXERCISE","GENERAL","NONE","NONE","SHOULDER_CARE",,"FALSE","FALSE","FALSE","TRUE","FALSE","TRUE"
"ex_c536edc2","원암 케이블 숄더프레스","TRAINING_EXERCISE","EXERCISE","GENERAL","NONE","NONE","SHOULDER_CARE",,"FALSE","FALSE","FALSE","TRUE","FALSE","TRUE"
"ex_c5c2fdef","스트라이드","TRAINING_EXERCISE","EXERCISE","SUPPORTIVE","NONE","RECOVERY_STEP","CONDITIONING","ACCELERATION","FALSE","FALSE","TRUE","TRUE","TRUE","TRUE"
"ex_c5f4c242","랜덤 비프 풋워크","TRAINING_EXERCISE","EXERCISE","DIRECT","BADMINTON_FOOTWORK|BADMINTON_DIRECT_TRANSFER","MULTI_DIRECTION,FIRST_STEP,REACTION_RANDOM,DECELERATION,RECOVERY_STEP","FOOTWORK,REACTION,DECELERATION","ACCELERATION|DECELERATION|FOOTWORK|REACTION","FALSE","FALSE","TRUE","TRUE","TRUE","TRUE"
"ex_c62c0716","컨센트레이션 컬","TRAINING_EXERCISE","EXERCISE","GENERAL","NONE","NONE","GRIP_FOREARM",,"FALSE","FALSE","FALSE","TRUE","FALSE","TRUE"
"ex_c6d9efef","스플릿 스텝","TRAINING_EXERCISE","EXERCISE","DIRECT","BADMINTON_FOOTWORK|BADMINTON_DIRECT_TRANSFER","MULTI_DIRECTION,FIRST_STEP,REACTION_RANDOM,RECOVERY_STEP","FOOTWORK,REACTION","ACCELERATION|DECELERATION|FOOTWORK|REACTION","FALSE","FALSE","TRUE","TRUE","TRUE","TRUE"
"ex_c7977dfd","6코너 풋워크 최대반복 테스트","TRAINING_EXERCISE","EXERCISE","DIRECT","BADMINTON_MULTI_SHUTTLE|BADMINTON_RALLY|BADMINTON_DIRECT_TRANSFER","MULTI_DIRECTION,FIRST_STEP,REACTION_RANDOM,DECELERATION,RECOVERY_STEP","FOOTWORK,REACTION,DECELERATION,CONDITIONING","ACCELERATION|CONDITIONING|DECELERATION|FOOTWORK|REACTION","FALSE","FALSE","TRUE","TRUE","TRUE","TRUE"
"ex_c8bcf3ce","리버스 런지","TRAINING_EXERCISE","EXERCISE","SUPPORTIVE","NONE","NONE","NONE","ACCELERATION|DECELERATION|FOOTWORK","FALSE","FALSE","FALSE","TRUE","TRUE","TRUE"
"ex_ca5cce66","스트레이트암 풀다운","TRAINING_EXERCISE","EXERCISE","NONE","NONE","NONE","ANTI_ROTATION_STABILITY",,"FALSE","FALSE","FALSE","FALSE","FALSE","FALSE"
"ex_cb3c4dc2","맨몸 스쿼트","TRAINING_EXERCISE","EXERCISE","GENERAL","NONE","NONE","NONE",,"FALSE","FALSE","FALSE","TRUE","FALSE","TRUE"
"ex_d20b7487","라잉 트라이셉스 익스텐션","TRAINING_EXERCISE","EXERCISE","NONE","NONE","NONE","GRIP_FOREARM,SHOULDER_CARE",,"FALSE","FALSE","FALSE","FALSE","FALSE","TRUE"
"ex_d5048362","인클라인 덤벨 컬","TRAINING_EXERCISE","EXERCISE","GENERAL","NONE","NONE","GRIP_FOREARM",,"FALSE","FALSE","FALSE","TRUE","FALSE","TRUE"
"ex_d5bdffe1","데드버그","TRAINING_EXERCISE","EXERCISE","SUPPORTIVE","NONE","NONE","ANTI_ROTATION_STABILITY","DECELERATION|FOOTWORK","FALSE","FALSE","FALSE","TRUE","TRUE","TRUE"
"ex_d60745b4","원레그 레그 익스텐션","TRAINING_EXERCISE","EXERCISE","GENERAL","NONE","NONE","NONE",,"FALSE","FALSE","FALSE","TRUE","FALSE","TRUE"
"ex_d6726746","드롭 점프","TRAINING_EXERCISE","EXERCISE","SUPPORTIVE","NONE","JUMP_LANDING,RECOVERY_STEP","JUMP_LANDING","ACCELERATION|DECELERATION|FOOTWORK|REACTION","FALSE","FALSE","TRUE","TRUE","TRUE","TRUE"
"ex_d67e5761","피스톨 스쿼트","TRAINING_EXERCISE","EXERCISE","SUPPORTIVE","NONE","NONE","NONE","ACCELERATION|DECELERATION|FOOTWORK","FALSE","FALSE","FALSE","TRUE","TRUE","TRUE"
"ex_d7c90536","로잉머신","TRAINING_EXERCISE","EXERCISE","GENERAL","GENERAL_CONDITIONING","RECOVERY_STEP","CONDITIONING","CONDITIONING","FALSE","FALSE","TRUE","TRUE","TRUE","TRUE"
"ex_d9084b5e","원암 인버티드 로우","TRAINING_EXERCISE","EXERCISE","GENERAL","NONE","NONE","SHOULDER_CARE",,"FALSE","FALSE","FALSE","TRUE","FALSE","TRUE"
"ex_d9e141e4","박스 점프","TRAINING_EXERCISE","EXERCISE","SUPPORTIVE","NONE","JUMP_LANDING,RECOVERY_STEP","JUMP_LANDING","ACCELERATION|DECELERATION|FOOTWORK|REACTION","FALSE","FALSE","TRUE","TRUE","TRUE","TRUE"
"ex_da56a4fe","덤벨 킥백","TRAINING_EXERCISE","EXERCISE","NONE","NONE","NONE","ANTI_ROTATION_STABILITY",,"FALSE","FALSE","FALSE","FALSE","FALSE","FALSE"
"ex_dc9e5953","랫풀다운","TRAINING_EXERCISE","EXERCISE","GENERAL","NONE","NONE","NONE",,"FALSE","FALSE","FALSE","TRUE","FALSE","TRUE"
"ex_dd16e07a","스트레칭","TRAINING_EXERCISE","EXERCISE","NONE","NONE","NONE","NONE",,"FALSE","FALSE","FALSE","FALSE","FALSE","FALSE"
"ex_dd2f732e","리버스 컬","TRAINING_EXERCISE","EXERCISE","GENERAL","NONE","NONE","GRIP_FOREARM",,"FALSE","FALSE","FALSE","TRUE","FALSE","TRUE"
"ex_de46b7f6","바벨 로우","TRAINING_EXERCISE","EXERCISE","GENERAL","NONE","NONE","NONE",,"FALSE","FALSE","FALSE","TRUE","FALSE","TRUE"
"ex_debf6a8b","다이아몬드 푸시업","TRAINING_EXERCISE","EXERCISE","GENERAL","NONE","NONE","NONE",,"FALSE","FALSE","FALSE","TRUE","FALSE","TRUE"
"ex_deca2b61","벤치 딥스","TRAINING_EXERCISE","EXERCISE","NONE","NONE","NONE","SHOULDER_CARE",,"FALSE","FALSE","FALSE","FALSE","FALSE","TRUE"
"ex_df966b45","점프 런지","TRAINING_EXERCISE","EXERCISE","SUPPORTIVE","NONE","NONE","NONE","ACCELERATION|DECELERATION|FOOTWORK|REACTION","FALSE","FALSE","FALSE","TRUE","TRUE","TRUE"
"ex_e0b1e364","원암 덤벨 RDL","TRAINING_EXERCISE","EXERCISE","SUPPORTIVE","NONE","NONE","NONE","ACCELERATION|DECELERATION|FOOTWORK","FALSE","FALSE","FALSE","TRUE","TRUE","TRUE"
"ex_e159d15a","인버티드 로우","TRAINING_EXERCISE","EXERCISE","GENERAL","NONE","NONE","SHOULDER_CARE",,"FALSE","FALSE","FALSE","TRUE","FALSE","TRUE"
"ex_e1894690","스캡 풀업","TRAINING_EXERCISE","EXERCISE","SUPPORTIVE","NONE","NONE","SHOULDER_CARE",,"FALSE","FALSE","FALSE","TRUE","FALSE","TRUE"
"ex_e2efd0fe","불가리안 스플릿 스쿼트","TRAINING_EXERCISE","EXERCISE","SUPPORTIVE","NONE","NONE","NONE","ACCELERATION|DECELERATION|FOOTWORK","FALSE","FALSE","FALSE","TRUE","TRUE","TRUE"
"ex_e3715c0b","워킹 런지","TRAINING_EXERCISE","EXERCISE","SUPPORTIVE","NONE","NONE","NONE","ACCELERATION|DECELERATION|FOOTWORK","FALSE","FALSE","FALSE","TRUE","TRUE","TRUE"
"ex_e41e8dcf","중량 친업","TRAINING_EXERCISE","EXERCISE","GENERAL","NONE","NONE","GRIP_FOREARM",,"FALSE","FALSE","FALSE","TRUE","FALSE","TRUE"
"ex_e41f4c2b","중량 풀업","TRAINING_EXERCISE","EXERCISE","GENERAL","NONE","NONE","GRIP_FOREARM,SHOULDER_CARE",,"FALSE","FALSE","FALSE","TRUE","FALSE","TRUE"
"ex_e465d1e9","포고 점프","TRAINING_EXERCISE","EXERCISE","SUPPORTIVE","NONE","JUMP_LANDING,RECOVERY_STEP","JUMP_LANDING","ACCELERATION|DECELERATION|FOOTWORK","FALSE","FALSE","TRUE","TRUE","TRUE","TRUE"
"ex_e4f911bb","네거티브 풀업","TRAINING_EXERCISE","EXERCISE","GENERAL","NONE","NONE","GRIP_FOREARM,SHOULDER_CARE",,"FALSE","FALSE","FALSE","TRUE","FALSE","TRUE"
"ex_e709eeda","케이블 컬","TRAINING_EXERCISE","EXERCISE","GENERAL","NONE","NONE","GRIP_FOREARM",,"FALSE","FALSE","FALSE","TRUE","FALSE","TRUE"
"ex_e8ff8cfa","밴드 외회전","TRAINING_EXERCISE","EXERCISE","SUPPORTIVE","NONE","NONE","ANTI_ROTATION_STABILITY,SHOULDER_CARE",,"FALSE","FALSE","FALSE","TRUE","FALSE","TRUE"
"ex_e994008a","프리처 컬","TRAINING_EXERCISE","EXERCISE","GENERAL","NONE","NONE","GRIP_FOREARM",,"FALSE","FALSE","FALSE","TRUE","FALSE","TRUE"
"ex_e9e97659","핵 스쿼트","TRAINING_EXERCISE","EXERCISE","GENERAL","NONE","NONE","NONE",,"FALSE","FALSE","FALSE","TRUE","FALSE","TRUE"
"ex_eaea872c","힙 어덕션","TRAINING_EXERCISE","EXERCISE","SUPPORTIVE","NONE","JUMP_LANDING,RECOVERY_STEP","JUMP_LANDING",,"FALSE","FALSE","TRUE","TRUE","FALSE","TRUE"
"ex_eb636bac","원암 케이블 오버헤드 트라이셉스 익스텐션","TRAINING_EXERCISE","EXERCISE","NONE","NONE","NONE","ANTI_ROTATION_STABILITY,GRIP_FOREARM,SHOULDER_CARE",,"FALSE","FALSE","FALSE","FALSE","FALSE","TRUE"
"ex_ee378da7","스케이터 스쿼트","TRAINING_EXERCISE","EXERCISE","SUPPORTIVE","NONE","NONE","NONE","ACCELERATION|DECELERATION|FOOTWORK","FALSE","FALSE","FALSE","TRUE","TRUE","TRUE"
"ex_f1d31d3d","원레그 핵 스쿼트","TRAINING_EXERCISE","EXERCISE","GENERAL","NONE","NONE","NONE",,"FALSE","FALSE","FALSE","TRUE","FALSE","TRUE"
"ex_f2a79d37","스플릿 스쿼트","TRAINING_EXERCISE","EXERCISE","SUPPORTIVE","NONE","NONE","NONE","ACCELERATION|DECELERATION|FOOTWORK","FALSE","FALSE","FALSE","TRUE","TRUE","TRUE"
"ex_f332aeab","월 드라이브","TRAINING_EXERCISE","EXERCISE","SUPPORTIVE","NONE","NONE","ANTI_ROTATION_STABILITY","ACCELERATION","FALSE","FALSE","FALSE","TRUE","TRUE","TRUE"
"ex_f459ad2a","메도우즈 로우","TRAINING_EXERCISE","EXERCISE","GENERAL","NONE","NONE","NONE",,"FALSE","FALSE","FALSE","TRUE","FALSE","TRUE"
"ex_f6703b06","덤벨 프로네이션/수피네이션","TRAINING_EXERCISE","EXERCISE","SUPPORTIVE","NONE","NONE","ANTI_ROTATION_STABILITY,GRIP_FOREARM",,"FALSE","FALSE","FALSE","TRUE","FALSE","TRUE"
"ex_f6d43398","사이드 플랭크","TRAINING_EXERCISE","EXERCISE","SUPPORTIVE","NONE","NONE","ANTI_ROTATION_STABILITY","DECELERATION|FOOTWORK","FALSE","FALSE","FALSE","TRUE","TRUE","TRUE"
"ex_f97a05ab","월 슬라이드","TRAINING_EXERCISE","EXERCISE","SUPPORTIVE","NONE","NONE","ANTI_ROTATION_STABILITY,SHOULDER_CARE",,"FALSE","FALSE","FALSE","TRUE","FALSE","TRUE"
"ex_fa2e73b3","핸드스탠드 푸시업","TRAINING_EXERCISE","EXERCISE","GENERAL","NONE","NONE","NONE",,"FALSE","FALSE","FALSE","TRUE","FALSE","TRUE"
"ex_fa31f7a6","케이블 로우","TRAINING_EXERCISE","EXERCISE","GENERAL","NONE","NONE","NONE",,"FALSE","FALSE","FALSE","TRUE","FALSE","TRUE"
"ex_fa3416f6","스미스 머신 스쿼트","TRAINING_EXERCISE","EXERCISE","GENERAL","NONE","NONE","NONE",,"FALSE","FALSE","FALSE","TRUE","FALSE","TRUE"
"ex_fa34ddfe","케이블 킥백","TRAINING_EXERCISE","EXERCISE","GENERAL","NONE","NONE","ANTI_ROTATION_STABILITY",,"FALSE","FALSE","FALSE","TRUE","FALSE","TRUE"
"ex_fa570291","트라이셉스 푸시다운","TRAINING_EXERCISE","EXERCISE","NONE","NONE","NONE","GRIP_FOREARM",,"FALSE","FALSE","FALSE","FALSE","FALSE","TRUE"
"ex_faae2044","인터벌 러닝","TRAINING_EXERCISE","EXERCISE","GENERAL","GENERAL_CONDITIONING","RECOVERY_STEP","CONDITIONING","CONDITIONING","FALSE","FALSE","TRUE","TRUE","TRUE","TRUE"
"ex_fb67af37","디클라인 푸시업","TRAINING_EXERCISE","EXERCISE","GENERAL","NONE","NONE","SHOULDER_CARE",,"FALSE","FALSE","FALSE","TRUE","FALSE","TRUE"
"ex_fdbdf454","원암 덤벨 오버헤드 트라이셉스 익스텐션","TRAINING_EXERCISE","EXERCISE","NONE","NONE","NONE","ANTI_ROTATION_STABILITY,GRIP_FOREARM,SHOULDER_CARE",,"FALSE","FALSE","FALSE","FALSE","FALSE","TRUE"
"ez_bar_lying_triceps_extension","EZ바 라잉 트라이셉스 익스텐션","EXERCISE","EXERCISE","NONE","NONE","NONE","NONE",,"FALSE","FALSE","FALSE","FALSE","FALSE","TRUE"
"ez_bar_preacher_curl","EZ바 프리처 컬","EXERCISE","EXERCISE","GENERAL","NONE","NONE","GENERAL_STRENGTH_SUPPORTIVE",,"FALSE","FALSE","FALSE","TRUE","FALSE","TRUE"
"ez_bar_reverse_curl","EZ바 리버스 컬","EXERCISE","EXERCISE","GENERAL","NONE","NONE","GENERAL_STRENGTH_SUPPORTIVE",,"FALSE","FALSE","FALSE","TRUE","FALSE","TRUE"
"ez_bar_spider_curl","EZ바 스파이더 컬","EXERCISE","EXERCISE","GENERAL","NONE","NONE","GENERAL_STRENGTH_SUPPORTIVE",,"FALSE","FALSE","FALSE","TRUE","FALSE","TRUE"
"face_pull","페이스풀","TRAINING_EXERCISE","EXERCISE","SUPPORTIVE","NONE","NONE","ANTI_ROTATION_STABILITY,SHOULDER_CARE",,"FALSE","FALSE","FALSE","TRUE","FALSE","TRUE"
"gymnastic_ring_inverted_row","짐내스틱 링 인버티드 로우","EXERCISE","EXERCISE","GENERAL","NONE","NONE","GENERAL_STRENGTH_SUPPORTIVE",,"FALSE","FALSE","FALSE","TRUE","FALSE","TRUE"
"half_kneeling_single_arm_dumbbell_press","하프 닐링 원암 덤벨 프레스","TRAINING_EXERCISE","EXERCISE","SUPPORTIVE","NONE","NONE","SHOULDER_CARE",,"FALSE","FALSE","FALSE","TRUE","FALSE","TRUE"
"half_kneeling_single_arm_kettlebell_press","하프 닐링 원암 케틀벨 프레스","TRAINING_EXERCISE","EXERCISE","SUPPORTIVE","NONE","NONE","GRIP_FOREARM,SHOULDER_CARE",,"FALSE","FALSE","FALSE","TRUE","FALSE","TRUE"
"hip_adduction_machine","힙 어덕션 머신","EXERCISE","EXERCISE","SUPPORTIVE","NONE","JUMP_LANDING,RECOVERY_STEP","LOWER_BODY_SUPPORTIVE","ACCELERATION|DECELERATION|FOOTWORK","FALSE","FALSE","TRUE","TRUE","TRUE","TRUE"
"kettlebell_farmer_carry","케틀벨 파머스 캐리","EXERCISE","EXERCISE","SUPPORTIVE","NONE","NONE","CORE_STABILITY_SUPPORTIVE","DECELERATION|FOOTWORK","FALSE","FALSE","FALSE","TRUE","TRUE","TRUE"
"kettlebell_goblet_squat","케틀벨 고블릿 스쿼트","EXERCISE","EXERCISE","GENERAL","NONE","NONE","GENERAL_STRENGTH_SUPPORTIVE",,"FALSE","FALSE","FALSE","TRUE","FALSE","TRUE"
"kettlebell_halo","케틀벨 헤일로","TRAINING_EXERCISE","EXERCISE","SUPPORTIVE","NONE","NONE","ANTI_ROTATION_STABILITY,GRIP_FOREARM,SHOULDER_CARE",,"FALSE","FALSE","FALSE","TRUE","FALSE","TRUE"
"kettlebell_single_leg_rdl","케틀벨 원레그 루마니안 데드리프트","EXERCISE","EXERCISE","SUPPORTIVE","NONE","NONE","LOWER_BODY_SUPPORTIVE","ACCELERATION|DECELERATION|FOOTWORK","FALSE","FALSE","FALSE","TRUE","TRUE","TRUE"
"landmine_anti_rotation","랜드마인 안티로테이션","TRAINING_EXERCISE","EXERCISE","SUPPORTIVE","NONE","NONE","ANTI_ROTATION_STABILITY,GRIP_FOREARM,SHOULDER_CARE","ANTI_ROTATION","FALSE","FALSE","FALSE","TRUE","TRUE","TRUE"
"landmine_rotation","랜드마인 좌우 회전","TRAINING_EXERCISE","EXERCISE","SUPPORTIVE","NONE","NONE","ROTATION_POWER,GRIP_FOREARM,SHOULDER_CARE","ROTATION_GENERATION","FALSE","FALSE","FALSE","TRUE","TRUE","TRUE"
"lateral_bound_continuous","래터럴 바운드","TRAINING_EXERCISE","EXERCISE","SUPPORTIVE","NONE","JUMP_LANDING,RECOVERY_STEP","JUMP_LANDING","ACCELERATION|DECELERATION|FOOTWORK|REACTION","FALSE","FALSE","TRUE","TRUE","TRUE","TRUE"
"med_ball_chest_pass","메디신볼 체스트 패스","TRAINING_EXERCISE","EXERCISE","SUPPORTIVE","NONE","NONE","SHOULDER_CARE",,"FALSE","FALSE","FALSE","TRUE","FALSE","TRUE"
"med_ball_overhead_slam","메디신볼 위에서 아래로 슬램","TRAINING_EXERCISE","EXERCISE","SUPPORTIVE","NONE","NONE","ANTI_ROTATION_STABILITY,GRIP_FOREARM,SHOULDER_CARE",,"FALSE","FALSE","FALSE","TRUE","FALSE","TRUE"
"med_ball_rotational_scoop_toss","메디신볼 로테이셔널 스쿱 토스","TRAINING_EXERCISE","EXERCISE","SUPPORTIVE","NONE","NONE","ROTATION_POWER,GRIP_FOREARM,SHOULDER_CARE","ROTATION_GENERATION","FALSE","FALSE","FALSE","TRUE","TRUE","TRUE"
"med_ball_rotational_slam","메디신볼 회전 아래로 슬램","TRAINING_EXERCISE","EXERCISE","SUPPORTIVE","NONE","NONE","ROTATION_POWER,GRIP_FOREARM,SHOULDER_CARE","ROTATION_GENERATION","FALSE","FALSE","FALSE","TRUE","TRUE","TRUE"
"medicine_ball_rotational_throw","메디신볼 회전 옆으로 던지기","TRAINING_EXERCISE","EXERCISE","SUPPORTIVE","NONE","NONE","ROTATION_POWER,GRIP_FOREARM,SHOULDER_CARE","ROTATION_GENERATION","FALSE","FALSE","FALSE","TRUE","TRUE","TRUE"
"medicine_ball_three_step_acceleration_throw","메디신볼 3스텝 가속 던지기","TRAINING_EXERCISE","EXERCISE","SUPPORTIVE","NONE","NONE","ACCELERATION,ROTATION_POWER,GRIP_FOREARM,SHOULDER_CARE","ACCELERATION|FOOTWORK|ROTATION_GENERATION","FALSE","FALSE","TRUE","TRUE","TRUE","TRUE"
"medicine_ball_three_step_deceleration_throw","메디신볼 3스텝 감속 던지기","TRAINING_EXERCISE","EXERCISE","SUPPORTIVE","NONE","DECELERATION,RECOVERY_STEP","DECELERATION,ROTATION_POWER,GRIP_FOREARM,SHOULDER_CARE","DECELERATION|FOOTWORK|ROTATION_GENERATION","FALSE","FALSE","TRUE","TRUE","TRUE","TRUE"
"one_arm_gymnastic_ring_row","짐내스틱 링 원암 로우","EXERCISE","EXERCISE","GENERAL","NONE","NONE","GENERAL_STRENGTH_SUPPORTIVE",,"FALSE","FALSE","FALSE","TRUE","FALSE","TRUE"
"one_arm_suspension_trainer_row","서스펜션 트레이너 원암 로우","EXERCISE","EXERCISE","GENERAL","NONE","NONE","GENERAL_STRENGTH_SUPPORTIVE",,"FALSE","FALSE","FALSE","TRUE","FALSE","TRUE"
"plate_rotational_press_out","플레이트 로테이셔널 프레스아웃","TRAINING_EXERCISE","EXERCISE","SUPPORTIVE","NONE","NONE","ANTI_ROTATION_STABILITY,GRIP_FOREARM,SHOULDER_CARE","ANTI_ROTATION","FALSE","FALSE","FALSE","TRUE","TRUE","TRUE"
"pull_up","풀업","TRAINING_EXERCISE","EXERCISE","GENERAL","NONE","NONE","NONE",,"FALSE","FALSE","FALSE","TRUE","FALSE","TRUE"
"single_leg_hip_bridge","원레그 힙 브릿지","TRAINING_EXERCISE","EXERCISE","GENERAL","NONE","NONE","NONE",,"FALSE","FALSE","FALSE","TRUE","FALSE","TRUE"
"single_leg_rdl","원레그 루마니안 데드리프트","TRAINING_EXERCISE","EXERCISE","SUPPORTIVE","NONE","NONE","NONE",,"FALSE","FALSE","FALSE","TRUE","FALSE","TRUE"
"standing_bodyweight_calf_raise","맨몸 스탠딩 카프 레이즈","EXERCISE","EXERCISE","SUPPORTIVE","NONE","NONE","ANKLE_CALF_SSC_SUPPORTIVE","ACCELERATION|DECELERATION|FOOTWORK","FALSE","FALSE","FALSE","TRUE","TRUE","TRUE"
"standing_calf_raise_machine","스탠딩 카프 레이즈 머신","EXERCISE","EXERCISE","SUPPORTIVE","NONE","NONE","ANKLE_CALF_SSC_SUPPORTIVE","ACCELERATION|DECELERATION|FOOTWORK","FALSE","FALSE","FALSE","TRUE","TRUE","TRUE"
"standing_dumbbell_calf_raise","덤벨 스탠딩 카프 레이즈","EXERCISE","EXERCISE","SUPPORTIVE","NONE","NONE","ANKLE_CALF_SSC_SUPPORTIVE","ACCELERATION|DECELERATION|FOOTWORK","FALSE","FALSE","FALSE","TRUE","TRUE","TRUE"
"suspension_trainer_inverted_row","서스펜션 트레이너 인버티드 로우","EXERCISE","EXERCISE","GENERAL","NONE","NONE","GENERAL_STRENGTH_SUPPORTIVE",,"FALSE","FALSE","FALSE","TRUE","FALSE","TRUE"
"vipr_chop","바이퍼 회전 아래로","TRAINING_EXERCISE","EXERCISE","SUPPORTIVE","NONE","NONE","ROTATION_POWER,GRIP_FOREARM,SHOULDER_CARE","ROTATION_GENERATION","FALSE","FALSE","FALSE","TRUE","TRUE","TRUE"
"vipr_rotational_lift","바이퍼 회전 위로","TRAINING_EXERCISE","EXERCISE","SUPPORTIVE","NONE","NONE","ROTATION_POWER,GRIP_FOREARM,SHOULDER_CARE","ROTATION_GENERATION","FALSE","FALSE","FALSE","TRUE","TRUE","TRUE"
"vipr_rotational_press_out","바이퍼 로테이셔널 프레스아웃","TRAINING_EXERCISE","EXERCISE","SUPPORTIVE","NONE","NONE","ROTATION_POWER,GRIP_FOREARM,SHOULDER_CARE","ANTI_ROTATION|ROTATION_GENERATION","FALSE","FALSE","FALSE","TRUE","TRUE","TRUE"
"vipr_step_and_rotate","바이퍼 스텝 앤 로테이트","TRAINING_EXERCISE","EXERCISE","SUPPORTIVE","NONE","NONE","ROTATION_POWER,GRIP_FOREARM,SHOULDER_CARE","ROTATION_GENERATION","FALSE","FALSE","FALSE","TRUE","TRUE","TRUE"
