"stableKey","name","category","equipment","movementPattern","movementCategory","trainingRole","tissueProfileAction","metadataBasis"
"single_leg_rdl","원레그 루마니안 데드리프트","기능성운동","BARBELL|DUMBBELL|KETTLEBELL","HIP_HINGE|POSTERIOR_CHAIN_STRENGTH|UNILATERAL_LOWER|HIP_STABILITY_SUPPORT","STRENGTH","MAIN_STRENGTH","REBUILD","최종 동작 정의를 기준으로 신규 작성; 기존 4행의 태그 합산·평균 금지"
"ex_8633d8db","EZ바 컬","근력운동","EZ바","ELBOW_FLEXION|BICEPS_ACCESSORY|FOREARM_GRIP_SUPPORT","ACCESSORY","","",""
"ex_644e0f9d","V업","근력운동","맨몸","CORE_FLEXION|ANTERIOR_CORE|HIP_FLEXOR_ACCESSORY","ACCESSORY","","",""
"ex_8e4bf08e","Yates Row","근력운동","바벨","PULL_HORIZONTAL|BACK_STRENGTH|SCAPULAR_RETRACTION","STRENGTH","","",""
"ex_389920ab","글루트 브릿지","근력운동","바벨|맨몸","HIP_EXTENSION|GLUTE_STRENGTH|POSTERIOR_CHAIN_ACCESSORY","STRENGTH","","",""
"ex_e4f911bb","네거티브 풀업","근력운동","맨몸","PULL_VERTICAL|BACK_STRENGTH|SCAPULAR_CONTROL|ECCENTRIC_PULLING","STRENGTH","","",""
"ex_debf6a8b","다이아몬드 푸시업","근력운동","맨몸","PUSH_HORIZONTAL|CHEST_STRENGTH|TRICEPS_EMPHASIS","STRENGTH","","",""
"ex_93538692","덤벨 래터럴 레이즈","근력운동","덤벨","SHOULDER_ABDUCTION|SHOULDER_ISOLATION|SHOULDER_ACCESSORY","ACCESSORY","","",""
"dumbbell_romanian_deadlift","루마니안 덤벨 데드리프트","근력운동","DUMBBELL","HIP_HINGE|POSTERIOR_CHAIN_STRENGTH","STRENGTH","MAIN_STRENGTH","SPLIT_RECALIBRATE","덤벨 RDL 기존 프로필을 재검토해 덤벨 전용으로 정본화"
"ex_72f11dc5","덤벨 리스트 익스텐션","근력운동","덤벨","WRIST_FOREARM|FOREARM_ACCESSORY|GRIP_SUPPORT","ACCESSORY","","",""
"ex_95028bfe","덤벨 리스트 컬","근력운동","덤벨","ELBOW_FLEXION|BICEPS_ACCESSORY|FOREARM_GRIP_SUPPORT","ACCESSORY","","",""
"ex_3a7d3eda","덤벨 벤치프레스","근력운동","덤벨|벤치","PUSH_HORIZONTAL|CHEST_STRENGTH","STRENGTH","","",""
"ex_79f3bdbe","덤벨 숄더프레스","근력운동","덤벨","PUSH_VERTICAL|SHOULDER_STRENGTH|SCAPULAR_UPWARD_ROTATION","STRENGTH","","",""
"ex_704cbf1a","덤벨 스텝업","근력운동","덤벨|박스/스텝박스","KNEE_DOMINANT|LOWER_BODY_STRENGTH|UNILATERAL_LOWER|HIP_STABILITY_SUPPORT","STRENGTH","","",""
"ex_281347da","덤벨 컬","근력운동","덤벨","ELBOW_FLEXION|BICEPS_ACCESSORY|FOREARM_GRIP_SUPPORT","ACCESSORY","","",""
"ex_da56a4fe","덤벨 킥백","근력운동","덤벨","ELBOW_EXTENSION|TRICEPS_ISOLATION|ARM_ACCESSORY","ACCESSORY","","",""
"ex_708e64ce","덤벨 풀오버","근력운동","덤벨","SHOULDER_EXTENSION|LAT_ACCESSORY|SCAPULAR_CONTROL|CHEST_LAT_ACCESSORY","ACCESSORY","","",""
"ex_f6703b06","덤벨 프로네이션/수피네이션","근력운동","덤벨","WRIST_FOREARM|FOREARM_ACCESSORY|GRIP_SUPPORT|FOREARM_ROTATION","ACCESSORY","","",""
"barbell_deadlift","데드리프트","근력운동","바벨","HIP_HINGE|POSTERIOR_CHAIN_STRENGTH","STRENGTH","","",""
"ex_bb4b4276","등받이 없는 덤벨 시티드 숄더프레스","근력운동","덤벨","PUSH_VERTICAL|SHOULDER_STRENGTH|SCAPULAR_UPWARD_ROTATION","STRENGTH","","",""
"ex_fb67af37","디클라인 푸시업","근력운동","콘/마커|맨몸","PUSH_HORIZONTAL|CHEST_STRENGTH","STRENGTH","","",""
"ex_6463edad","딥스","근력운동","평행봉","PUSH_VERTICAL_SUPPORT|CHEST_TRICEPS_STRENGTH","STRENGTH","","",""
"ex_d20b7487","라잉 트라이셉스 익스텐션","근력운동","EZ바|덤벨","ELBOW_EXTENSION|TRICEPS_ISOLATION|ARM_ACCESSORY","ACCESSORY","","",""
"ex_b4b198de","래터럴 런지","근력운동","덤벨|맨몸","KNEE_DOMINANT|LOWER_BODY_STRENGTH|LUNGE_PATTERN|UNILATERAL_LOWER|FRONTAL_PLANE_LOWER|ADDUCTOR_GLUTE_SUPPORT","STRENGTH","","",""
"ex_dc9e5953","랫풀다운","근력운동","케이블|머신","PULL_VERTICAL|BACK_STRENGTH|SCAPULAR_CONTROL","STRENGTH","","",""
"ex_64644b5e","런지","근력운동","덤벨|맨몸","KNEE_DOMINANT|LOWER_BODY_STRENGTH|LUNGE_PATTERN|UNILATERAL_LOWER","STRENGTH","","",""
"ex_b78a8f95","레그 익스텐션","근력운동","레그익스텐션 머신","KNEE_EXTENSION|QUAD_ISOLATION","ACCESSORY","","",""
"ex_2822ec2e","레그 컬","근력운동","레그컬 머신","KNEE_FLEXION|HAMSTRING_STRENGTH","ACCESSORY","","",""
"ex_ab468462","레그 프레스","근력운동","레그프레스 머신","KNEE_DOMINANT|LOWER_BODY_STRENGTH","STRENGTH","","",""
"ex_c1a81cb2","로프 해머 컬","근력운동","케이블","ELBOW_FLEXION|BICEPS_ACCESSORY|FOREARM_GRIP_SUPPORT|BRACHIALIS_BRACHIORADIALIS","ACCESSORY","","",""
"barbell_romanian_deadlift","루마니안 바벨 데드리프트","근력운동","BARBELL","HIP_HINGE|POSTERIOR_CHAIN_STRENGTH","STRENGTH","MAIN_STRENGTH","SPLIT_RECALIBRATE","포괄 RDL에서 바벨 전용으로 분리"
"ex_70f19bf","리닝 래터럴 레이즈","근력운동","덤벨","SHOULDER_ABDUCTION|SHOULDER_ISOLATION|SHOULDER_ACCESSORY|UNILATERAL_UPPER","ACCESSORY","","",""
"ex_8a3800f1","리버스 노르딕 컬","근력운동","맨몸","KNEE_FLEXION|HAMSTRING_STRENGTH|ECCENTRIC_HAMSTRING|DECELERATION_SUPPORT","SUPPORT","","",""
"ex_c8bcf3ce","리버스 런지","근력운동","덤벨|맨몸","KNEE_DOMINANT|LOWER_BODY_STRENGTH|LUNGE_PATTERN|UNILATERAL_LOWER","STRENGTH","","",""
"ex_8e18b02a","리버스 리스트 컬","근력운동","바벨|덤벨","ELBOW_FLEXION|BICEPS_ACCESSORY|FOREARM_GRIP_SUPPORT","ACCESSORY","","",""
"ex_dd2f732e","리버스 컬","근력운동","EZ바|바벨","ELBOW_FLEXION|BICEPS_ACCESSORY|FOREARM_GRIP_SUPPORT|BRACHIALIS_BRACHIORADIALIS","ACCESSORY","","",""
"ex_7deabeba","리어델트 케이블 플라이","근력운동","케이블","SHOULDER_HORIZONTAL_ABDUCTION|REAR_DELTOID_ISOLATION|SHOULDER_ACCESSORY|SCAPULAR_RETRACTION","ACCESSORY","","",""
"ex_7176cbee","리어델트 플라이","근력운동","덤벨|케이블","SHOULDER_HORIZONTAL_ABDUCTION|REAR_DELTOID_ISOLATION|SHOULDER_ACCESSORY|SCAPULAR_RETRACTION","ACCESSORY","","",""
"ex_e2efd0fe","불가리안 스플릿 스쿼트","기능성운동","DUMBBELL|BENCH","KNEE_DOMINANT|LOWER_BODY_STRENGTH|SQUAT_PATTERN|UNILATERAL_LOWER|HIP_STABILITY_SUPPORT|DECELERATION_SUPPORT","STRENGTH","MAIN_STRENGTH","REBUILD_FROM_BOTH","두 기존 행의 유효 패턴을 통합하되 STRENGTH/MAIN_STRENGTH로 정본화"
"ex_282a9d87","링 로우","근력운동","TRX/링","PULL_HORIZONTAL|BACK_STRENGTH|SCAPULAR_RETRACTION|CORE_STABILITY_SUPPORT","STRENGTH","","",""
"ex_a9b52886","마운틴 클라이머","근력운동","맨몸","FULL_BODY_CONDITIONING|CORE_STABILITY|HIP_FLEXOR_ACCESSORY|SHOULDER_STABILITY_SUPPORT","CONDITIONING","","",""
"ex_cb3c4dc2","맨몸 스쿼트","근력운동","맨몸","KNEE_DOMINANT|LOWER_BODY_STRENGTH|SQUAT_PATTERN","STRENGTH","","",""
"ex_4aa3725a","머신 숄더프레스","근력운동","머신","PUSH_VERTICAL|SHOULDER_STRENGTH|SCAPULAR_UPWARD_ROTATION","STRENGTH","","",""
"ex_1dbee10e","머신 체스트프레스","근력운동","머신","PUSH_HORIZONTAL|CHEST_STRENGTH","STRENGTH","","",""
"ex_f459ad2a","메도우즈 로우","근력운동","랜드마인|바벨","PULL_HORIZONTAL|BACK_STRENGTH|SCAPULAR_RETRACTION|UNILATERAL_UPPER","STRENGTH","","",""
"ex_de46b7f6","바벨 로우","근력운동","바벨","PULL_HORIZONTAL|BACK_STRENGTH|SCAPULAR_RETRACTION","STRENGTH","","",""
"ex_e8ff8cfa","밴드 외회전","근력운동","밴드","SHOULDER_EXTERNAL_ROTATION|ROTATOR_CUFF_SUPPORT|SHOULDER_PREHAB","SUPPORT","","",""
"ex_28347c1f","버드독","근력운동","맨몸","CORE_STABILITY|ANTI_ROTATION|LUMBOPELVIC_CONTROL|CONTRALATERAL_COORDINATION","SUPPORT","","",""
"ex_deca2b61","벤치 딥스","근력운동","벤치","PUSH_VERTICAL_SUPPORT|TRICEPS_EMPHASIS|CHEST_ACCESSORY","STRENGTH","","",""
"barbell_bench_press","벤치프레스","근력운동","바벨|벤치","PUSH_HORIZONTAL|CHEST_STRENGTH","STRENGTH","","",""
"ex_284ecca6","슈퍼맨","근력운동","맨몸","SPINAL_EXTENSION|POSTERIOR_CHAIN_ACCESSORY|GLUTE_BACK_SUPPORT","ACCESSORY","","",""
"ex_1052e9fa","스미스 머신 런지","근력운동","스미스 머신","KNEE_DOMINANT|LOWER_BODY_STRENGTH|LUNGE_PATTERN|UNILATERAL_LOWER","STRENGTH","","",""
"ex_fa3416f6","스미스 머신 스쿼트","근력운동","스미스 머신","KNEE_DOMINANT|LOWER_BODY_STRENGTH|SQUAT_PATTERN","STRENGTH","","",""
"ex_e1894690","스캡 풀업","근력운동","맨몸","PULL_VERTICAL|BACK_STRENGTH|SCAPULAR_CONTROL","STRENGTH","","",""
"barbell_back_squat","스쿼트","근력운동","바벨","KNEE_DOMINANT|LOWER_BODY_STRENGTH|SQUAT_PATTERN","STRENGTH","","",""
"ex_b59bed7d","스탠딩 레그 컬","근력운동","레그컬 머신","KNEE_FLEXION|HAMSTRING_STRENGTH","ACCESSORY","","",""
"ex_bd072cd","스탠딩 카프 레이즈","근력운동","DUMBBELL|MACHINE","CALF_ANKLE_STRENGTH|ANKLE_STIFFNESS_SUPPORT","ACCESSORY","ACCESSORY","KEEP_CANONICAL","ex_bd072cd 유지"
"ex_ca5cce66","스트레이트암 풀다운","근력운동","케이블","SHOULDER_EXTENSION|LAT_ACCESSORY|SCAPULAR_CONTROL","ACCESSORY","","",""
"ex_516f4456","스파이더 컬","근력운동","EZ바|덤벨|벤치|콘/마커","ELBOW_FLEXION|BICEPS_ACCESSORY|FOREARM_GRIP_SUPPORT|BICEPS_ISOLATION_STRICT","ACCESSORY","","",""
"ex_f2a79d37","스플릿 스쿼트","근력운동","덤벨|맨몸","KNEE_DOMINANT|LOWER_BODY_STRENGTH|SQUAT_PATTERN|UNILATERAL_LOWER|HIP_STABILITY_SUPPORT","STRENGTH","","",""
"ex_a76f20b6","시티드 원암 케이블 로우","근력운동","케이블","PULL_HORIZONTAL|BACK_STRENGTH|SCAPULAR_RETRACTION|UNILATERAL_UPPER","STRENGTH","","",""
"ex_5c8751d2","시티드 카프 레이즈","근력운동","머신","CALF_ANKLE_STRENGTH|ANKLE_STIFFNESS_SUPPORT","ACCESSORY","","",""
"single_leg_hip_bridge","원레그 힙 브릿지","근력운동","BODYWEIGHT|BENCH","HIP_EXTENSION|GLUTE_STRENGTH|POSTERIOR_CHAIN_ACCESSORY|PELVIC_STABILITY|UNILATERAL_LOWER","SUPPORT","STABILITY","REBUILD","지지 높이를 허용하는 단일 동작으로 재정의"
"ex_d60745b4","원레그 레그 익스텐션","근력운동","LEG_EXTENSION_MACHINE","KNEE_EXTENSION|QUAD_ISOLATION|UNILATERAL_LOWER","ACCESSORY","ACCESSORY","KEEP_CANONICAL","stableKey와 메타데이터 유지, 표시명만 원레그로 변경"
"ex_8824026f","원레그 레그 컬","근력운동","LEG_CURL_MACHINE","KNEE_FLEXION|HAMSTRING_STRENGTH","ACCESSORY","PLYOMETRIC","KEEP_CANONICAL","stableKey와 메타데이터 유지, 표시명만 원레그로 변경"
"ex_5ca7133f","원레그 카프 레이즈","근력운동","DUMBBELL|BODYWEIGHT","CALF_ANKLE_STRENGTH|ANKLE_STIFFNESS_SUPPORT|UNILATERAL_LOWER","ACCESSORY","ACCESSORY","KEEP_CANONICAL","stableKey와 메타데이터 유지, 표시명만 원레그로 변경"
"ex_767e188e","아놀드 프레스","근력운동","덤벨","PUSH_VERTICAL|SHOULDER_STRENGTH|SCAPULAR_UPWARD_ROTATION","STRENGTH","","",""
"ex_73b0b63f","아처 푸시업","근력운동","맨몸","PUSH_HORIZONTAL|CHEST_STRENGTH|UNILATERAL_UPPER|ANTI_ROTATION_SUPPORT","STRENGTH","","",""
"ex_a9e8859c","오버헤드 트라이셉스 익스텐션","근력운동","덤벨|케이블","ELBOW_EXTENSION|TRICEPS_ISOLATION|ARM_ACCESSORY|OVERHEAD_ELBOW_EXTENSION|LONG_HEAD_TRICEPS","ACCESSORY","","",""
"ex_32219f7a","오버헤드 프레스","근력운동","바벨","PUSH_VERTICAL|SHOULDER_STRENGTH|SCAPULAR_UPWARD_ROTATION","STRENGTH","","",""
"ex_e3715c0b","워킹 런지","근력운동","덤벨|맨몸","KNEE_DOMINANT|LOWER_BODY_STRENGTH|LUNGE_PATTERN|UNILATERAL_LOWER","STRENGTH","","",""
"ex_a091b9fe","원레그 레그 프레스","근력운동","레그프레스 머신","KNEE_DOMINANT|LOWER_BODY_STRENGTH|UNILATERAL_LOWER|HIP_STABILITY_SUPPORT","STRENGTH","","",""
"ex_f1d31d3d","원레그 핵 스쿼트","근력운동","핵스쿼트 머신","KNEE_DOMINANT|LOWER_BODY_STRENGTH|SQUAT_PATTERN|UNILATERAL_LOWER|HIP_STABILITY_SUPPORT","STRENGTH","","",""
"ex_e0b1e364","원암 덤벨 RDL","근력운동","덤벨","HIP_HINGE|POSTERIOR_CHAIN_STRENGTH|UNILATERAL_LOWER|HIP_STABILITY_SUPPORT","STRENGTH","","",""
"ex_30a0e9aa","원암 덤벨 로우","근력운동","덤벨","PULL_HORIZONTAL|BACK_STRENGTH|SCAPULAR_RETRACTION|UNILATERAL_UPPER","STRENGTH","","",""
"ex_389e0556","원암 덤벨 벤치프레스","근력운동","덤벨|벤치","PUSH_HORIZONTAL|CHEST_STRENGTH|UNILATERAL_UPPER|ANTI_ROTATION_SUPPORT","STRENGTH","","",""
"ex_7814843a","원암 덤벨 숄더프레스","근력운동","덤벨","PUSH_VERTICAL|SHOULDER_STRENGTH|SCAPULAR_UPWARD_ROTATION|SHOULDER_STABILITY_SUPPORT|TRUNK_STABILITY_SUPPORT|UNILATERAL_UPPER","STRENGTH","","",""
"ex_fdbdf454","원암 덤벨 오버헤드 트라이셉스 익스텐션","근력운동","덤벨","ELBOW_EXTENSION|TRICEPS_ISOLATION|ARM_ACCESSORY|UNILATERAL_UPPER|OVERHEAD_ELBOW_EXTENSION|LONG_HEAD_TRICEPS","ACCESSORY","","",""
"ex_85b2ac56","원암 덤벨 컬","근력운동","덤벨","ELBOW_FLEXION|BICEPS_ACCESSORY|FOREARM_GRIP_SUPPORT|UNILATERAL_UPPER","ACCESSORY","","",""
"ex_32eb8457","원암 랫풀다운","근력운동","케이블","PULL_VERTICAL|BACK_STRENGTH|SCAPULAR_CONTROL|UNILATERAL_UPPER","STRENGTH","","",""
"ex_a60496be","원암 리어델트 케이블 플라이","근력운동","케이블","SHOULDER_HORIZONTAL_ABDUCTION|REAR_DELTOID_ISOLATION|SHOULDER_ACCESSORY|SCAPULAR_RETRACTION|UNILATERAL_UPPER","ACCESSORY","","",""
"ex_33d2da8e","원암 머신 로우","근력운동","머신","PULL_HORIZONTAL|BACK_STRENGTH|SCAPULAR_RETRACTION|UNILATERAL_UPPER","STRENGTH","","",""
"ex_c365e5e2","원암 스트레이트암 풀다운","근력운동","케이블","SHOULDER_EXTENSION|LAT_ACCESSORY|SCAPULAR_CONTROL","ACCESSORY","","",""
"ex_d9084b5e","원암 인버티드 로우","근력운동","TRX/링","PULL_HORIZONTAL|BACK_STRENGTH|SCAPULAR_RETRACTION|UNILATERAL_UPPER|CORE_STABILITY_SUPPORT","STRENGTH","","",""
"ex_9f283612","원암 인클라인 덤벨 프레스","근력운동","덤벨|콘/마커","PUSH_HORIZONTAL|CHEST_STRENGTH|UNILATERAL_UPPER|ANTI_ROTATION_SUPPORT","STRENGTH","","",""
"ex_b076570e","원암 케이블 래터럴 레이즈","근력운동","케이블","SHOULDER_ABDUCTION|SHOULDER_ISOLATION|SHOULDER_ACCESSORY|UNILATERAL_UPPER","ACCESSORY","","",""
"ex_c536edc2","원암 케이블 숄더프레스","근력운동","케이블","PUSH_VERTICAL|SHOULDER_STRENGTH|SCAPULAR_UPWARD_ROTATION|SHOULDER_STABILITY_SUPPORT|TRUNK_STABILITY_SUPPORT|UNILATERAL_UPPER","STRENGTH","","",""
"ex_3d5719de","원암 케이블 컬","근력운동","케이블","ELBOW_FLEXION|BICEPS_ACCESSORY|FOREARM_GRIP_SUPPORT|UNILATERAL_UPPER","ACCESSORY","","",""
"ex_5322f2d1","원암 케이블 트라이셉스 푸시다운","근력운동","CABLE","ELBOW_EXTENSION|TRICEPS_ISOLATION|ARM_ACCESSORY|UNILATERAL_UPPER","ACCESSORY","ACCESSORY","KEEP_CANONICAL","오버헤드 익스텐션과 별도 유지"
"ex_442617f6","원암 케이블 플라이","근력운동","케이블","CHEST_FLY|CHEST_ACCESSORY|SHOULDER_HORIZONTAL_ADDUCTION","ACCESSORY","","",""
"ex_40fa57be","원암 케이블 하이 로우","근력운동","케이블","PULL_HORIZONTAL|BACK_STRENGTH|SCAPULAR_RETRACTION|UNILATERAL_UPPER","STRENGTH","","",""
"ex_86323ed6","원암 해머 컬","근력운동","덤벨","ELBOW_FLEXION|BICEPS_ACCESSORY|FOREARM_GRIP_SUPPORT|BRACHIALIS_BRACHIORADIALIS|UNILATERAL_UPPER","ACCESSORY","","",""
"ex_64661229","월싯","근력운동","벽","KNEE_DOMINANT|LOWER_BODY_STRENGTH","STRENGTH","","",""
"ex_e159d15a","인버티드 로우","근력운동","TRX/링","PULL_HORIZONTAL|BACK_STRENGTH|SCAPULAR_RETRACTION|CORE_STABILITY_SUPPORT","STRENGTH","","",""
"ex_d5048362","인클라인 덤벨 컬","근력운동","덤벨|콘/마커","ELBOW_FLEXION|BICEPS_ACCESSORY|FOREARM_GRIP_SUPPORT","ACCESSORY","","",""
"ex_a61f1e96","인클라인 덤벨 프레스","근력운동","덤벨|콘/마커","PUSH_HORIZONTAL|CHEST_STRENGTH","STRENGTH","","",""
"ex_a61f307a","인클라인 덤벨 플라이","근력운동","덤벨|콘/마커","CHEST_FLY|CHEST_ACCESSORY|SHOULDER_HORIZONTAL_ADDUCTION","ACCESSORY","","",""
"ex_e41e8dcf","중량 친업","근력운동","덤벨","PULL_VERTICAL|BACK_STRENGTH|SCAPULAR_CONTROL|MAX_STRENGTH","STRENGTH","","",""
"ex_e41f4c2b","중량 풀업","근력운동","덤벨","PULL_VERTICAL|BACK_STRENGTH|SCAPULAR_CONTROL|MAX_STRENGTH","STRENGTH","","",""
"ex_8e51640a","체스트 서포티드 로우","근력운동","머신|벤치","PULL_HORIZONTAL|BACK_STRENGTH|SCAPULAR_RETRACTION","STRENGTH","","",""
"ex_6a966452","체스트 서포티드 원암 덤벨 로우","근력운동","덤벨|벤치|콘/마커","PULL_HORIZONTAL|BACK_STRENGTH|SCAPULAR_RETRACTION|UNILATERAL_UPPER","STRENGTH","","",""
"ex_462c760e","체스트 서포티드 원암 머신 로우","근력운동","MACHINE","PULL_HORIZONTAL|BACK_STRENGTH|SCAPULAR_RETRACTION|UNILATERAL_UPPER","STRENGTH","SECONDARY_STRENGTH","REBUILD_EQUIPMENT_AND_DESCRIPTION","덤벨 버전과 분리해 머신 전용으로 한정"
"ex_6466fe77","친업","근력운동","맨몸","PULL_VERTICAL|BACK_STRENGTH|SCAPULAR_CONTROL","STRENGTH","","",""
"ex_a345e30b","캡틴체어 레그 레이즈","근력운동","","CORE_FLEXION|ANTERIOR_CORE|HIP_FLEXOR_ACCESSORY","ACCESSORY","","",""
"ex_c62c0716","컨센트레이션 컬","근력운동","덤벨","ELBOW_FLEXION|BICEPS_ACCESSORY|FOREARM_GRIP_SUPPORT|BICEPS_ISOLATION_STRICT","ACCESSORY","","",""
"ex_b76d3f92","케이블 래터럴 레이즈","근력운동","케이블","SHOULDER_ABDUCTION|SHOULDER_ISOLATION|SHOULDER_ACCESSORY","ACCESSORY","","",""
"ex_fa31f7a6","케이블 로우","근력운동","케이블","PULL_HORIZONTAL|BACK_STRENGTH|SCAPULAR_RETRACTION","STRENGTH","","",""
"ex_3c3692aa","케이블 원암 로우","근력운동","케이블","PULL_HORIZONTAL|BACK_STRENGTH|SCAPULAR_RETRACTION|UNILATERAL_UPPER","STRENGTH","","",""
"ex_eb636bac","원암 케이블 오버헤드 트라이셉스 익스텐션","근력운동","CABLE","ELBOW_EXTENSION|TRICEPS_ISOLATION|ARM_ACCESSORY|UNILATERAL_UPPER|OVERHEAD_ELBOW_EXTENSION|LONG_HEAD_TRICEPS","ACCESSORY","ACCESSORY","REBUILD_DESCRIPTION_AND_PATTERN","사용 의도에 맞게 오버헤드 운동으로 명확화"
"ex_e709eeda","케이블 컬","근력운동","케이블","ELBOW_FLEXION|BICEPS_ACCESSORY|FOREARM_GRIP_SUPPORT","ACCESSORY","","",""
"ex_fa34ddfe","케이블 킥백","근력운동","케이블","HIP_EXTENSION|GLUTE_ISOLATION|POSTERIOR_CHAIN_ACCESSORY|UNILATERAL_LOWER","ACCESSORY","","",""
"ex_4c76dbb2","케이블 풀스루","근력운동","케이블","HIP_HINGE|POSTERIOR_CHAIN_STRENGTH","STRENGTH","","",""
"ex_4c779df2","케이블 플라이","근력운동","케이블","CHEST_FLY|CHEST_ACCESSORY|SHOULDER_HORIZONTAL_ADDUCTION","ACCESSORY","","",""
"ex_b69ab702","크로스바디 해머 컬","근력운동","덤벨","ELBOW_FLEXION|BICEPS_ACCESSORY|FOREARM_GRIP_SUPPORT|BRACHIALIS_BRACHIORADIALIS","ACCESSORY","","",""
"ex_27b3deb5","클로즈그립 벤치프레스","근력운동","바벨|벤치","PUSH_HORIZONTAL|CHEST_STRENGTH","STRENGTH","","",""
"ex_fa570291","트라이셉스 푸시다운","근력운동","케이블","ELBOW_EXTENSION|TRICEPS_ISOLATION|ARM_ACCESSORY","ACCESSORY","","",""
"ex_3caa236b","파이크 푸시업","근력운동","맨몸","PUSH_VERTICAL|SHOULDER_STRENGTH|SCAPULAR_UPWARD_ROTATION","STRENGTH","","",""
"face_pull","페이스풀","근력운동","케이블","SHOULDER_HORIZONTAL_ABDUCTION|REAR_DELTOID_ISOLATION|SHOULDER_ACCESSORY|SCAPULAR_RETRACTION|EXTERNAL_ROTATION_SUPPORT","ACCESSORY","","",""
"ex_28902b13","푸시업","근력운동","맨몸","PUSH_HORIZONTAL|CHEST_STRENGTH","STRENGTH","","",""
"pull_up","풀업","근력운동","맨몸","PULL_VERTICAL|BACK_STRENGTH|SCAPULAR_CONTROL","STRENGTH","","",""
"ex_c5043892","프론트 스쿼트","근력운동","바벨","KNEE_DOMINANT|LOWER_BODY_STRENGTH|SQUAT_PATTERN","STRENGTH","","",""
"ex_7ce96a7a","프론트풋 엘리베이티드 스플릿 스쿼트","근력운동","덤벨|박스/스텝박스","KNEE_DOMINANT|LOWER_BODY_STRENGTH|SQUAT_PATTERN|UNILATERAL_LOWER|HIP_STABILITY_SUPPORT","STRENGTH","","",""
"ex_e994008a","프리처 컬","근력운동","EZ바|덤벨","ELBOW_FLEXION|BICEPS_ACCESSORY|FOREARM_GRIP_SUPPORT|BICEPS_ISOLATION_STRICT","ACCESSORY","","",""
"ex_91b749b3","플랫 덤벨 플라이","근력운동","덤벨","CHEST_FLY|CHEST_ACCESSORY|SHOULDER_HORIZONTAL_ADDUCTION","ACCESSORY","","",""
"ex_2a826c82","할로우 바디 홀드","근력운동","맨몸","CORE_STABILITY|ANTI_EXTENSION|ANTERIOR_CORE","SUPPORT","","",""
"ex_2892da5a","해머 컬","근력운동","덤벨","ELBOW_FLEXION|BICEPS_ACCESSORY|FOREARM_GRIP_SUPPORT|BRACHIALIS_BRACHIORADIALIS","ACCESSORY","","",""
"ex_e9e97659","핵 스쿼트","근력운동","핵스쿼트 머신","KNEE_DOMINANT|LOWER_BODY_STRENGTH|SQUAT_PATTERN","STRENGTH","","",""
"ex_fa2e73b3","핸드스탠드 푸시업","근력운동","벽|맨몸","PUSH_VERTICAL|SHOULDER_STRENGTH|SCAPULAR_UPWARD_ROTATION","STRENGTH","","",""
"ex_b3f447be","행잉 레그 레이즈","근력운동","철봉/풀업바","CORE_FLEXION|ANTERIOR_CORE|HIP_FLEXOR_ACCESSORY","ACCESSORY","","",""
"ex_721f7b5b","힙 쓰러스트","근력운동","바벨","HIP_EXTENSION|GLUTE_STRENGTH|POSTERIOR_CHAIN_ACCESSORY","STRENGTH","","",""
"ex_eaea872c","힙 어덕션","근력운동","케이블|머신","HIP_STABILITY_SUPPORT|FRONTAL_PLANE_LOWER|ADDUCTOR_STRENGTH_SUPPORT","SUPPORT","","",""
"ex_728da646","힙 어브덕션","근력운동","힙어브덕션 머신|밴드","HIP_STABILITY_SUPPORT|FRONTAL_PLANE_LOWER|GLUTE_MED_SUPPORT","SUPPORT","","",""
"ex_91d8430b","30초 반복 스매시 테스트","기능성운동","콘/마커","BADMINTON_SKILL_TEST|OVERHEAD_POWER|ROTATIONAL_POWER|REPEATED_STRIKE_CAPACITY","SPORT_SPECIFIC","","",""
"ex_bc84eb7f","6방향 랜덤 콕줍기","기능성운동","콘/마커","FOOTWORK_DIRECT|CHANGE_OF_DIRECTION_DIRECT|DECELERATION_DIRECT|REACTION_AGILITY_DIRECT","AGILITY","","",""
"ex_33841b88","6코너 풋워크","기능성운동","CONE_MARKER","FOOTWORK_DIRECT|CHANGE_OF_DIRECTION_DIRECT|DECELERATION_DIRECT|REACTION_AGILITY_DIRECT","AGILITY","SPEED_REACTIVE","KEEP_CANONICAL","ex_33841b88 정본 프로필 유지"
"ex_c7977dfd","6코너 풋워크 최대반복 테스트","기능성운동","콘/마커","FOOTWORK_DIRECT|CHANGE_OF_DIRECTION_DIRECT|DECELERATION_DIRECT|REACTION_AGILITY_DIRECT","AGILITY","","",""
"ex_a12de111","A스킵","기능성운동","CONE_MARKER|BODYWEIGHT","RUNNING_DRILL|SPRINT_MECHANICS_SUPPORT|KNEE_DRIVE","RUNNING_DRILL","SPEED_REACTIVE","KEEP_CANONICAL","A스킵 정본 유지; 하이니는 속도 처방 alias"
"ex_a12de4d2","B스킵","기능성운동","콘/마커|맨몸","RUNNING_DRILL|SPRINT_MECHANICS_SUPPORT|HAMSTRING_SWING","RUNNING_DRILL","","",""
"ex_216351a1","가벼운 콕줍기","기능성운동","콘/마커","FOOTWORK_LIGHT|RECOVERY_MOVEMENT|LOW_INTENSITY_COORDINATION","AGILITY","","",""
"ex_ac7df636","고블릿 스쿼트","기능성운동","덤벨|케틀벨","KNEE_DOMINANT|LOWER_BODY_STRENGTH|SQUAT_PATTERN","SUPPORT","","",""
"ex_1cf51b6b","노르딕 햄스트링 컬","기능성운동","파트너/고정대","KNEE_FLEXION|HAMSTRING_STRENGTH|ECCENTRIC_HAMSTRING|DECELERATION_SUPPORT","SUPPORT","","",""
"ex_d5bdffe1","데드버그","기능성운동","맨몸","CORE_STABILITY|ANTI_EXTENSION|LUMBOPELVIC_CONTROL|CONTRALATERAL_COORDINATION","SUPPORT","","",""
"ex_d6726746","드롭 점프","기능성운동","박스/스텝박스","PLYOMETRIC_SSC|LOWER_BODY_POWER|LANDING_CONTROL_SUPPORT|LANDING_CONTROL_DIRECT","PLYOMETRIC","","",""
"ex_a3ddd8ac","라인 홉","기능성운동","콘/마커","ANKLE_STIFFNESS|PLYOMETRIC_SSC|LOW_LEVEL_HOP|LANDING_CONTROL_SUPPORT","PLYOMETRIC","","",""
"ex_34e7d21","래터럴 바운드 투 스틱","기능성운동","BODYWEIGHT","LATERAL_POWER|LATERAL_DECELERATION_DIRECT|LANDING_CONTROL_DIRECT|PLYOMETRIC_SSC|CHANGE_OF_DIRECTION_SUPPORT","PLYOMETRIC","PLYOMETRIC","KEEP_CANONICAL_REVIEW_DESCRIPTION","연속 래터럴 바운드와 분리 유지"
"lateral_bound_continuous","래터럴 바운드","기능성운동","BODYWEIGHT","LATERAL_POWER|PLYOMETRIC_SSC|CHANGE_OF_DIRECTION_SUPPORT|CONTINUOUS_REACTIVE_BOUNCE","PLYOMETRIC","PLYOMETRIC","REBUILD","잘못 생성된 imported 메타데이터를 폐기하고 연속 바운드로 신규 작성"
"ex_69a56484","래터럴 스텝다운","기능성운동","박스/스텝박스","KNEE_DOMINANT|LOWER_BODY_STRENGTH|UNILATERAL_LOWER|HIP_STABILITY_SUPPORT|FRONTAL_PLANE_LOWER|ADDUCTOR_GLUTE_SUPPORT","SUPPORT","","",""
"ex_64422511","랜덤 방향전환 드릴","기능성운동","콘/마커","FOOTWORK_DIRECT|CHANGE_OF_DIRECTION_DIRECT|DECELERATION_DIRECT|REACTION_AGILITY_DIRECT","AGILITY","","",""
"ex_c5f4c242","랜덤 비프 풋워크","기능성운동","콘/마커","FOOTWORK_DIRECT|CHANGE_OF_DIRECTION_DIRECT|DECELERATION_DIRECT|REACTION_AGILITY_DIRECT","AGILITY","","",""
"ex_1c7f2342","랜덤 풋워크","기능성운동","콘/마커","FOOTWORK_DIRECT|CHANGE_OF_DIRECTION_DIRECT|DECELERATION_DIRECT|REACTION_AGILITY_DIRECT","AGILITY","","",""
"ex_4773b6ea","린단 참고 트랙 스프린트","기능성운동","콘/마커","GENERAL_SUPPORT","SUPPORT","","",""
"ex_5004ca76","린단 참고 페이스 체인지 풋워크","기능성운동","콘/마커","FOOTWORK_DIRECT|CHANGE_OF_DIRECTION_DIRECT|DECELERATION_DIRECT|REACTION_AGILITY_DIRECT|PACE_CHANGE|ACCELERATION_DECELERATION_TRANSITION","AGILITY","","",""
"ex_752b45ae","멀티셔틀 풋워크","기능성운동","콘/마커","FOOTWORK_DIRECT|CHANGE_OF_DIRECTION_DIRECT|DECELERATION_DIRECT|REACTION_AGILITY_DIRECT|REPEAT_SPRINT_ABILITY|AEROBIC_ANAEROBIC","AGILITY","","",""
"med_ball_overhead_slam","메디신볼 위에서 아래로 슬램","기능성운동","MEDICINE_BALL","POWER|CORE_POWER|SHOULDER_EXTENSION_POWER","POWER","POWER","REBUILD","오버헤드 슬램 정의를 기준으로 정본화"
"ex_16b298db","미니밴드 사이드워크","기능성운동","밴드","HIP_STABILITY_SUPPORT|FRONTAL_PLANE_LOWER|GLUTE_MED_SUPPORT","SUPPORT","","",""
"vipr_chop","바이퍼 회전 아래로","기능성운동","VIPR","ROTATIONAL_POWER|TRUNK_ROTATION|CORE_POWER|BADMINTON_SUPPORT","POWER","POWER","REBUILD","방향을 위→아래로 명시해 새 정본 정의"
"ex_6232f4bc","박스 스텝업","기능성운동","박스/스텝박스","KNEE_DOMINANT|LOWER_BODY_STRENGTH|UNILATERAL_LOWER|HIP_STABILITY_SUPPORT","SUPPORT","","",""
"ex_d9e141e4","박스 점프","기능성운동","박스/스텝박스","PLYOMETRIC_SSC|LOWER_BODY_POWER|LANDING_CONTROL_SUPPORT","PLYOMETRIC","","",""
"ex_149730de","발목/고관절 가동성","기능성운동","맨몸","MOBILITY|RECOVERY_SUPPORT|ANKLE_HIP_MOBILITY","MOBILITY","","",""
"ex_3f184ef9","버피","기능성운동","맨몸","FULL_BODY_CONDITIONING|CARDIO|PLYOMETRIC_SUPPORT","CONDITIONING","","",""
"ex_9b132c23","사이드 스텝 후 정지","기능성운동","콘/마커","FOOTWORK_DIRECT|CHANGE_OF_DIRECTION_DIRECT|DECELERATION_DIRECT|REACTION_AGILITY_DIRECT|LATERAL_DECELERATION_DIRECT","AGILITY","","",""
"ex_f6d43398","사이드 플랭크","기능성운동","맨몸","CORE_STABILITY|ANTI_LATERAL_FLEXION|LUMBOPELVIC_CONTROL","SUPPORT","","",""
"ex_a4040be3","셔틀런","기능성운동","콘/마커","FOOTWORK_DIRECT|CHANGE_OF_DIRECTION_DIRECT|DECELERATION_DIRECT|REACTION_AGILITY_DIRECT","AGILITY","","",""
"ex_c4535de3","스캡 푸시업","기능성운동","맨몸","PUSH_HORIZONTAL|CHEST_STRENGTH","STRENGTH","","",""
"ex_ee378da7","스케이터 스쿼트","기능성운동","덤벨|맨몸","KNEE_DOMINANT|LOWER_BODY_STRENGTH|SQUAT_PATTERN|UNILATERAL_LOWER|HIP_STABILITY_SUPPORT|DECELERATION_SUPPORT","SUPPORT","","",""
"ex_c4ea0a2a","스킵 바운드","기능성운동","콘/마커|맨몸","RUNNING_DRILL|SPRINT_MECHANICS_SUPPORT|HORIZONTAL_POWER|PLYOMETRIC_SSC","RUNNING_DRILL","","",""
"ex_c5c2fdef","스트라이드","기능성운동","콘/마커","RUNNING_DRILL|SPRINT_MECHANICS_SUPPORT|ACCELERATION_SUPPORT|RUNNING_RHYTHM","RUNNING_DRILL","","",""
"ex_dd16e07a","스트레칭","기능성운동","맨몸","MOBILITY|RECOVERY_SUPPORT","MOBILITY","","",""
"ex_c6d9efef","스플릿 스텝","기능성운동","콘/마커|맨몸","SPLIT_STEP_DIRECT|REACTION_AGILITY_DIRECT|FIRST_STEP_SUPPORT","AGILITY","","",""
"ex_8e69fc74","스플릿 스텝 리액션","기능성운동","콘/마커","SPLIT_STEP_DIRECT|REACTION_AGILITY_DIRECT|FIRST_STEP_SUPPORT|CHANGE_OF_DIRECTION_DIRECT","AGILITY","","",""
"ex_377448a9","스플릿 스텝 후 좌우 런지","기능성운동","콘/마커","KNEE_DOMINANT|LOWER_BODY_STRENGTH|LUNGE_PATTERN|UNILATERAL_LOWER|HIP_STABILITY_SUPPORT|DECELERATION_SUPPORT","SUPPORT","","",""
"ex_85f12271","원레그 박스 스쿼트","기능성운동","BENCH|BOX","KNEE_DOMINANT|LOWER_BODY_STRENGTH|SQUAT_PATTERN|UNILATERAL_LOWER|HIP_STABILITY_SUPPORT","SUPPORT","STABILITY","KEEP_CANONICAL","stableKey와 메타데이터 유지, 표시명만 원레그로 변경"
"ex_314df428","원레그 홉 투 스틱","기능성운동","BODYWEIGHT","LANDING_CONTROL_DIRECT|DECELERATION_DIRECT|UNILATERAL_LOWER|PLYOMETRIC_SSC","PLYOMETRIC","PLYOMETRIC","KEEP_CANONICAL","ex_314df428 정본 프로필 유지, 이름만 원레그로 통일"
"ex_c1bf2aa8","안세영 참고 고강도 랠리 풋워크","기능성운동","콘/마커|파트너/고정대","FOOTWORK_DIRECT|CHANGE_OF_DIRECTION_DIRECT|DECELERATION_DIRECT|REACTION_AGILITY_DIRECT|REPEAT_SPRINT_ABILITY|AEROBIC_ANAEROBIC","AGILITY","","",""
"ex_a412dd45","앙클링","기능성운동","콘/마커|맨몸","ANKLE_STIFFNESS|PLYOMETRIC_SSC|RUNNING_DRILL","PLYOMETRIC","","",""
"ex_4255e429","앞뒤 랜덤 콕줍기","기능성운동","콘/마커","FOOTWORK_DIRECT|CHANGE_OF_DIRECTION_DIRECT|DECELERATION_DIRECT|REACTION_AGILITY_DIRECT","AGILITY","","",""
"ex_2055b629","애질리티 래더","기능성운동","콘/마커","FOOTWORK_DIRECT|CHANGE_OF_DIRECTION_DIRECT|DECELERATION_DIRECT|REACTION_AGILITY_DIRECT","AGILITY","","",""
"half_kneeling_single_arm_dumbbell_press","하프 닐링 원암 덤벨 프레스","기능성운동","DUMBBELL","PUSH_VERTICAL|SHOULDER_STRENGTH|SCAPULAR_UPWARD_ROTATION|SHOULDER_STABILITY_SUPPORT|TRUNK_STABILITY_SUPPORT|UNILATERAL_UPPER","SUPPORT","STABILITY","SPLIT_RECALIBRATE","포괄 프레스에서 덤벨 전용으로 분리"
"ex_f332aeab","월 드라이브","기능성운동","벽","RUNNING_DRILL|SPRINT_MECHANICS_SUPPORT|KNEE_DRIVE","RUNNING_DRILL","","",""
"ex_f97a05ab","월 슬라이드","기능성운동","벽","SCAPULAR_CONTROL|SHOULDER_PREHAB|SCAPULAR_UPWARD_ROTATION|SHOULDER_MOBILITY","SUPPORT","","",""
"ex_df966b45","점프 런지","기능성운동","맨몸","KNEE_DOMINANT|LOWER_BODY_STRENGTH|LUNGE_PATTERN|UNILATERAL_LOWER|PLYOMETRIC_SSC|LANDING_CONTROL_SUPPORT","SUPPORT","","",""
"ex_421ba24b","좌우 랜덤 콕줍기","기능성운동","콘/마커","FOOTWORK_DIRECT|CHANGE_OF_DIRECTION_DIRECT|DECELERATION_DIRECT|REACTION_AGILITY_DIRECT|LATERAL_DECELERATION_DIRECT","AGILITY","","",""
"ex_7404067c","케틀벨 스윙","기능성운동","케틀벨","HIP_HINGE|POSTERIOR_CHAIN_STRENGTH|HIP_POWER|BALLISTIC_HINGE","POWER","","",""
"ex_a611010d","코사크 스쿼트","기능성운동","케틀벨|맨몸","KNEE_DOMINANT|LOWER_BODY_STRENGTH|SQUAT_PATTERN|FRONTAL_PLANE_LOWER|ADDUCTOR_GLUTE_SUPPORT","SUPPORT","","",""
"ex_a8385c4a","코펜하겐 플랭크","기능성운동","벤치","CORE_STABILITY|ANTI_LATERAL_FLEXION|LUMBOPELVIC_CONTROL|ADDUCTOR_STRENGTH_SUPPORT","SUPPORT","","",""
"ex_a4350c0f","콘 드릴","기능성운동","콘/마커","FOOTWORK_DIRECT|CHANGE_OF_DIRECTION_DIRECT|DECELERATION_DIRECT|REACTION_AGILITY_DIRECT","AGILITY","","",""
"ex_91f6958d","터키시 겟업","기능성운동","케틀벨","FULL_BODY_COORDINATION|SHOULDER_STABILITY_SUPPORT|TRUNK_STABILITY_SUPPORT|HIP_MOBILITY","SUPPORT","","",""
"ex_a1fc4533","파머스 캐리","기능성운동","덤벨|케틀벨","LOADED_CARRY|GRIP_SUPPORT|TRUNK_STABILITY_SUPPORT|GAIT_STABILITY","SUPPORT","","",""
"ex_99728d25","팔로프 프레스","기능성운동","케이블|밴드","CORE_STABILITY|ANTI_ROTATION|TRUNK_CONTROL_SUPPORT","SUPPORT","","",""
"ex_e465d1e9","포고 점프","기능성운동","맨몸","ANKLE_STIFFNESS|PLYOMETRIC_SSC","PLYOMETRIC","","",""
"ex_a44ae2ca","플랭크","기능성운동","맨몸","CORE_STABILITY|ANTI_EXTENSION|ANTERIOR_CORE","SUPPORT","","",""
"ex_d67e5761","피스톨 스쿼트","기능성운동","맨몸","KNEE_DOMINANT|LOWER_BODY_STRENGTH|SQUAT_PATTERN|UNILATERAL_LOWER|HIP_STABILITY_SUPPORT","SUPPORT","","",""
"half_kneeling_single_arm_kettlebell_press","하프 닐링 원암 케틀벨 프레스","기능성운동","KETTLEBELL","PUSH_VERTICAL|SHOULDER_STRENGTH|SCAPULAR_UPWARD_ROTATION|SHOULDER_STABILITY_SUPPORT|TRUNK_STABILITY_SUPPORT|UNILATERAL_UPPER","SUPPORT","STABILITY","SPLIT_RECALIBRATE","포괄 프레스에서 케틀벨 전용으로 분리"
"ex_1a4858d7","농구","스포츠","맨몸","SPORT_SESSION|COURT_SPORT|JUMPING|CHANGE_OF_DIRECTION|AEROBIC_ANAEROBIC","SPORT","","",""
"ex_aca9d312","러닝 풋살","스포츠","맨몸","SPORT_SESSION|FIELD_SPORT|RUNNING|CHANGE_OF_DIRECTION|AEROBIC_ANAEROBIC","SPORT","","",""
"ex_ae9ecdbc","배드민턴","스포츠","맨몸","SPORT_SESSION|BADMINTON_DIRECT_PLAY|RACKET_SPORT|CHANGE_OF_DIRECTION|LUNGING|AEROBIC_ANAEROBIC","SPORT","","",""
"ex_badminton_lesson","배드민턴 레슨","스포츠","맨몸","SPORT_SESSION|BADMINTON_DIRECT_PLAY|RACKET_SPORT|CHANGE_OF_DIRECTION|LUNGING|AEROBIC_ANAEROBIC","SPORT","","",""
"ex_1a4bbdcf","축구","스포츠","맨몸","SPORT_SESSION|FIELD_SPORT|RUNNING|CHANGE_OF_DIRECTION|AEROBIC_ANAEROBIC","SPORT","","",""
"ex_2f3b56d0","테니스","스포츠","맨몸","SPORT_SESSION|RACKET_SPORT|ROTATION|CHANGE_OF_DIRECTION|AEROBIC_ANAEROBIC","SPORT","","",""
"ex_74c2d13b","계단 오르기","유산소운동","유산소장비/맨몸","CARDIO|STAIR_CLIMBING|KNEE_DOMINANT|LOWER_BODY_ENDURANCE","CARDIO","","",""
"ex_681d9ed2","러닝","유산소운동","유산소장비/맨몸","CARDIO|RUNNING","CARDIO","","",""
"ex_d7c90536","로잉머신","유산소운동","머신|로잉머신","CARDIO|ROWING|PULLING_ENDURANCE|HIP_HINGE_LIGHT","CARDIO","","",""
"ex_681eed4a","수영","유산소운동","유산소장비/맨몸","CARDIO|SWIMMING|SHOULDER_ENDURANCE","CARDIO","","",""
"ex_ab918e2b","실내 자전거","유산소운동","실내자전거","CARDIO|CYCLING|LOWER_BODY_ENDURANCE","CARDIO","","",""
"ex_faae2044","인터벌 러닝","유산소운동","유산소장비/맨몸","CARDIO|RUNNING|INTERVAL_RUNNING|ANAEROBIC_CONDITIONING","CARDIO","","",""
"ex_9bd6dddb","줄넘기","유산소운동","유산소장비/맨몸","CARDIO|JUMP_ROPE|ANKLE_STIFFNESS|PLYOMETRIC_SSC","CARDIO","","",""
"medicine_ball_rotational_throw","메디신볼 회전 옆으로 던지기","기능성운동","MEDICINE_BALL","ROTATIONAL_POWER|TRUNK_ROTATION|CORE_POWER|BADMINTON_SUPPORT","POWER","POWER","REBUILD_FROM_BOTH","두 동일 동작의 유효 supportive tag를 통합"
"med_ball_rotational_scoop_toss","메디신볼 로테이셔널 스쿱 토스","기능성운동","메디신볼","ROTATIONAL_POWER|TRUNK_ROTATION|CORE_POWER|BADMINTON_SUPPORT","POWER","","",""
"med_ball_rotational_slam","메디신볼 회전 아래로 슬램","기능성운동","MEDICINE_BALL","ROTATIONAL_POWER|TRUNK_ROTATION|CORE_POWER|BADMINTON_SUPPORT","POWER","POWER","REBUILD_FROM_BOTH","방향을 회전+아래로 명시하여 정본화"
"med_ball_chest_pass","메디신볼 체스트 패스","기능성운동","메디신볼","PUSH_HORIZONTAL|CHEST_STRENGTH|CORE_POWER|BADMINTON_SUPPORT","POWER","","",""
"medicine_ball_three_step_acceleration_throw","메디신볼 3스텝 가속 던지기","기능성운동","메디신볼","ROTATIONAL_POWER|CORE_POWER|BADMINTON_SUPPORT|ACCELERATION_DECELERATION_TRANSITION","POWER","","",""
"medicine_ball_three_step_deceleration_throw","메디신볼 3스텝 감속 던지기","기능성운동","메디신볼","DECELERATION_SUPPORT|ROTATIONAL_POWER|CORE_POWER|BADMINTON_SUPPORT","POWER","","",""
"cable_woodchop","케이블 우드찹","기능성운동","케이블","ROTATIONAL_POWER|TRUNK_ROTATION|CORE_POWER|BADMINTON_SUPPORT","SUPPORT","","",""
"cable_lift","케이블 리프트","기능성운동","케이블","ROTATIONAL_POWER|TRUNK_ROTATION|CORE_POWER|BADMINTON_SUPPORT","SUPPORT","","",""
"band_woodchop","밴드 우드찹","기능성운동","밴드","ROTATIONAL_POWER|TRUNK_ROTATION|CORE_POWER|BADMINTON_SUPPORT","SUPPORT","","",""
"band_lift","밴드 리프트","기능성운동","밴드","ROTATIONAL_POWER|TRUNK_ROTATION|CORE_POWER|BADMINTON_SUPPORT","SUPPORT","","",""
"landmine_rotation","랜드마인 좌우 회전","기능성운동","LANDMINE","ROTATIONAL_POWER|TRUNK_ROTATION|CORE_POWER|BADMINTON_SUPPORT","POWER","POWER","KEEP_CANONICAL_REVIEW","landmine_rotation 프로필을 유지하고 레인보우 설명의 어깨 안정 요소를 보완"
"landmine_anti_rotation","랜드마인 안티로테이션","기능성운동","랜드마인","ANTI_ROTATION_CORE|TRUNK_CONTROL|BADMINTON_SUPPORT","SUPPORT","","",""
"plate_rotational_press_out","플레이트 로테이셔널 프레스아웃","기능성운동","플레이트","ANTI_ROTATION_CORE|TRUNK_CONTROL|BADMINTON_SUPPORT","SUPPORT","","",""
"dumbbell_woodchop","덤벨 우드찹","기능성운동","덤벨","ROTATIONAL_POWER|TRUNK_ROTATION|CORE_POWER|BADMINTON_SUPPORT","SUPPORT","","",""
"kettlebell_halo","케틀벨 헤일로","기능성운동","케틀벨","MOBILITY|SCAPULAR_STABILITY|SHOULDER_CARE","MOBILITY","","",""
"vipr_rotational_lift","바이퍼 회전 위로","기능성운동","VIPR","ROTATIONAL_POWER|TRUNK_ROTATION|CORE_POWER|BADMINTON_SUPPORT","POWER","POWER","REBUILD","방향을 아래→위로 명시해 새 정본 정의"
"vipr_step_and_rotate","바이퍼 스텝 앤 로테이트","기능성운동","바이퍼","ROTATIONAL_POWER|TRUNK_ROTATION|CORE_POWER|BADMINTON_SUPPORT","POWER","","",""
"vipr_rotational_press_out","바이퍼 로테이셔널 프레스아웃","기능성운동","바이퍼","ROTATIONAL_POWER|TRUNK_ROTATION|CORE_POWER|BADMINTON_SUPPORT","SUPPORT","","",""
